beta,lambda_concentration,runs,pyvrp_cost_mean,pyvrp_cost_std,global_risk_mean,global_risk_std,global_cvar90_mean,global_cvar90_std,max_vehicle_risk_mean,max_vehicle_risk_std,max_vehicle_cvar90_mean,max_vehicle_cvar90_std,vehicle_risk_gini_mean,vehicle_risk_gini_std,risk_variance_mean,risk_variance_std,edge_burden_gini_used_mean,edge_burden_gini_used_std,top10_burden_share_mean,top10_burden_share_std,max_edge_burden_mean,max_edge_burden_std,cost_increase_pct,risk_reduction_pct
0.0,0.0,10,146730.9,582.7275807213293,8.003160241408272,0.6013521638709868,0.2539419007532178,0.02408274541160436,2.6253872782224787,0.44453568294629975,0.4157634600606703,0.10211365199080719,0.22339889970605994,0.04882737808406661,0.46757246052295887,0.22284051892389148,0.8815356424649515,0.005527687852544112,0.9054531878587693,0.00642989185372549,1.0626274824142456,0.33543772561161633,0.0,0.0
2.0,2.0,10,213520.2,924.0591371167155,2.172195409305462,0.07388334769142377,0.04517075400586653,0.0022405553667917653,0.9876860621552623,0.03804797029655428,0.11095443208421032,0.012469312422413172,0.3416311637402011,0.013908663915672694,0.08656870063493145,0.00750151820605117,0.7736077842511396,0.005531579304234659,0.7104374571738763,0.008639323533815788,0.6768922209739685,0.0,0.4551822417772945,0.7285827918242506
