beta,lambda_concentration,runs,pyvrp_cost_mean,pyvrp_cost_std,global_risk_mean,global_risk_std,global_cvar90_mean,global_cvar90_std,max_vehicle_risk_mean,max_vehicle_risk_std,max_vehicle_cvar90_mean,max_vehicle_cvar90_std,vehicle_risk_gini_mean,vehicle_risk_gini_std,risk_variance_mean,risk_variance_std,edge_burden_gini_used_mean,edge_burden_gini_used_std,top10_burden_share_mean,top10_burden_share_std,max_edge_burden_mean,max_edge_burden_std,cost_increase_pct,risk_reduction_pct
0.0,0.0,10,133997.5,0.7071067811865476,9.785296432692485,1.0093021266286593,0.21720578592694118,0.09232071649418173,3.1732638495182983,0.2931434081473045,0.42862081710023414,0.14991485643358493,0.2249662384232174,0.0530386687251265,0.7115517118657675,0.2961193192954798,0.8824629679839184,0.009780546938192981,0.9018078671319056,0.009613532050798462,1.5757212877273559,0.365160769642465,0.0,0.0
1.0,0.0,10,155956.6,422.0519188704421,3.009977397253897,0.28886952215951855,0.05296497235372162,0.005780076618062269,1.062072815393367,0.08411900404495223,0.10427692085504532,0.04295316871110458,0.2916885531800565,0.05311214828782693,0.10459132892116929,0.04434668645198775,0.7868679599868399,0.012979925256181569,0.7423656265954144,0.020637201228458704,0.646434485912323,0.0,0.16387693800257472,0.6923979341904949
2.0,0.0,10,166886.1,128.03250455342277,2.0996049887511616,0.3191438518592754,0.03145163296685768,0.008975853323267986,0.6174857132347824,0.07489293290838805,0.06764349295447271,0.032099453593076296,0.2168255562030968,0.03086853194157228,0.02780597573047262,0.0080139335379969,0.6987695674620997,0.04269675127121322,0.6187832716304752,0.06004866980414456,0.3606382519006729,0.11752625180197668,0.24544189257262267,0.785432663875444
