beta,lambda_concentration,runs,pyvrp_cost_mean,pyvrp_cost_std,global_risk_mean,global_risk_std,global_cvar90_mean,global_cvar90_std,max_vehicle_risk_mean,max_vehicle_risk_std,max_vehicle_cvar90_mean,max_vehicle_cvar90_std,vehicle_risk_gini_mean,vehicle_risk_gini_std,risk_variance_mean,risk_variance_std,edge_burden_gini_used_mean,edge_burden_gini_used_std,top10_burden_share_mean,top10_burden_share_std,max_edge_burden_mean,max_edge_burden_std,cost_increase_pct,risk_reduction_pct
0.0,0.0,10,133997.5,0.7071067811865476,7.510120756820834,0.7768526535231407,0.22224916200876796,0.050005081137681394,2.3325434228834636,0.4561801907226653,0.3948973717646939,0.1051036739740605,0.18000850405167687,0.06627917681299733,0.3027771087109667,0.22498133157450126,0.8688004187872471,0.009282866844281226,0.8890885527198131,0.010816741319918909,1.179552137851715,0.4213035784817474,0.0,0.0
1.0,0.0,10,157140.5,256.1441651362243,2.8386958867653447,0.21713179278384076,0.0716746593885716,0.011123566164211384,0.8921560333197703,0.06960488266885956,0.12182212173524831,0.01996946936976247,0.23312365866677975,0.05750130519212871,0.05942526526107147,0.021179060341909257,0.7796672165374845,0.015391428696490938,0.759544321784748,0.0217386157680591,0.399591851234436,0.010047872660385848,0.1727121774659975,0.6220172779262158
1.0,1.0,10,167216.5,302.74971327631164,2.0409005172507024,0.19587956424806535,0.041541872607085584,0.009882763307692109,0.6442277693327924,0.12844652656682845,0.0651415559106196,0.013478913379571815,0.2285681963299905,0.048604003938347774,0.031520915306440744,0.017567403795335074,0.7163279792372234,0.02307651687285527,0.6635828001764816,0.03307365766910861,0.3444025307893753,0.017716905125856754,0.2479076102166085,0.7282466443168911
