beta,lambda_concentration,runs,pyvrp_cost_mean,pyvrp_cost_std,global_risk_mean,global_risk_std,global_cvar90_mean,global_cvar90_std,max_vehicle_risk_mean,max_vehicle_risk_std,max_vehicle_cvar90_mean,max_vehicle_cvar90_std,vehicle_risk_gini_mean,vehicle_risk_gini_std,risk_variance_mean,risk_variance_std,edge_burden_gini_used_mean,edge_burden_gini_used_std,top10_burden_share_mean,top10_burden_share_std,max_edge_burden_mean,max_edge_burden_std,cost_increase_pct,risk_reduction_pct
0.0,0.0,3,133997.33333333334,0.5773502691896258,10.019145634529801,1.1502843385632755,0.2651305606859362,0.10949847611281154,3.0044638800124326,0.03385765371138285,0.4053314988811811,0.08062166288130344,0.14908255741389023,0.02887736254663903,0.4010730605855219,0.1505066791996342,0.8482964478561578,0.0017170391561751267,0.8826360844608666,0.0117013973229964,0.9999998807907104,0.0,0.0,0.0
1.0,0.0,3,159672.66666666666,9.237604307034013,4.077218358987011,0.002214552703332375,0.08628455208794027,0.007195310539185004,1.414013618719764,0.23821878233365423,0.17542557928849153,0.009114877858852724,0.23254041125120736,0.08432205112406749,0.13394281785235337,0.09968617211804365,0.7696641914258131,0.0012353619423955188,0.7723641465200267,0.0010977842019619772,0.6294655799865723,0.0,0.19161077832394657,0.593057281757044
