{
  "name": "stable_tail_eta0p3_splitB_seed5_10seed_floor_0p01",
  "base_risk_dir": "D:\\PyVRP-main\\hazmat_risk_experiments\\outputs_10seed\\risk_matrices\\gcn_teg_concat_splitB_seed5_epochs50_10seed_floor_0p01",
  "eta": 0.3,
  "definition": "S_tail = clip(S_norm + eta * P_high, 0, 1)",
  "summaries": [
    {
      "year": "data_2020",
      "eta": 0.3,
      "edge_count": 6603,
      "risk_mean": 0.02132040448486805,
      "risk_p95": 0.0790778174996376,
      "risk_p99": 0.5049999952316284,
      "risk_max": 1.0
    },
    {
      "year": "data_2021",
      "eta": 0.3,
      "edge_count": 7647,
      "risk_mean": 0.01652536727488041,
      "risk_p95": 0.06195845082402229,
      "risk_p99": 0.4880252182483673,
      "risk_max": 0.9999998807907104
    }
  ]
}