{
  "model": "teg_gnn",
  "split": "B",
  "seed": 9,
  "epochs": 50,
  "risk_mode": "exposure_floor",
  "exposure_delta": 0.01,
  "experiment_tag": "teg_low_tail_10seed",
  "alpha_ord": 0.3,
  "alpha_hr": 0.5,
  "alpha_topk": 0.1,
  "metrics": {
    "data_2020_train": {
      "macro_f1": 0.5822153265173623,
      "weighted_f1": 0.7563746861071156,
      "mae": 1.151738315831289,
      "qwk": 0.616406691196846,
      "recall_6_8": 0.625,
      "precision_6_8": 0.7142857142857143,
      "pr_auc_high": 0.7879802042648929,
      "high_fn_rate": 0.375
    },
    "data_2021_train": {
      "macro_f1": 0.7635664576685703,
      "weighted_f1": 0.8372716378101632,
      "mae": 0.9216014747663694,
      "qwk": 0.8130939862926723,
      "recall_6_8": 0.92,
      "precision_6_8": 0.8214285714285714,
      "pr_auc_high": 0.9370263836156333,
      "high_fn_rate": 0.08
    },
    "data_2021_test": {
      "macro_f1": 0.25968697899867804,
      "weighted_f1": 0.5795312772989498,
      "mae": 1.6199354374003228,
      "qwk": 0.25211098408129395,
      "recall_6_8": 0.23076923076923078,
      "precision_6_8": 0.35294117647058826,
      "pr_auc_high": 0.3012890834297178,
      "high_fn_rate": 0.7692307692307693
    }
  },
  "split_sizes": {
    "data_2020": {
      "train": 419,
      "val": 0,
      "test": 0
    },
    "data_2021": {
      "train": 221,
      "val": 0,
      "test": 222
    }
  },
  "risk_summaries": {
    "data_2020": {
      "edge_count": 6603,
      "risk_min": 6.389617510649259e-07,
      "risk_max": 0.8941984176635742,
      "risk_mean": 0.019815830513834953,
      "risk_p25": 0.0026437353808432817,
      "risk_p50": 0.003717785468325019,
      "risk_p75": 0.004666848108172417,
      "risk_p90": 0.008522315882146358,
      "risk_p95": 0.08642799407243729,
      "risk_p99": 0.43050721287727356,
      "zero_risk_edge_count": 0,
      "zero_risk_edge_ratio": 0.0,
      "edge_attribute_zero_ratio": 0.928365894290474,
      "matrix_5x8": [
        [
          0,
          87,
          249,
          635,
          252,
          14,
          72,
          12
        ],
        [
          0,
          131,
          344,
          445,
          189,
          64,
          140,
          8
        ],
        [
          0,
          108,
          328,
          513,
          236,
          54,
          79,
          2
        ],
        [
          0,
          99,
          335,
          494,
          207,
          62,
          96,
          28
        ],
        [
          0,
          185,
          352,
          428,
          205,
          33,
          108,
          9
        ]
      ]
    },
    "data_2021": {
      "edge_count": 7647,
      "risk_min": 8.600099299371777e-09,
      "risk_max": 0.8558339476585388,
      "risk_mean": 0.01746443845331669,
      "risk_p25": 0.0026445339899510145,
      "risk_p50": 0.0036763406824320555,
      "risk_p75": 0.004676348529756069,
      "risk_p90": 0.008288824930787086,
      "risk_p95": 0.07930247485637665,
      "risk_p99": 0.4185856580734253,
      "zero_risk_edge_count": 0,
      "zero_risk_edge_ratio": 0.0,
      "edge_attribute_zero_ratio": 0.9314763959722767,
      "matrix_5x8": [
        [
          0,
          77,
          295,
          752,
          315,
          21,
          68,
          2
        ],
        [
          0,
          132,
          417,
          546,
          271,
          53,
          110,
          0
        ],
        [
          0,
          128,
          382,
          595,
          291,
          55,
          78,
          1
        ],
        [
          0,
          108,
          342,
          565,
          340,
          80,
          75,
          19
        ],
        [
          0,
          212,
          403,
          517,
          225,
          75,
          96,
          1
        ]
      ]
    }
  }
}