{
  "model": "ua_teg_gnn",
  "split": "B",
  "seed": 2,
  "epochs": 50,
  "risk_mode": "exposure_floor",
  "exposure_delta": 0.01,
  "uncertainty_tau": 0.25,
  "experiment_tag": "ua_pretest_3seed",
  "alpha_ord": 0.3,
  "alpha_hr": 0.5,
  "alpha_topk": 0.1,
  "lambda_nll": 0.2,
  "lambda_var": 0.01,
  "metrics": {
    "data_2020_train": {
      "macro_f1": 0.20520064265832716,
      "weighted_f1": 0.5831003856560402,
      "mae": 1.1501074528054505,
      "qwk": 0.09570499535482035,
      "recall_6_8": 0.075,
      "precision_6_8": 0.75,
      "pr_auc_high": 0.4446877274946402,
      "high_fn_rate": 0.925,
      "brier": 0.49260610342025757,
      "ece": 0.050892805640623505,
      "ordinal_nll": 1.1452184240676107,
      "uncertainty_mean": 2.399064064025879,
      "correct_uncertainty": 2.416633367538452,
      "error_uncertainty": 2.3625051975250244,
      "error_uncertainty_corr": -0.06624386420929619,
      "high_fn_uncertainty": 2.341063976287842
    },
    "data_2021_train": {
      "macro_f1": 0.19228210246174318,
      "weighted_f1": 0.5342407191649883,
      "mae": 1.111083493128076,
      "qwk": 0.18511160796100135,
      "recall_6_8": 0.16,
      "precision_6_8": 1.0,
      "pr_auc_high": 0.5632091079956403,
      "high_fn_rate": 0.84,
      "brier": 0.5273916125297546,
      "ece": 0.06505528914982375,
      "ordinal_nll": 1.15545079871904,
      "uncertainty_mean": 2.386044979095459,
      "correct_uncertainty": 2.4333150386810303,
      "error_uncertainty": 2.3043441772460938,
      "error_uncertainty_corr": -0.1628325733655181,
      "high_fn_uncertainty": 2.161539077758789
    },
    "data_2021_test": {
      "macro_f1": 0.16256648936170212,
      "weighted_f1": 0.510434636764424,
      "mae": 1.3378447757339331,
      "qwk": 0.03564813453679472,
      "recall_6_8": 0.038461538461538464,
      "precision_6_8": 1.0,
      "pr_auc_high": 0.3838092424130833,
      "high_fn_rate": 0.9615384615384616,
      "brier": 0.6053381562232971,
      "ece": 0.13292515949086023,
      "ordinal_nll": 1.2217046618878458,
      "uncertainty_mean": 2.4102590084075928,
      "correct_uncertainty": 2.3953564167022705,
      "error_uncertainty": 2.4342780113220215,
      "error_uncertainty_corr": 0.049785213643794936,
      "high_fn_uncertainty": 2.4018523693084717
    }
  },
  "split_sizes": {
    "data_2020": {
      "train": 419,
      "val": 0,
      "test": 0
    },
    "data_2021": {
      "train": 221,
      "val": 0,
      "test": 222
    }
  },
  "risk_summaries": {
    "data_2020": {
      "edge_count": 6603,
      "risk_min": 0.002422634046524763,
      "risk_max": 0.9588622450828552,
      "risk_mean": 0.021586857736110687,
      "risk_p25": 0.002882106229662895,
      "risk_p50": 0.003104567527770996,
      "risk_p75": 0.0037829801440238953,
      "risk_p90": 0.0054205963388085365,
      "risk_p95": 0.16833969950675964,
      "risk_p99": 0.37783876061439514,
      "zero_risk_edge_count": 0,
      "zero_risk_edge_ratio": 0.0,
      "edge_attribute_zero_ratio": 0.928365894290474,
      "matrix_5x8": [
        [
          0,
          858,
          416,
          46,
          1,
          0,
          0,
          0
        ],
        [
          0,
          795,
          485,
          39,
          2,
          0,
          0,
          0
        ],
        [
          0,
          703,
          508,
          89,
          7,
          13,
          0,
          0
        ],
        [
          0,
          687,
          527,
          79,
          20,
          8,
          0,
          0
        ],
        [
          0,
          751,
          476,
          64,
          22,
          7,
          0,
          0
        ]
      ]
    },
    "data_2021": {
      "edge_count": 7647,
      "risk_min": 0.002255089581012726,
      "risk_max": 0.9999998807907104,
      "risk_mean": 0.02033589407801628,
      "risk_p25": 0.002813235390931368,
      "risk_p50": 0.0030596312135457993,
      "risk_p75": 0.0036784016992896795,
      "risk_p90": 0.005536237731575966,
      "risk_p95": 0.15873366594314575,
      "risk_p99": 0.374271959066391,
      "zero_risk_edge_count": 0,
      "zero_risk_edge_ratio": 0.0,
      "edge_attribute_zero_ratio": 0.9314763959722767,
      "matrix_5x8": [
        [
          0,
          954,
          552,
          21,
          1,
          2,
          0,
          0
        ],
        [
          0,
          916,
          528,
          75,
          7,
          0,
          3,
          0
        ],
        [
          0,
          784,
          617,
          116,
          5,
          0,
          8,
          0
        ],
        [
          0,
          751,
          600,
          141,
          14,
          10,
          13,
          0
        ],
        [
          0,
          803,
          601,
          110,
          13,
          0,
          2,
          0
        ]
      ]
    }
  }
}