beta,lambda_concentration,runs,pyvrp_cost_mean,pyvrp_cost_std,global_risk_mean,global_risk_std,global_cvar90_mean,global_cvar90_std,max_vehicle_risk_mean,max_vehicle_risk_std,max_vehicle_cvar90_mean,max_vehicle_cvar90_std,vehicle_risk_gini_mean,vehicle_risk_gini_std,risk_variance_mean,risk_variance_std,edge_burden_gini_used_mean,edge_burden_gini_used_std,top10_burden_share_mean,top10_burden_share_std,max_edge_burden_mean,max_edge_burden_std,cost_increase_pct,risk_reduction_pct
0.0,0.0,10,146730.9,582.7275807213293,7.905733244056224,0.6144277795264789,0.24402141710154543,0.03200267540491273,2.598277076409431,0.4548475333750016,0.39964922692449323,0.09734532914572704,0.2233686003163032,0.04005381346502432,0.46007600757963474,0.19224716910504414,0.8552757155402448,0.006967912667531524,0.8856202598095789,0.010424710935321935,1.0223952889442445,0.3589871669558847,0.0,0.0
1.0,0.0,10,179053.8,675.4517500655888,4.029239532067349,0.16819671826885937,0.10071257357318777,0.004369386243061626,1.2665082039004025,0.12023289081947067,0.1927166508679234,0.01165141894062158,0.25028392887243855,0.06461920723134451,0.14389360820947844,0.07614423306295068,0.8109061167257761,0.005020080812642898,0.8122282144225063,0.006706506431758214,0.5850467085838318,0.002318026109210077,0.22028693342711042,0.49033955388045164
1.0,1.0,10,193949.3,324.0031035516652,2.8794291458592385,0.1477007540890696,0.06494892993118014,0.006916961659674823,0.9656414865574334,0.012249262663103808,0.09926624657024466,0.011540279999976567,0.2705855764055385,0.03032573232958258,0.07688581660709466,0.008935026468898452,0.7609857773975082,0.01278102447453489,0.7364456798236635,0.01721146471851287,0.6175246238708496,0.0,0.32180270140781525,0.635779622589123
