beta,lambda_concentration,runs,pyvrp_cost_mean,pyvrp_cost_std,global_risk_mean,global_risk_std,global_cvar90_mean,global_cvar90_std,max_vehicle_risk_mean,max_vehicle_risk_std,max_vehicle_cvar90_mean,max_vehicle_cvar90_std,vehicle_risk_gini_mean,vehicle_risk_gini_std,risk_variance_mean,risk_variance_std,edge_burden_gini_used_mean,edge_burden_gini_used_std,top10_burden_share_mean,top10_burden_share_std,max_edge_burden_mean,max_edge_burden_std,cost_increase_pct,risk_reduction_pct
0.0,0.0,10,133997.6,0.6992058987801011,7.072628750828153,0.8277103254920065,0.2240331405257055,0.03472659474256565,2.2209106057300234,0.36684561377949565,0.35728698811183374,0.11183843674671005,0.19904279643438175,0.06213550426149502,0.29437317081299613,0.1894093175111745,0.8771522240622612,0.009326917868640577,0.895893088757548,0.00925685139676893,1.1382668793201447,0.42295010733173244,0.0,0.0
1.5,1.0,10,169380.5,581.7225856597513,1.8652440380697954,0.13727492479196077,0.03477841040027241,0.005759139634899962,0.5365208389936015,0.05929502753376649,0.061428725099604994,0.020753852995105612,0.1939856493279233,0.051765174960535267,0.019908841145143442,0.007457631643273337,0.7314707042857336,0.01894294213207708,0.6777067292005213,0.024633867914336288,0.30457861721515656,0.10430407534888805,0.2640562219024818,0.7362728762128049
