beta,lambda_concentration,runs,pyvrp_cost_mean,pyvrp_cost_std,global_risk_mean,global_risk_std,global_cvar90_mean,global_cvar90_std,max_vehicle_risk_mean,max_vehicle_risk_std,max_vehicle_cvar90_mean,max_vehicle_cvar90_std,vehicle_risk_gini_mean,vehicle_risk_gini_std,risk_variance_mean,risk_variance_std,edge_burden_gini_used_mean,edge_burden_gini_used_std,top10_burden_share_mean,top10_burden_share_std,max_edge_burden_mean,max_edge_burden_std,cost_increase_pct,risk_reduction_pct
0.0,0.0,10,133997.6,0.6992058987801011,8.302978040929883,0.8890697476684024,0.24335449806420675,0.05853268973153107,2.391669121722225,0.3564824399907593,0.39927578759801,0.09081174420420607,0.14552426816606742,0.04796685235359353,0.23573968347546534,0.15726790366615842,0.860433233760548,0.009304270542730073,0.8883755021607153,0.011697259590163723,1.0877671182155608,0.37953331419308867,0.0,0.0
1.0,0.0,10,160210.3,421.91311638508915,3.3681589782703667,0.22520022588090308,0.08179844153875068,0.01542930100429956,1.103774706349941,0.208143858629529,0.14437949797138572,0.020171452884537724,0.270747018552962,0.07548673705889605,0.11794965876479464,0.0644088677716606,0.7902671245178066,0.00921158336908972,0.7799382264149739,0.012825607404558138,0.7314392328262329,0.0,0.19562066783285656,0.5943432631439612
