{
  "pairs": "D:\\PyVRP-main\\hazmat_risk_experiments\\outputs_10seed\\od_paths\\fixed_od_pairs_150.csv",
  "num_pairs": 150,
  "year": "data_2021",
  "k_paths": 50,
  "cvar_alpha": 0.9,
  "re_threshold": "p75",
  "sources": [
    {
      "risk_source": "Stable-Tail-NodeCalibRaw-a005_seed0",
      "risk_dir": "D:\\PyVRP-main\\hazmat_risk_experiments\\outputs_10seed\\risk_matrices\\stable_tail_node_calib_raw_a005_splitB_seed0_floor_0p01",
      "largest_component_nodes": 4357,
      "largest_component_edges": 6650,
      "re_threshold": "p75",
      "re_threshold_value": 0.0037399035645648837,
      "risk_diagnostics": {
        "edge_count": 6650,
        "zero_risk_edge_count": 1,
        "zero_risk_edge_ratio": 0.00015037593984962405,
        "risk_min": 1.034149542282374e-21,
        "risk_p25": 0.0007011005654931068,
        "risk_p50": 0.001700954744592309,
        "risk_p75": 0.0037399035645648837,
        "risk_p90": 0.008635444566607475,
        "risk_p95": 0.07265186309814453,
        "risk_p99": 0.4207295775413513,
        "risk_max": 0.8651409149169922,
        "edge_attribute_zero_ratio": 0.0,
        "S_i_norm_zero_or_near_zero_ratio": 0.005278861602019738
      }
    },
    {
      "risk_source": "Stable-Tail-NodeCalibRaw-a005_seed1",
      "risk_dir": "D:\\PyVRP-main\\hazmat_risk_experiments\\outputs_10seed\\risk_matrices\\stable_tail_node_calib_raw_a005_splitB_seed1_floor_0p01",
      "largest_component_nodes": 4357,
      "largest_component_edges": 6650,
      "re_threshold": "p75",
      "re_threshold_value": 0.004711399786174297,
      "risk_diagnostics": {
        "edge_count": 6650,
        "zero_risk_edge_count": 0,
        "zero_risk_edge_ratio": 0.0,
        "risk_min": 1.19209286886246e-09,
        "risk_p25": 0.0010140876984223723,
        "risk_p50": 0.0019028002861887217,
        "risk_p75": 0.004711399786174297,
        "risk_p90": 0.008626515045762062,
        "risk_p95": 0.08469091765582473,
        "risk_p99": 0.437460720539093,
        "risk_max": 0.8736302256584167,
        "edge_attribute_zero_ratio": 0.0,
        "S_i_norm_zero_or_near_zero_ratio": 0.0006885471654808355
      }
    },
    {
      "risk_source": "Stable-Tail-NodeCalibRaw-a005_seed2",
      "risk_dir": "D:\\PyVRP-main\\hazmat_risk_experiments\\outputs_10seed\\risk_matrices\\stable_tail_node_calib_raw_a005_splitB_seed2_floor_0p01",
      "largest_component_nodes": 4357,
      "largest_component_edges": 6650,
      "re_threshold": "p75",
      "re_threshold_value": 0.004274360835552216,
      "risk_diagnostics": {
        "edge_count": 6650,
        "zero_risk_edge_count": 0,
        "zero_risk_edge_ratio": 0.0,
        "risk_min": 3.0926292993171955e-07,
        "risk_p25": 0.0010025936644524336,
        "risk_p50": 0.0019530669087544084,
        "risk_p75": 0.004274360835552216,
        "risk_p90": 0.00843080785125494,
        "risk_p95": 0.07906676642596705,
        "risk_p99": 0.4344974160194397,
        "risk_max": 0.9466257691383362,
        "edge_attribute_zero_ratio": 0.0,
        "S_i_norm_zero_or_near_zero_ratio": 0.0004590314436538903
      }
    },
    {
      "risk_source": "Stable-Tail-NodeCalibRaw-a005_seed3",
      "risk_dir": "D:\\PyVRP-main\\hazmat_risk_experiments\\outputs_10seed\\risk_matrices\\stable_tail_node_calib_raw_a005_splitB_seed3_floor_0p01",
      "largest_component_nodes": 4357,
      "largest_component_edges": 6650,
      "re_threshold": "p75",
      "re_threshold_value": 0.00347603065893054,
      "risk_diagnostics": {
        "edge_count": 6650,
        "zero_risk_edge_count": 0,
        "zero_risk_edge_ratio": 0.0,
        "risk_min": 5.125999180677354e-08,
        "risk_p25": 0.0008443795813946053,
        "risk_p50": 0.0016883373027667403,
        "risk_p75": 0.00347603065893054,
        "risk_p90": 0.00814228318631649,
        "risk_p95": 0.07096487469971163,
        "risk_p99": 0.3942510560154932,
        "risk_max": 0.8569045662879944,
        "edge_attribute_zero_ratio": 0.0,
        "S_i_norm_zero_or_near_zero_ratio": 0.0009180628873077806
      }
    },
    {
      "risk_source": "Stable-Tail-NodeCalibRaw-a005_seed4",
      "risk_dir": "D:\\PyVRP-main\\hazmat_risk_experiments\\outputs_10seed\\risk_matrices\\stable_tail_node_calib_raw_a005_splitB_seed4_floor_0p01",
      "largest_component_nodes": 4357,
      "largest_component_edges": 6650,
      "re_threshold": "p75",
      "re_threshold_value": 0.0038988282904028893,
      "risk_diagnostics": {
        "edge_count": 6650,
        "zero_risk_edge_count": 0,
        "zero_risk_edge_ratio": 0.0,
        "risk_min": 8.514949301208219e-10,
        "risk_p25": 0.0010475533781573176,
        "risk_p50": 0.0020195109536871314,
        "risk_p75": 0.0038988282904028893,
        "risk_p90": 0.008698792196810246,
        "risk_p95": 0.0716281458735466,
        "risk_p99": 0.43928900361061096,
        "risk_max": 0.9024421572685242,
        "edge_attribute_zero_ratio": 0.0,
        "S_i_norm_zero_or_near_zero_ratio": 0.0009180628873077806
      }
    },
    {
      "risk_source": "Stable-Tail-NodeCalibRaw-a005_seed5",
      "risk_dir": "D:\\PyVRP-main\\hazmat_risk_experiments\\outputs_10seed\\risk_matrices\\stable_tail_node_calib_raw_a005_splitB_seed5_floor_0p01",
      "largest_component_nodes": 4357,
      "largest_component_edges": 6650,
      "re_threshold": "p75",
      "re_threshold_value": 0.003816734068095684,
      "risk_diagnostics": {
        "edge_count": 6650,
        "zero_risk_edge_count": 0,
        "zero_risk_edge_ratio": 0.0,
        "risk_min": 1.4305114426349519e-08,
        "risk_p25": 0.0008244385971920565,
        "risk_p50": 0.0016189924208447337,
        "risk_p75": 0.003816734068095684,
        "risk_p90": 0.008224709890782833,
        "risk_p95": 0.07035136222839355,
        "risk_p99": 0.4216495624184635,
        "risk_max": 0.8673117160797119,
        "edge_attribute_zero_ratio": 0.0,
        "S_i_norm_zero_or_near_zero_ratio": 0.0006885471654808355
      }
    },
    {
      "risk_source": "Stable-Tail-NodeCalibRaw-a005_seed6",
      "risk_dir": "D:\\PyVRP-main\\hazmat_risk_experiments\\outputs_10seed\\risk_matrices\\stable_tail_node_calib_raw_a005_splitB_seed6_floor_0p01",
      "largest_component_nodes": 4357,
      "largest_component_edges": 6650,
      "re_threshold": "p75",
      "re_threshold_value": 0.00440027192234993,
      "risk_diagnostics": {
        "edge_count": 6650,
        "zero_risk_edge_count": 0,
        "zero_risk_edge_ratio": 0.0,
        "risk_min": 2.554484623829012e-09,
        "risk_p25": 0.0012804651050828397,
        "risk_p50": 0.0021478821290656924,
        "risk_p75": 0.00440027192234993,
        "risk_p90": 0.0075715165585279465,
        "risk_p95": 0.08543853461742401,
        "risk_p99": 0.4306774437427521,
        "risk_max": 0.8483538031578064,
        "edge_attribute_zero_ratio": 0.0,
        "S_i_norm_zero_or_near_zero_ratio": 0.0009180628873077806
      }
    },
    {
      "risk_source": "Stable-Tail-NodeCalibRaw-a005_seed7",
      "risk_dir": "D:\\PyVRP-main\\hazmat_risk_experiments\\outputs_10seed\\risk_matrices\\stable_tail_node_calib_raw_a005_splitB_seed7_floor_0p01",
      "largest_component_nodes": 4357,
      "largest_component_edges": 6650,
      "re_threshold": "p75",
      "re_threshold_value": 0.004918242804706097,
      "risk_diagnostics": {
        "edge_count": 6650,
        "zero_risk_edge_count": 0,
        "zero_risk_edge_ratio": 0.0,
        "risk_min": 3.269740389555409e-08,
        "risk_p25": 0.0008118165424093604,
        "risk_p50": 0.001852666784543544,
        "risk_p75": 0.004918242804706097,
        "risk_p90": 0.008705206681042915,
        "risk_p95": 0.07198534496128559,
        "risk_p99": 0.4403056800365448,
        "risk_max": 0.8697533011436462,
        "edge_attribute_zero_ratio": 0.0,
        "S_i_norm_zero_or_near_zero_ratio": 0.001606610052788616
      }
    },
    {
      "risk_source": "Stable-Tail-NodeCalibRaw-a005_seed8",