beta,lambda_concentration,runs,pyvrp_cost_mean,pyvrp_cost_std,global_risk_mean,global_risk_std,global_cvar90_mean,global_cvar90_std,max_vehicle_risk_mean,max_vehicle_risk_std,max_vehicle_cvar90_mean,max_vehicle_cvar90_std,vehicle_risk_gini_mean,vehicle_risk_gini_std,risk_variance_mean,risk_variance_std,edge_burden_gini_used_mean,edge_burden_gini_used_std,top10_burden_share_mean,top10_burden_share_std,max_edge_burden_mean,max_edge_burden_std,cost_increase_pct,risk_reduction_pct
0.0,0.0,10,146730.9,582.7275807213293,9.576581486970085,0.7839563211185969,0.18922527864981836,0.08446071292979145,3.0061299167806284,0.3810442789162296,0.4501403447985649,0.06736619366575497,0.18790472016265353,0.05545653025457327,0.47586706268377005,0.22846794071807264,0.8803025988507128,0.0057952501770113475,0.8917910574310348,0.007742784391092577,1.4737566471099854,0.27735447411840863,0.0,0.0
1.0,0.0,10,177058.3,422.1097935108563,4.028412203578714,0.20537378790357605,0.06104273956915511,0.003803856354007401,1.7824160174110149,0.12258466622972528,0.1840795772346242,0.07882225088327996,0.35860297650509027,0.054492772578795305,0.317923900205355,0.08767817533540806,0.8189485812866378,0.01063769709123019,0.7833259086060014,0.01436411013328354,0.9933520555496216,0.0,0.20668720767064058,0.5793475773103002
2.0,0.0,10,194118.4,540.7441785786201,3.32084049360259,0.09810678801269121,0.04897951129905444,0.0016235272629278753,1.3438357128339704,0.012746075625462264,0.10896516597678518,0.018966989952125313,0.3155480313114912,0.025235506966529084,0.15155002395030906,0.01616334137485012,0.7999558144052206,0.0056872633536493725,0.7491428678346232,0.007484681667138707,0.9933520555496216,0.0,0.32295515123263063,0.6532332024614853
