beta,lambda_concentration,runs,pyvrp_cost_mean,pyvrp_cost_std,global_risk_mean,global_risk_std,global_cvar90_mean,global_cvar90_std,max_vehicle_risk_mean,max_vehicle_risk_std,max_vehicle_cvar90_mean,max_vehicle_cvar90_std,vehicle_risk_gini_mean,vehicle_risk_gini_std,risk_variance_mean,risk_variance_std,edge_burden_gini_used_mean,edge_burden_gini_used_std,top10_burden_share_mean,top10_burden_share_std,max_edge_burden_mean,max_edge_burden_std,cost_increase_pct,risk_reduction_pct
0.0,0.0,10,146730.9,582.7275807213293,12.102752773581368,0.8036331178841183,0.231251870185391,0.09495630736503662,3.920631980140024,0.29662586647882877,0.541302218089501,0.05726591571312774,0.2038849850094226,0.030905154680519974,0.8723381473881048,0.22770251418775153,0.8812802924128385,0.005210876023040037,0.9080852929082065,0.007584185953389432,1.5717918872833252,0.22568536580017626,0.0,0.0
1.0,0.0,10,177320.5,295.4835020775272,4.525093452821648,0.41597025883828365,0.07273951272253065,0.006973492044574894,1.5226709759888764,0.31738140041084933,0.12510226880051345,0.03913756183354723,0.2731053273230969,0.06519522025966523,0.2228089118770667,0.13120043807492776,0.825457226710572,0.009756966841740386,0.7926465089981821,0.016810353116746692,0.773247241973877,0.0,0.20847415234282626,0.6261103950912783
2.0,0.0,10,193579.4,196.0811623339229,4.0580897664013715,0.22024446393783606,0.06672210931390604,0.004061194578676508,1.2350880045632948,0.054893926609324406,0.11811959967017174,0.0009873841039165045,0.23654423381269626,0.04513853287124606,0.12282639685973876,0.031887687799287516,0.8145606326670224,0.005712040899801122,0.7726409842884712,0.011079958811023272,0.773247241973877,0.0,0.3192817600110134,0.6646969625571231
