{
  "model": "weighted_gcn",
  "split": "B",
  "seed": 0,
  "epochs": 50,
  "risk_mode": "exposure_floor",
  "exposure_delta": 0.01,
  "metrics": {
    "data_2020_train": {
      "macro_f1": 0.5336933118704621,
      "weighted_f1": 0.698842591275519,
      "mae": 1.2820857202369458,
      "qwk": 0.6300140103791351,
      "recall_6_8": 0.725,
      "precision_6_8": 0.7435897435897436,
      "pr_auc_high": 0.8513545416592715,
      "high_fn_rate": 0.275
    },
    "data_2021_train": {
      "macro_f1": 0.6591780735525723,
      "weighted_f1": 0.7697596133654439,
      "mae": 1.1642986575823053,
      "qwk": 0.733220666344761,
      "recall_6_8": 0.8,
      "precision_6_8": 0.8333333333333334,
      "pr_auc_high": 0.9151860783625492,
      "high_fn_rate": 0.2
    },
    "data_2021_test": {
      "macro_f1": 0.2923845097591395,
      "weighted_f1": 0.6009817779813549,
      "mae": 1.589124643953244,
      "qwk": 0.3041862959132866,
      "recall_6_8": 0.23076923076923078,
      "precision_6_8": 0.5,
      "pr_auc_high": 0.42756289427739413,
      "high_fn_rate": 0.7692307692307693
    }
  },
  "split_sizes": {
    "data_2020": {
      "train": 419,
      "val": 0,
      "test": 0
    },
    "data_2021": {
      "train": 221,
      "val": 0,
      "test": 222
    }
  },
  "risk_summaries": {
    "data_2020": {
      "edge_count": 6603,
      "risk_min": 1.400487690261798e-05,
      "risk_max": 0.8543609380722046,
      "risk_mean": 0.02109542116522789,
      "risk_p25": 0.0031786691397428513,
      "risk_p50": 0.003970159683376551,
      "risk_p75": 0.0049174171872437,
      "risk_p90": 0.008492918685078621,
      "risk_p95": 0.12059340626001358,
      "risk_p99": 0.4288924038410187,
      "zero_risk_edge_count": 0,
      "zero_risk_edge_ratio": 0.0,
      "edge_attribute_zero_ratio": 0.928365894290474,
      "matrix_5x8": [
        [
          0,
          56,
          160,
          664,
          333,
          31,
          77,
          0
        ],
        [
          0,
          44,
          229,
          554,
          293,
          57,
          143,
          1
        ],
        [
          0,
          61,
          199,
          604,
          315,
          64,
          77,
          0
        ],
        [
          0,
          55,
          184,
          624,
          295,
          62,
          99,
          2
        ],
        [
          0,
          114,
          283,
          502,
          269,
          39,
          110,
          3
        ]
      ]
    },
    "data_2021": {
      "edge_count": 7647,
      "risk_min": 4.15308113588253e-06,
      "risk_max": 0.8541135787963867,
      "risk_mean": 0.018119173124432564,
      "risk_p25": 0.0032155471853911877,
      "risk_p50": 0.0039253877475857735,
      "risk_p75": 0.004715507850050926,
      "risk_p90": 0.00725418608635664,
      "risk_p95": 0.10398826003074646,
      "risk_p99": 0.36502599716186523,
      "zero_risk_edge_count": 0,
      "zero_risk_edge_ratio": 0.0,
      "edge_attribute_zero_ratio": 0.9314763959722767,
      "matrix_5x8": [
        [
          0,
          50,
          184,
          782,
          452,
          16,
          43,
          3
        ],
        [
          0,
          63,
          269,
          709,
          331,
          49,
          104,
          4
        ],
        [
          0,
          52,
          267,
          748,
          329,
          40,
          92,
          2
        ],
        [
          0,
          32,
          235,
          761,
          360,
          68,
          63,
          10
        ],
        [
          0,
          126,
          352,
          603,
          311,
          48,
          85,
          4
        ]
      ]
    }
  }
}