beta,lambda_concentration,runs,pyvrp_cost_mean,pyvrp_cost_std,global_risk_mean,global_risk_std,global_cvar90_mean,global_cvar90_std,max_vehicle_risk_mean,max_vehicle_risk_std,max_vehicle_cvar90_mean,max_vehicle_cvar90_std,vehicle_risk_gini_mean,vehicle_risk_gini_std,risk_variance_mean,risk_variance_std,edge_burden_gini_used_mean,edge_burden_gini_used_std,top10_burden_share_mean,top10_burden_share_std,max_edge_burden_mean,max_edge_burden_std,cost_increase_pct,risk_reduction_pct
0.0,0.0,10,146730.9,582.7275807213293,10.018759207427395,0.656479421166306,0.280363760917495,0.05478880096719647,3.2364724654893586,0.20312044923265057,0.44988984562469325,0.07341751855963523,0.21345507454191362,0.029479888098703538,0.638405482667466,0.16443366329970688,0.8517162319683085,0.005406589179780538,0.893094925753662,0.00791982547114547,1.1000193629395283,0.323730419601555,0.0,0.0
1.0,0.0,10,180257.4,603.8589239218048,4.972833931834687,0.3584386317738263,0.136769214639722,0.014881210287238149,1.7065242424245075,0.24478420900706183,0.20798827871239048,0.029195473335402067,0.254966710850955,0.04546745862209711,0.22166771168268556,0.0905699150223437,0.8037500884006267,0.009962226774952801,0.8138541501324508,0.016328736520247272,0.6519539619150017,0.008888272134852998,0.22848970462254373,0.5036477243460861
