beta,lambda_concentration,runs,pyvrp_cost_mean,pyvrp_cost_std,global_risk_mean,global_risk_std,global_cvar90_mean,global_cvar90_std,max_vehicle_risk_mean,max_vehicle_risk_std,max_vehicle_cvar90_mean,max_vehicle_cvar90_std,vehicle_risk_gini_mean,vehicle_risk_gini_std,risk_variance_mean,risk_variance_std,edge_burden_gini_used_mean,edge_burden_gini_used_std,top10_burden_share_mean,top10_burden_share_std,max_edge_burden_mean,max_edge_burden_std,cost_increase_pct,risk_reduction_pct
0.0,0.0,10,146730.9,582.7275807213293,9.141328492538014,0.5876039636104892,0.2890228011499107,0.0320383031533782,2.794504569280252,0.2591085897452436,0.3953864099582036,0.05318936893499813,0.18169895742107095,0.04158005747049585,0.39342374832719373,0.15106266567204785,0.8653932784521547,0.004678295724751958,0.8988305114114328,0.011294481619165606,0.925679224729538,0.24883633405522176,0.0,0.0
1.0,0.0,10,181394.5,633.6187514761714,4.1185556261843885,0.2311932375385093,0.10750654642128207,0.015284573382124354,1.385467121142574,0.07989399091031328,0.16054729083257296,0.019948765761437257,0.25777206783099915,0.0342220648242192,0.14846786258559866,0.03422455805123565,0.8344589035547691,0.004556323007859387,0.8271269606954703,0.009410150503039408,0.6338554084300995,0.018070402013407275,0.23623926521271257,0.5494576494492153
