{
  "model": "gcn_teg_concat",
  "split": "B",
  "seed": 5,
  "epochs": 50,
  "risk_mode": "exposure_floor",
  "exposure_delta": 0.01,
  "experiment_tag": "",
  "alpha_ord": 0.5,
  "alpha_hr": 1.0,
  "alpha_topk": 0.3,
  "metrics": {
    "data_2020_train": {
      "macro_f1": 0.45849408038695494,
      "weighted_f1": 0.7301211977013783,
      "mae": 0.7279210548319764,
      "qwk": 0.7061897069764193,
      "recall_6_8": 0.775,
      "precision_6_8": 0.7560975609756098,
      "pr_auc_high": 0.9138319267481386,
      "high_fn_rate": 0.225
    },
    "data_2021_train": {
      "macro_f1": 0.536796498516575,
      "weighted_f1": 0.7623317639671379,
      "mae": 0.6347291224917252,
      "qwk": 0.7840356162923217,
      "recall_6_8": 0.84,
      "precision_6_8": 0.7777777777777778,
      "pr_auc_high": 0.9283851817486748,
      "high_fn_rate": 0.16
    },
    "data_2021_test": {
      "macro_f1": 0.29333449413540946,
      "weighted_f1": 0.6267824139677687,
      "mae": 1.2218217791250099,
      "qwk": 0.3195058592622525,
      "recall_6_8": 0.34615384615384615,
      "precision_6_8": 0.5294117647058824,
      "pr_auc_high": 0.45905720870696826,
      "high_fn_rate": 0.6538461538461539
    }
  },
  "split_sizes": {
    "data_2020": {
      "train": 419,
      "val": 0,
      "test": 0
    },
    "data_2021": {
      "train": 221,
      "val": 0,
      "test": 222
    }
  },
  "risk_summaries": {
    "data_2020": {
      "edge_count": 6603,
      "risk_min": 0.0,
      "risk_max": 0.8826742172241211,
      "risk_mean": 0.01853448525071144,
      "risk_p25": 0.0007096437038853765,
      "risk_p50": 0.0017113807843998075,
      "risk_p75": 0.0037408035714179277,
      "risk_p90": 0.008597755804657936,
      "risk_p95": 0.07658635824918747,
      "risk_p99": 0.436194509267807,
      "zero_risk_edge_count": 1,
      "zero_risk_edge_ratio": 0.00015144631228229593,
      "edge_attribute_zero_ratio": 0.928365894290474,
      "matrix_5x8": [
        [
          0,
          647,
          369,
          173,
          27,
          23,
          63,
          19
        ],
        [
          0,
          592,
          339,
          127,
          73,
          46,
          58,
          86
        ],
        [
          0,
          591,
          357,
          148,
          56,
          68,
          40,
          60
        ],
        [
          0,
          644,
          310,
          142,
          60,
          42,
          87,
          36
        ],
        [
          1,
          599,
          377,
          118,
          56,
          39,
          64,
          66
        ]
      ]
    },
    "data_2021": {
      "edge_count": 7647,
      "risk_min": 1.0217938717360653e-09,
      "risk_max": 0.8704116940498352,
      "risk_mean": 0.014605975709855556,
      "risk_p25": 0.0007069393177516758,
      "risk_p50": 0.0016255807131528854,
      "risk_p75": 0.0032614748924970627,
      "risk_p90": 0.007594875991344452,
      "risk_p95": 0.06748451292514801,
      "risk_p99": 0.37914344668388367,
      "zero_risk_edge_count": 0,
      "zero_risk_edge_ratio": 0.0,
      "edge_attribute_zero_ratio": 0.9314763959722767,
      "matrix_5x8": [
        [
          0,
          751,
          505,
          113,
          79,
          20,
          57,
          5
        ],
        [
          0,
          762,
          349,
          146,
          113,
          39,
          108,
          12
        ],
        [
          0,
          697,
          428,
          165,
          92,
          43,
          89,
          16
        ],
        [
          0,
          724,
          375,
          157,
          115,
          61,
          70,
          27
        ],
        [
          0,
          681,
          491,
          121,
          80,
          41,
          95,
          20
        ]
      ]
    }
  }
}