beta,lambda_concentration,runs,pyvrp_cost_mean,pyvrp_cost_std,global_risk_mean,global_risk_std,global_cvar90_mean,global_cvar90_std,max_vehicle_risk_mean,max_vehicle_risk_std,max_vehicle_cvar90_mean,max_vehicle_cvar90_std,vehicle_risk_gini_mean,vehicle_risk_gini_std,risk_variance_mean,risk_variance_std,edge_burden_gini_used_mean,edge_burden_gini_used_std,top10_burden_share_mean,top10_burden_share_std,max_edge_burden_mean,max_edge_burden_std,cost_increase_pct,risk_reduction_pct
0.0,0.0,3,133997.33333333334,0.5773502691896258,13.152528286368275,1.2722045607885781,0.31908200579646184,0.15572621125142122,3.607889207700888,0.004295359551716114,0.47775350759426755,0.06595791106639141,0.1264613203461502,0.0093778678588721,0.43932662669057027,0.14385780973178197,0.8335514066457262,0.0012266231228841567,0.8749092924361245,0.01880965381622201,1.2392196655273438,0.0,0.0,0.0
1.0,0.0,3,163198.0,702.0819040539359,5.6464879721558345,0.31721716564968455,0.09916815324406132,0.011471512069550075,2.0117538913618773,0.5338119784889535,0.21537829821475993,0.035437690699604556,0.2707132928558009,0.08804665437719633,0.3679953824740501,0.18893644867352177,0.7547641641877973,0.011133099960104349,0.7615827431781542,0.014101203231834033,1.0099999904632568,0.0,0.21791975959720583,0.5706918206738535
