beta,lambda_concentration,runs,pyvrp_cost_mean,pyvrp_cost_std,global_risk_mean,global_risk_std,global_cvar90_mean,global_cvar90_std,max_vehicle_risk_mean,max_vehicle_risk_std,max_vehicle_cvar90_mean,max_vehicle_cvar90_std,vehicle_risk_gini_mean,vehicle_risk_gini_std,risk_variance_mean,risk_variance_std,edge_burden_gini_used_mean,edge_burden_gini_used_std,top10_burden_share_mean,top10_burden_share_std,max_edge_burden_mean,max_edge_burden_std,cost_increase_pct,risk_reduction_pct
0.0,0.0,10,133997.6,0.6992058987801011,7.397524895367678,0.8888862824466577,0.2329727313788501,0.04321337950165736,2.390638297916303,0.2729003879664542,0.3879380096316648,0.09521379568797705,0.2236776838426998,0.05841252657181893,0.40798037711280666,0.18467903801425273,0.8803600949911037,0.009603763979461553,0.9006652986899173,0.009576515342232627,1.1407795131206513,0.3820315192538754,0.0,0.0
1.5,1.0,10,169477.5,426.0796091499021,1.422693922696635,0.006314730844033039,0.022855486668589893,0.000614768681536841,0.3853629849756544,0.021709795624775645,0.03763042536697218,0.0013304121743008108,0.14977065115329877,0.012805161267555463,0.0062176846920819345,0.0011196966076138573,0.6612080653354119,0.0046907443985460375,0.568952484916627,0.005121711442910392,0.1595465987920761,0.0,0.26478011546475455,0.8076797384503116
