beta,lambda_concentration,runs,pyvrp_cost_mean,pyvrp_cost_std,global_risk_mean,global_risk_std,global_cvar90_mean,global_cvar90_std,max_vehicle_risk_mean,max_vehicle_risk_std,max_vehicle_cvar90_mean,max_vehicle_cvar90_std,vehicle_risk_gini_mean,vehicle_risk_gini_std,risk_variance_mean,risk_variance_std,edge_burden_gini_used_mean,edge_burden_gini_used_std,top10_burden_share_mean,top10_burden_share_std,max_edge_burden_mean,max_edge_burden_std,cost_increase_pct,risk_reduction_pct
0.0,0.0,10,133997.6,0.6992058987801011,8.440314144293371,0.8225431513676743,0.26380045264796526,0.044085438357277365,2.286326744542748,0.23974345093025146,0.36761451105043913,0.08257270730170924,0.13451135500749864,0.022939782706673347,0.18844308665750148,0.07591792470958765,0.8737173127799001,0.007302155144313702,0.9023258175344466,0.007924558491472387,1.0849501490592957,0.33284707061560065,0.0,0.0
1.0,0.0,10,159710.0,268.5570495981978,3.7765791273865035,0.20005545810172498,0.10562119369337371,0.013071344153258327,1.1319331270118709,0.08266236495783678,0.1404963319544636,0.011026703113312837,0.21460438867121773,0.05712198672548336,0.09257656054368088,0.037310865966623474,0.8362146846487697,0.00498507141410841,0.8189978900520536,0.007587823045868226,0.6770247220993042,0.0,0.19188701887197976,0.5525546723944558
