beta,lambda_concentration,runs,pyvrp_cost_mean,pyvrp_cost_std,global_risk_mean,global_risk_std,global_cvar90_mean,global_cvar90_std,max_vehicle_risk_mean,max_vehicle_risk_std,max_vehicle_cvar90_mean,max_vehicle_cvar90_std,vehicle_risk_gini_mean,vehicle_risk_gini_std,risk_variance_mean,risk_variance_std,edge_burden_gini_used_mean,edge_burden_gini_used_std,top10_burden_share_mean,top10_burden_share_std,max_edge_burden_mean,max_edge_burden_std,cost_increase_pct,risk_reduction_pct
0.0,0.0,3,133997.33333333334,0.5773502691896258,14.149419078292945,1.3631980907612868,0.2967959610533802,0.21051678675660798,3.716978478245437,0.2744830237657545,0.46928059806426364,0.11667040050771478,0.13349841691629374,0.013787050122378491,0.4916678536287719,0.24039943380930456,0.8375189506842172,0.001179963548890863,0.8780673783415015,0.012277216141971855,1.5881544351577759,0.0,0.0,0.0
1.0,0.0,3,163045.33333333334,469.46174853052014,6.3149514144752175,0.6054226385456474,0.07814349177414316,0.007063082548105434,2.063437652386104,0.44384089884637096,0.17616060597709182,0.01601962388804415,0.24454584220376172,0.08189727338454013,0.34776861929318814,0.21978158608644874,0.766709737622436,0.015347482056042144,0.7702222246366102,0.019925474190582184,1.0099999904632568,0.0,0.2167804334414615,0.5536953581250745
