beta,lambda_concentration,runs,pyvrp_cost_mean,pyvrp_cost_std,global_risk_mean,global_risk_std,global_cvar90_mean,global_cvar90_std,max_vehicle_risk_mean,max_vehicle_risk_std,max_vehicle_cvar90_mean,max_vehicle_cvar90_std,vehicle_risk_gini_mean,vehicle_risk_gini_std,risk_variance_mean,risk_variance_std,edge_burden_gini_used_mean,edge_burden_gini_used_std,top10_burden_share_mean,top10_burden_share_std,max_edge_burden_mean,max_edge_burden_std,cost_increase_pct,risk_reduction_pct
0.0,0.0,10,146730.9,582.7275807213293,9.275490823406267,0.690845394229281,0.2919173036967665,0.032638321440659354,3.0214392695619607,0.22840468854616325,0.42975468585533755,0.04904012343695053,0.20901896113610957,0.03673628868773554,0.5452269665600438,0.16867427074659977,0.8771108453190795,0.005478350594996758,0.8984824339939586,0.0075074339845464825,1.1844574332237243,0.3022662490930271,0.0,0.0
1.0,0.0,10,176937.1,210.08646368155712,3.9395160870014707,0.3471017218738567,0.09206979885053881,0.020066372764261316,1.6111529525136574,0.1766447415606497,0.1801791414791452,0.01815721906251873,0.3568675362395691,0.043433727459573745,0.2727972512603659,0.08199814553745681,0.8210666663299182,0.010978948037556637,0.7992862141360522,0.01579538380408529,0.8629770874977112,0.0,0.2058612057855572,0.5752768061544666
1.0,1.0,10,190317.1,513.4490021197605,3.19344860603328,0.15176066603578423,0.06526349464127659,0.006058150634111846,1.4165371326584135,0.014797397715432129,0.17282577478326858,0.005359109243748817,0.3593680991906976,0.021532193006984113,0.1890449827328495,0.010982337807427887,0.7957689685588254,0.0050530848594277505,0.7597901264959113,0.008704936311311579,0.8629770874977112,0.0,0.2970485426041823,0.6557110920776916
