beta,lambda_concentration,runs,pyvrp_cost_mean,pyvrp_cost_std,global_risk_mean,global_risk_std,global_cvar90_mean,global_cvar90_std,max_vehicle_risk_mean,max_vehicle_risk_std,max_vehicle_cvar90_mean,max_vehicle_cvar90_std,vehicle_risk_gini_mean,vehicle_risk_gini_std,risk_variance_mean,risk_variance_std,edge_burden_gini_used_mean,edge_burden_gini_used_std,top10_burden_share_mean,top10_burden_share_std,max_edge_burden_mean,max_edge_burden_std,cost_increase_pct,risk_reduction_pct
0.0,0.0,10,133997.5,0.7071067811865476,6.878323755130259,0.797714924287049,0.1986004407486467,0.040582482079396284,2.2913327035985276,0.4909659595086589,0.3954709859458464,0.11802898016919146,0.21649299336603772,0.07482698884891087,0.35480492985828477,0.24926181144149023,0.8781647882881041,0.010769767414857178,0.8953443791326666,0.01075058763394584,1.1958772003650666,0.43799624538033194,0.0,0.0
1.0,0.0,10,154686.9,169.41562960823762,2.4062493558867573,0.2279396505834017,0.058052916810729105,0.009289027951694943,0.7979099221061915,0.15904922831875323,0.08752434684008005,0.015306637605903685,0.24499445254561122,0.07305029985233122,0.05187393047782642,0.03589720334359067,0.7713245968440495,0.015136459058438783,0.7439891143841951,0.020474946185437985,0.35268714427948,0.03849792379570292,0.15440138808559856,0.650169221230291
1.0,1.0,10,163678.4,380.4357735252795,2.0936915832109664,0.12485477999553234,0.04590945436452671,0.0038837887533419947,0.7116727597313002,0.046397151721309905,0.07954786625590973,0.013629250457736742,0.2817940269539355,0.013956170691450324,0.046348500906340795,0.007637573222012362,0.7501045782158013,0.012180340269318803,0.713335076137682,0.020509905123061188,0.3136639535427094,0.016981327382642977,0.22150338625720625,0.6956102013008527
