{
  "model": "stable_tail_ua_gnn",
  "split": "B",
  "seed": 2,
  "epochs": 50,
  "risk_mode": "exposure_floor",
  "exposure_delta": 0.01,
  "uncertainty_tau": 0.0,
  "experiment_tag": "stable_tail_ua_formal_10seed",
  "alpha_ord": 0.3,
  "alpha_hr": 0.5,
  "alpha_topk": 0.1,
  "lambda_nll": 0.2,
  "lambda_var": 0.01,
  "gamma_unc": 0.5,
  "logvar_min": -5.0,
  "logvar_max": 2.0,
  "metrics": {
    "data_2020_train": {
      "macro_f1": 0.31426799533206856,
      "weighted_f1": 0.6736907393193746,
      "mae": 1.0010869045944835,
      "qwk": 0.49497672992782094,
      "recall_6_8": 0.5,
      "precision_6_8": 0.5555555555555556,
      "pr_auc_high": 0.5737155636508184,
      "high_fn_rate": 0.5,
      "brier": 0.4056287705898285,
      "ece": 0.11872372820724449,
      "ordinal_nll": 0.906224709466495,
      "uncertainty_mean": 1.957019567489624,
      "correct_uncertainty": 1.9286984205245972,
      "error_uncertainty": 2.0346505641937256,
      "error_uncertainty_corr": 0.08194655418061764,
      "high_fn_uncertainty": 1.973802924156189
    },
    "data_2021_train": {
      "macro_f1": 0.3624210756563698,
      "weighted_f1": 0.6537756568099927,
      "mae": 0.8809851067785899,
      "qwk": 0.5506995164199802,
      "recall_6_8": 0.56,
      "precision_6_8": 0.7777777777777778,
      "pr_auc_high": 0.7490657834427744,
      "high_fn_rate": 0.44,
      "brier": 0.38722386956214905,
      "ece": 0.12219987883826725,
      "ordinal_nll": 0.8422070954560987,
      "uncertainty_mean": 1.9168784618377686,
      "correct_uncertainty": 1.9062786102294922,
      "error_uncertainty": 1.9434618949890137,
      "error_uncertainty_corr": 0.030299178928188678,
      "high_fn_uncertainty": 1.7933846712112427
    },
    "data_2021_test": {
      "macro_f1": 0.2551339285714286,
      "weighted_f1": 0.6141650579150579,
      "mae": 1.228002201887659,
      "qwk": 0.289079391350463,
      "recall_6_8": 0.2692307692307692,
      "precision_6_8": 0.4117647058823529,
      "pr_auc_high": 0.38277804980345115,
      "high_fn_rate": 0.7307692307692307,
      "brier": 0.48831379413604736,
      "ece": 0.09134920954972775,
      "ordinal_nll": 1.0602177918277744,
      "uncertainty_mean": 1.8670285940170288,
      "correct_uncertainty": 1.8256274461746216,
      "error_uncertainty": 1.9532809257507324,
      "error_uncertainty_corr": 0.1047199542486648,
      "high_fn_uncertainty": 1.9917612075805664
    }
  },
  "split_sizes": {
    "data_2020": {
      "train": 419,
      "val": 0,
      "test": 0
    },
    "data_2021": {
      "train": 221,
      "val": 0,
      "test": 222
    }
  },
  "risk_summaries": {
    "data_2020": {
      "edge_count": 6603,
      "risk_min": 3.595011719426111e-07,
      "risk_max": 0.8553158640861511,
      "risk_mean": 0.019909176975488663,
      "risk_p25": 0.0008492712513543665,
      "risk_p50": 0.0016328661004081368,
      "risk_p75": 0.003973318263888359,
      "risk_p90": 0.008257000707089901,
      "risk_p95": 0.0973697304725647,
      "risk_p99": 0.43193450570106506,
      "zero_risk_edge_count": 0,
      "zero_risk_edge_ratio": 0.0,
      "edge_attribute_zero_ratio": 0.928365894290474,
      "matrix_5x8": [
        [
          0,
          692,
          307,
          123,
          94,
          42,
          63,
          0
        ],
        [
          0,
          649,
          323,
          108,
          52,
          57,
          132,
          0
        ],
        [
          0,
          579,
          298,
          148,
          131,
          82,
          82,
          0
        ],
        [
          0,
          597,
          332,
          139,
          71,
          84,
          98,
          0
        ],
        [
          0,
          566,
          329,
          151,
          109,
          78,
          87,
          0
        ]
      ]
    },
    "data_2021": {
      "edge_count": 7647,
      "risk_min": 1.3828277189986693e-07,
      "risk_max": 0.8815290331840515,
      "risk_mean": 0.018254827708005905,
      "risk_p25": 0.0009101857431232929,
      "risk_p50": 0.001688053598627448,
      "risk_p75": 0.0038484176620841026,
      "risk_p90": 0.0085214888677001,
      "risk_p95": 0.08440905064344406,
      "risk_p99": 0.43033522367477417,
      "zero_risk_edge_count": 0,
      "zero_risk_edge_ratio": 0.0,
      "edge_attribute_zero_ratio": 0.9314763959722767,
      "matrix_5x8": [
        [
          0,
          786,
          448,
          127,
          106,
          9,
          51,
          3
        ],
        [
          0,
          764,
          355,
          124,
          114,
          72,
          55,
          45
        ],
        [
          0,
          635,
          428,
          164,
          153,
          64,
          65,
          21
        ],
        [
          0,
          645,
          399,
          147,
          144,
          96,
          77,
          21
        ],
        [
          0,
          604,
          469,
          141,
          130,
          74,
          94,
          17
        ]
      ]
    }
  }
}