{
  "model": "stable_tail_ua_gnn",
  "split": "B",
  "seed": 2,
  "epochs": 50,
  "risk_mode": "exposure_floor",
  "exposure_delta": 0.01,
  "uncertainty_tau": 0.0,
  "experiment_tag": "stable_tail_ua_pretest_3seed",
  "alpha_ord": 0.3,
  "alpha_hr": 0.5,
  "alpha_topk": 0.1,
  "lambda_nll": 0.2,
  "lambda_var": 0.01,
  "gamma_unc": 0.5,
  "logvar_min": -5.0,
  "logvar_max": 2.0,
  "metrics": {
    "data_2020_train": {
      "macro_f1": 0.31426799533206856,
      "weighted_f1": 0.6736907393193746,
      "mae": 1.0013460407750743,
      "qwk": 0.49497672992782094,
      "recall_6_8": 0.5,
      "precision_6_8": 0.5555555555555556,
      "pr_auc_high": 0.5735664408438009,
      "high_fn_rate": 0.5,
      "brier": 0.40570154786109924,
      "ece": 0.11887679755829969,
      "ordinal_nll": 0.9062945363858754,
      "uncertainty_mean": 1.9571672677993774,
      "correct_uncertainty": 1.9287669658660889,
      "error_uncertainty": 2.0350141525268555,
      "error_uncertainty_corr": 0.08215560066952253,
      "high_fn_uncertainty": 1.973946213722229
    },
    "data_2021_train": {
      "macro_f1": 0.359514203406324,
      "weighted_f1": 0.6502377111583377,
      "mae": 0.8812462712258448,
      "qwk": 0.5338498357197907,
      "recall_6_8": 0.56,
      "precision_6_8": 0.7368421052631579,
      "pr_auc_high": 0.7490657834427744,
      "high_fn_rate": 0.44,
      "brier": 0.3872753977775574,
      "ece": 0.1176910579743968,
      "ordinal_nll": 0.8422749585847022,
      "uncertainty_mean": 1.9169018268585205,
      "correct_uncertainty": 1.9043676853179932,
      "error_uncertainty": 1.9476500749588013,
      "error_uncertainty_corr": 0.035426005781886455,
      "high_fn_uncertainty": 1.7930423021316528
    },
    "data_2021_test": {
      "macro_f1": 0.2551339285714286,
      "weighted_f1": 0.6141650579150579,
      "mae": 1.2283231138664585,
      "qwk": 0.289079391350463,
      "recall_6_8": 0.2692307692307692,
      "precision_6_8": 0.4117647058823529,
      "pr_auc_high": 0.3800307970561984,
      "high_fn_rate": 0.7307692307692307,
      "brier": 0.4883612096309662,
      "ece": 0.09132080874196043,
      "ordinal_nll": 1.060283776549085,
      "uncertainty_mean": 1.8673489093780518,
      "correct_uncertainty": 1.825951337814331,
      "error_uncertainty": 1.9535937309265137,
      "error_uncertainty_corr": 0.10462157503770025,
      "high_fn_uncertainty": 1.9920616149902344
    }
  },
  "split_sizes": {
    "data_2020": {
      "train": 419,
      "val": 0,
      "test": 0
    },
    "data_2021": {
      "train": 221,
      "val": 0,
      "test": 222
    }
  },
  "risk_summaries": {
    "data_2020": {
      "edge_count": 6603,
      "risk_min": 3.635883274455409e-07,
      "risk_max": 0.8554165959358215,
      "risk_mean": 0.019920112565159798,
      "risk_p25": 0.000848907046020031,
      "risk_p50": 0.0016283108852803707,
      "risk_p75": 0.003972591366618872,
      "risk_p90": 0.008257810026407242,
      "risk_p95": 0.097688689827919,
      "risk_p99": 0.43198537826538086,
      "zero_risk_edge_count": 0,
      "zero_risk_edge_ratio": 0.0,
      "edge_attribute_zero_ratio": 0.928365894290474,
      "matrix_5x8": [
        [
          0,
          692,
          307,
          123,
          94,
          42,
          63,
          0
        ],
        [
          0,
          649,
          323,
          108,
          52,
          57,
          132,
          0
        ],
        [
          0,
          579,
          298,
          148,
          131,
          81,
          83,
          0
        ],
        [
          0,
          597,
          332,
          139,
          71,
          84,
          98,
          0
        ],
        [
          0,
          566,
          329,
          151,
          109,
          78,
          87,
          0
        ]
      ]
    },
    "data_2021": {
      "edge_count": 7647,
      "risk_min": 1.3811246901695995e-07,
      "risk_max": 0.8815152049064636,
      "risk_mean": 0.018267765641212463,
      "risk_p25": 0.000909008551388979,
      "risk_p50": 0.0016886440571397543,
      "risk_p75": 0.003853868693113327,
      "risk_p90": 0.008525571785867214,
      "risk_p95": 0.08430203050374985,
      "risk_p99": 0.43054139614105225,
      "zero_risk_edge_count": 0,
      "zero_risk_edge_ratio": 0.0,
      "edge_attribute_zero_ratio": 0.9314763959722767,
      "matrix_5x8": [
        [
          0,
          785,
          450,
          126,
          106,
          9,
          51,
          3
        ],
        [
          0,
          764,
          356,
          123,
          114,
          72,
          55,
          45
        ],
        [
          0,
          635,
          429,
          163,
          153,
          64,
          65,
          21
        ],
        [
          0,
          645,
          399,
          147,
          144,
          96,
          77,
          21
        ],
        [
          0,
          603,
          470,
          141,
          130,
          74,
          94,
          17
        ]
      ]
    }
  }
}