beta,lambda_concentration,runs,pyvrp_cost_mean,pyvrp_cost_std,global_risk_mean,global_risk_std,global_cvar90_mean,global_cvar90_std,max_vehicle_risk_mean,max_vehicle_risk_std,max_vehicle_cvar90_mean,max_vehicle_cvar90_std,vehicle_risk_gini_mean,vehicle_risk_gini_std,risk_variance_mean,risk_variance_std,edge_burden_gini_used_mean,edge_burden_gini_used_std,top10_burden_share_mean,top10_burden_share_std,max_edge_burden_mean,max_edge_burden_std,cost_increase_pct,risk_reduction_pct
0.0,0.0,10,133997.6,0.6992058987801011,7.481776232182165,0.8378066482709092,0.21962451301996952,0.04774618540153266,2.23880661808289,0.39332624998912863,0.38111902465356423,0.0994850503202455,0.1591023552359919,0.06117642089146695,0.24544232997041612,0.17378543894855136,0.88440046098426,0.0077633012878152675,0.9022285132554938,0.006709771775872623,1.175433737039566,0.37215588155034446,0.0,0.0
2.0,2.0,10,192266.4,766.4160749879924,1.9261054721493565,0.054213324999637595,0.03474012766159575,0.0012544815072768932,0.9089769421843812,0.004091503172523106,0.10723605608412376,0.014857037146857897,0.34057445837475947,0.019714392257937394,0.07344902603499795,0.00301128459369739,0.749513890683754,0.005072128101103539,0.6820735861319623,0.006496018274307828,0.6722076535224915,0.0,0.43484957939545177,0.7425604011163638
