beta,lambda_concentration,runs,pyvrp_cost_mean,pyvrp_cost_std,global_risk_mean,global_risk_std,global_cvar90_mean,global_cvar90_std,max_vehicle_risk_mean,max_vehicle_risk_std,max_vehicle_cvar90_mean,max_vehicle_cvar90_std,vehicle_risk_gini_mean,vehicle_risk_gini_std,risk_variance_mean,risk_variance_std,edge_burden_gini_used_mean,edge_burden_gini_used_std,top10_burden_share_mean,top10_burden_share_std,max_edge_burden_mean,max_edge_burden_std,cost_increase_pct,risk_reduction_pct
0.0,0.0,10,146730.9,582.7275807213293,8.921122319343704,0.6499384923808145,0.2303359959175141,0.04480491399647686,2.7815198156109546,0.25551851145579635,0.3876566361236785,0.05926928009919228,0.18797156450576707,0.03586638548931317,0.40743320543036476,0.1420134358533323,0.8360336371325714,0.007677916929918633,0.8697227075758726,0.010578533334264572,1.070006048679352,0.34117357365136824,0.0,0.0
1.0,0.0,10,177702.0,218.8911449404323,3.599174035272881,0.3543752239129622,0.08097393255500544,0.012496300715739284,1.1694111758723011,0.23465146199135256,0.1196770493103753,0.019691623637725784,0.23031107290124764,0.04285091210764315,0.102038918037,0.04355311182227714,0.7000238353905652,0.026555711835984642,0.6952737988633692,0.03205125900021178,0.5091308951377869,0.0,0.21107415002565927,0.5965559145546772
1.0,1.0,10,189088.5,343.98328447760366,2.9069911761289404,0.05429195431261605,0.05380156473551145,0.002554393753101629,0.9840735531990503,0.025689869909912986,0.10499813434268748,1.4628472785736255e-17,0.27021365758157506,0.04891327774812055,0.08635280687066445,0.03215185051531582,0.6439025361062887,0.01135069444312292,0.6209019539178944,0.011486437231558682,0.5091308951377869,0.0,0.28867539148195787,0.6741451274772486
