beta,lambda_concentration,runs,pyvrp_cost_mean,pyvrp_cost_std,global_risk_mean,global_risk_std,global_cvar90_mean,global_cvar90_std,max_vehicle_risk_mean,max_vehicle_risk_std,max_vehicle_cvar90_mean,max_vehicle_cvar90_std,vehicle_risk_gini_mean,vehicle_risk_gini_std,risk_variance_mean,risk_variance_std,edge_burden_gini_used_mean,edge_burden_gini_used_std,top10_burden_share_mean,top10_burden_share_std,max_edge_burden_mean,max_edge_burden_std,cost_increase_pct,risk_reduction_pct
0.0,0.0,10,133997.5,0.7071067811865476,10.261332556628258,1.0491329575261965,0.20917726198645775,0.10379521099221439,3.2609866544191393,0.26312125614136794,0.4277458350060909,0.16196098628922911,0.21786104750924212,0.05176700399044152,0.7230226081937531,0.30780848140844724,0.8802832482659044,0.009494561099753577,0.9000098952399871,0.009200166641056176,1.669166088104248,0.2847362906092695,0.0,0.0
1.0,0.0,10,156910.7,380.2513934520454,3.3473505372705405,0.23682825027510687,0.052954280359629825,0.005882974898522161,1.304363591920628,0.2054181363695558,0.11279013353488629,0.04463581851401371,0.3087622947477525,0.03413390624042178,0.15566990922599022,0.04942270872525153,0.7936614767971862,0.01086959117815683,0.7528252944701721,0.01627613918649532,0.7243051528930664,0.0,0.17099722009738996,0.6737898787707636
2.0,0.0,10,168014.8,457.78447136422426,2.317154423678221,0.2526277409759836,0.031250403697590405,0.005712079292972735,0.6852511146209508,0.07964327371238158,0.08245224504125498,0.033099661442776596,0.19728212932862343,0.034032720017230504,0.028325576372239137,0.01009518328415813,0.7084410756619846,0.03837107392549149,0.6311966977858597,0.05264153664119979,0.4138447895646095,0.12924485671231942,0.2538651840519412,0.7741858173983222
