beta,lambda_concentration,runs,pyvrp_cost_mean,pyvrp_cost_std,global_risk_mean,global_risk_std,global_cvar90_mean,global_cvar90_std,max_vehicle_risk_mean,max_vehicle_risk_std,max_vehicle_cvar90_mean,max_vehicle_cvar90_std,vehicle_risk_gini_mean,vehicle_risk_gini_std,risk_variance_mean,risk_variance_std,edge_burden_gini_used_mean,edge_burden_gini_used_std,top10_burden_share_mean,top10_burden_share_std,max_edge_burden_mean,max_edge_burden_std,cost_increase_pct,risk_reduction_pct
0.0,0.0,3,133997.33333333334,0.5773502691896258,7.169509889707115,1.116609296873193,0.21840294692071957,0.06881078912690151,2.33120760457435,0.18575906905131373,0.3407945671961421,0.07957324429664256,0.20522784902626703,0.04907919662273547,0.36658174607091304,0.2431201050454153,0.8750016836048108,0.0015910642998453752,0.8983625721368282,0.004876399678146782,0.8512213230133057,0.0008521287063165613,0.0,0.0
1.0,0.0,3,156026.66666666666,52.53887449625594,2.30634366683474,0.009225236281041126,0.049761569390500825,0.0028413387164409063,0.8947400900894232,0.14703254079386888,0.09944846394604871,0.02636520524942518,0.26247651710294884,0.0652527955902082,0.059534712510013375,0.036295312289153184,0.7851016281145751,4.275082977738114e-05,0.7477158262767479,0.0005954916983651739,0.4154953062534332,0.0,0.16440128161754447,0.6783122274304253
