{
  "model": "stable_tail_rc_gnn",
  "source_model": "gcn_teg_concat",
  "seed": 2,
  "delta": 0.25,
  "risk_mode": "exposure_floor",
  "exposure_delta": 0.01,
  "posthoc_formula": "clip(S_i_norm + delta * P_high * (1 - S_i_norm), 0, 1)",
  "risk_summaries": {
    "data_2020": {
      "edge_count": 6603,
      "risk_min": 3.0977385368427234e-07,
      "risk_max": 0.9471144347866414,
      "risk_mean": 0.021038397019512184,
      "risk_p25": 0.0008046547233105325,
      "risk_p50": 0.001839807650380778,
      "risk_p75": 0.004261526750918281,
      "risk_p90": 0.008870498842480574,
      "risk_p95": 0.09148403661156115,
      "risk_p99": 0.4511979717012189,
      "zero_risk_edge_count": 0,
      "zero_risk_edge_ratio": 0.0,
      "edge_attribute_zero_ratio": 0.928365894290474,
      "matrix_5x8": [
        [
          0,
          667,
          303,
          174,
          48,
          46,
          60,
          23
        ],
        [
          0,
          722,
          215,
          127,
          66,
          39,
          80,
          72
        ],
        [
          0,
          619,
          244,
          191,
          72,
          95,
          70,
          29
        ],
        [
          0,
          623,
          303,
          137,
          58,
          55,
          98,
          47
        ],
        [
          0,
          573,
          330,
          170,
          65,
          54,
          101,
          27
        ]
      ]
    },
    "data_2021": {
      "edge_count": 7647,
      "risk_min": 3.4059797775899447e-10,
      "risk_max": 0.9244773699623297,
      "risk_mean": 0.019282337569746014,
      "risk_p25": 0.0008543759451495497,
      "risk_p50": 0.0019148793120464342,
      "risk_p75": 0.004466020718200024,
      "risk_p90": 0.008866800281461548,
      "risk_p95": 0.07973514157236418,
      "risk_p99": 0.45409124150123675,
      "zero_risk_edge_count": 0,
      "zero_risk_edge_ratio": 0.0,
      "edge_attribute_zero_ratio": 0.9314763959722767,
      "matrix_5x8": [
        [
          0,
          749,
          449,
          150,
          110,
          8,
          48,
          16
        ],
        [
          0,
          783,
          336,
          106,
          103,
          41,
          92,
          68
        ],
        [
          0,
          689,
          346,
          188,
          145,
          29,
          94,
          39
        ],
        [
          0,
          672,
          334,
          164,
          139,
          49,
          108,
          63
        ],
        [
          0,
          639,
          437,
          136,
          94,
          41,
          116,
          66
        ]
      ]
    }
  }
}