beta,lambda_concentration,runs,pyvrp_cost_mean,pyvrp_cost_std,global_risk_mean,global_risk_std,global_cvar90_mean,global_cvar90_std,max_vehicle_risk_mean,max_vehicle_risk_std,max_vehicle_cvar90_mean,max_vehicle_cvar90_std,vehicle_risk_gini_mean,vehicle_risk_gini_std,risk_variance_mean,risk_variance_std,edge_burden_gini_used_mean,edge_burden_gini_used_std,top10_burden_share_mean,top10_burden_share_std,max_edge_burden_mean,max_edge_burden_std,cost_increase_pct,risk_reduction_pct
0.0,0.0,5,146531.2,556.7375503771952,8.123780848306222,0.7651581786693076,0.25019495239325346,0.04212083934954872,2.7888713339925744,0.4517561454481655,0.4192741005051704,0.05504098436006905,0.23573775870001262,0.024860667490128267,0.5412806213203275,0.1982467484114707,0.8698088963086477,0.006016729688424343,0.8959899911978125,0.007527536026188448,1.034598469734192,0.375086672915431,0.0,0.0
1.0,0.0,5,176885.2,361.80547259542664,3.8376400301265696,0.2694415548789708,0.09225107422513545,0.006656424503810361,1.2433894382627249,0.10868057988087564,0.1514910141272204,0.006897346336752489,0.2784483175312646,0.014759352229155075,0.155308676008816,0.031191553779141522,0.8178358646367834,0.00721903268037223,0.8041099406083461,0.012626217275098044,0.5138984680175781,0.009630602261148143,0.20715042257212113,0.5276041904888127
