beta,lambda_concentration,runs,pyvrp_cost_mean,pyvrp_cost_std,global_risk_mean,global_risk_std,global_cvar90_mean,global_cvar90_std,max_vehicle_risk_mean,max_vehicle_risk_std,max_vehicle_cvar90_mean,max_vehicle_cvar90_std,vehicle_risk_gini_mean,vehicle_risk_gini_std,risk_variance_mean,risk_variance_std,edge_burden_gini_used_mean,edge_burden_gini_used_std,top10_burden_share_mean,top10_burden_share_std,max_edge_burden_mean,max_edge_burden_std,cost_increase_pct,risk_reduction_pct
0.0,0.0,10,133997.6,0.6992058987801011,8.325139516191848,0.8636093058768478,0.25270956935821043,0.04370059020730219,2.3918420958296336,0.4100915712741756,0.38927888229178886,0.10786732679820796,0.13578863344112574,0.040308462855791566,0.22255797309703004,0.1497400574411277,0.8483380971913101,0.009212392393422541,0.8764983980344155,0.009845920726699585,1.1702327251434326,0.3763984941117983,0.0,0.0
1.0,0.0,10,161899.6,266.04393956220423,3.662661275913706,0.1323325099569037,0.08834621619071055,0.014183934872467848,1.2196824179205579,0.09924407475647351,0.14815642433684498,0.021268232151812776,0.27559301994186924,0.056887990898098956,0.13727350164827912,0.05440306752216681,0.7558585042509444,0.006683379361250443,0.7499486570671448,0.008911585597533992,0.9364670515060425,0.0,0.20822761004674709,0.5600480606011911
