beta,lambda_concentration,runs,pyvrp_cost_mean,pyvrp_cost_std,global_risk_mean,global_risk_std,global_cvar90_mean,global_cvar90_std,max_vehicle_risk_mean,max_vehicle_risk_std,max_vehicle_cvar90_mean,max_vehicle_cvar90_std,vehicle_risk_gini_mean,vehicle_risk_gini_std,risk_variance_mean,risk_variance_std,edge_burden_gini_used_mean,edge_burden_gini_used_std,top10_burden_share_mean,top10_burden_share_std,max_edge_burden_mean,max_edge_burden_std,cost_increase_pct,risk_reduction_pct
0.0,0.0,10,133997.6,0.6992058987801011,7.807567671402649,0.8502661354947213,0.24287250676243394,0.03857475091287281,2.309584274417284,0.35502768126324497,0.3809402148798108,0.10275753412856536,0.15654223260802874,0.039297772896970604,0.23111552975670663,0.15449982392222425,0.8715683734379894,0.008106696389790596,0.8967222254319245,0.0073440616242818725,1.1200567305088043,0.41618369381816045,0.0,0.0
1.0,0.0,10,160238.4,346.7747267479438,3.2709975796184154,0.23484425951605803,0.08084302418569846,0.010937482675291908,1.140913440939039,0.07325571717565892,0.14130449526322383,0.01500873956290219,0.30041700530109194,0.0624789194636153,0.1319404795551162,0.042691147868517736,0.8052048238800629,0.009797401229019436,0.7894451157262152,0.014434030335506874,0.842739462852478,0.0,0.19583037308130882,0.5810478093452945
