beta,lambda_concentration,runs,pyvrp_cost_mean,pyvrp_cost_std,global_risk_mean,global_risk_std,global_cvar90_mean,global_cvar90_std,max_vehicle_risk_mean,max_vehicle_risk_std,max_vehicle_cvar90_mean,max_vehicle_cvar90_std,vehicle_risk_gini_mean,vehicle_risk_gini_std,risk_variance_mean,risk_variance_std,edge_burden_gini_used_mean,edge_burden_gini_used_std,top10_burden_share_mean,top10_burden_share_std,max_edge_burden_mean,max_edge_burden_std,cost_increase_pct,risk_reduction_pct
0.0,0.0,5,133997.4,0.5477225575051661,8.354823599679872,0.9701022477049545,0.23289928971936646,0.05778146316137103,2.7450723661346332,0.4427840718308522,0.44260476155501305,0.11995511992277572,0.2267240853574521,0.04792620556019541,0.5299201222593306,0.29269771732772104,0.8463665024380322,0.010588444020367066,0.8740201020135849,0.009407933454779228,1.2011346822760796,0.3629440189494105,0.0,0.0
1.0,0.0,5,158644.4,581.0454371217452,3.1513737904512498,0.18480164650785771,0.07099975953187102,0.016087353264290925,1.1072524387890155,0.12367692087527758,0.1421484128558357,0.03065944074166615,0.26748919561036427,0.0353326644508678,0.10312203775598172,0.02628663146494004,0.714024350812366,0.012038885351876123,0.7014117468271336,0.0134132167673917,0.5194105912982544,0.0,0.1839364047362113,0.6228078602913145
