{
  "model": "teg_gnn",
  "split": "B",
  "seed": 8,
  "epochs": 50,
  "risk_mode": "exposure_floor",
  "exposure_delta": 0.01,
  "experiment_tag": "teg_low_tail_10seed",
  "alpha_ord": 0.3,
  "alpha_hr": 0.5,
  "alpha_topk": 0.1,
  "metrics": {
    "data_2020_train": {
      "macro_f1": 0.5396299869106549,
      "weighted_f1": 0.7336988974909159,
      "mae": 1.242712602180073,
      "qwk": 0.6364070168288416,
      "recall_6_8": 0.65,
      "precision_6_8": 0.7222222222222222,
      "pr_auc_high": 0.8103669909819646,
      "high_fn_rate": 0.35
    },
    "data_2021_train": {
      "macro_f1": 0.7325011647661093,
      "weighted_f1": 0.8192718824792774,
      "mae": 1.0163091011895757,
      "qwk": 0.7484775749076297,
      "recall_6_8": 0.72,
      "precision_6_8": 0.8571428571428571,
      "pr_auc_high": 0.9161426554892982,
      "high_fn_rate": 0.28
    },
    "data_2021_test": {
      "macro_f1": 0.2904712990412788,
      "weighted_f1": 0.5793379117922728,
      "mae": 1.5593670605982268,
      "qwk": 0.3939106178408214,
      "recall_6_8": 0.34615384615384615,
      "precision_6_8": 0.6,
      "pr_auc_high": 0.3935387791509246,
      "high_fn_rate": 0.6538461538461539
    }
  },
  "split_sizes": {
    "data_2020": {
      "train": 419,
      "val": 0,
      "test": 0
    },
    "data_2021": {
      "train": 221,
      "val": 0,
      "test": 222
    }
  },
  "risk_summaries": {
    "data_2020": {
      "edge_count": 6603,
      "risk_min": 8.600099299371777e-09,
      "risk_max": 0.968339741230011,
      "risk_mean": 0.020062539726495743,
      "risk_p25": 0.002890379400923848,
      "risk_p50": 0.0037784844171255827,
      "risk_p75": 0.004813496023416519,
      "risk_p90": 0.00857143010944128,
      "risk_p95": 0.10028749704360962,
      "risk_p99": 0.4326867163181305,
      "zero_risk_edge_count": 0,
      "zero_risk_edge_ratio": 0.0,
      "edge_attribute_zero_ratio": 0.928365894290474,
      "matrix_5x8": [
        [
          0,
          71,
          275,
          653,
          222,
          22,
          52,
          26
        ],
        [
          0,
          88,
          283,
          524,
          231,
          57,
          60,
          78
        ],
        [
          0,
          81,
          252,
          582,
          275,
          46,
          53,
          31
        ],
        [
          0,
          78,
          227,
          591,
          247,
          68,
          57,
          53
        ],
        [
          0,
          169,
          338,
          469,
          201,
          25,
          83,
          35
        ]
      ]
    },
    "data_2021": {
      "edge_count": 7647,
      "risk_min": 8.600099299371777e-09,
      "risk_max": 0.9271950125694275,
      "risk_mean": 0.017991825938224792,
      "risk_p25": 0.0028814347460865974,
      "risk_p50": 0.003740231040865183,
      "risk_p75": 0.004685582127422094,
      "risk_p90": 0.008568990975618362,
      "risk_p95": 0.08578862249851227,
      "risk_p99": 0.398078054189682,
      "zero_risk_edge_count": 0,
      "zero_risk_edge_ratio": 0.0,
      "edge_attribute_zero_ratio": 0.9314763959722767,
      "matrix_5x8": [
        [
          0,
          87,
          299,
          781,
          297,
          16,
          43,
          7
        ],
        [
          0,
          98,
          352,
          650,
          260,
          36,
          84,
          49
        ],
        [
          0,
          73,
          343,
          694,
          278,
          43,
          69,
          30
        ],
        [
          0,
          67,
          282,
          714,
          296,
          59,
          52,
          59
        ],
        [
          0,
          187,
          384,
          553,
          232,
          33,
          105,
          35
        ]
      ]
    }
  }
}