beta,lambda_concentration,runs,pyvrp_cost_mean,pyvrp_cost_std,global_risk_mean,global_risk_std,global_cvar90_mean,global_cvar90_std,max_vehicle_risk_mean,max_vehicle_risk_std,max_vehicle_cvar90_mean,max_vehicle_cvar90_std,vehicle_risk_gini_mean,vehicle_risk_gini_std,risk_variance_mean,risk_variance_std,edge_burden_gini_used_mean,edge_burden_gini_used_std,top10_burden_share_mean,top10_burden_share_std,max_edge_burden_mean,max_edge_burden_std,cost_increase_pct,risk_reduction_pct
0.0,0.0,10,133997.5,0.7071067811865476,8.687381723712315,0.8067551343964288,0.26752309067320684,0.0456417748822937,2.5882283133105375,0.5380505949621609,0.43436245298279186,0.11853281592545051,0.14106062980378362,0.05859226410362927,0.28780598852407585,0.26240940993119893,0.8473319804608892,0.009518758068577628,0.8767240635906257,0.008414129249087252,1.2743091583251953,0.37623666224373775,0.0,0.0
1.0,0.0,10,161521.1,317.67784170620257,3.6580362824548502,0.257766938357899,0.08624485274506768,0.016964874091935322,1.3051579560764366,0.22134111425173217,0.16432421901041552,0.02500296323983492,0.30714054283777886,0.06978092036925967,0.17786108852101737,0.07925942734345363,0.7465362879470623,0.014796405103679784,0.7378428322777466,0.019776207241217668,0.8399437069892883,0.0,0.20540383216104782,0.5789253426644332
1.0,1.0,10,173637.5,389.6383650971187,2.8940107467380587,0.21007636339601563,0.05378345114160758,0.00654230397027524,1.1290739099582425,0.10270240610176527,0.14245483475426832,0.03412328624895099,0.3036746333745267,0.04331918020528048,0.10599187305076478,0.02815307569566755,0.6897862872378241,0.020938718188893812,0.6664951091519219,0.024326133353909297,0.8399437069892883,0.0,0.2958264146719155,0.6668719254226521
