{
  "name": "fusion_gcn_teg_low_rho050_splitB_seed3_epochs50_10seed_floor_0p01",
  "risk_dirs": [
    "D:\\PyVRP-main\\hazmat_risk_experiments\\outputs_10seed\\risk_matrices\\gcn_splitB_seed3_epochs50_10seed_floor_0p01",
    "D:\\PyVRP-main\\hazmat_risk_experiments\\outputs_10seed\\risk_matrices\\teg_gnn_splitB_seed3_epochs50_teg_low_tail_10seed_floor_0p01"
  ],
  "weights": [
    0.5,
    0.5
  ],
  "ensemble": "mean node probabilities",
  "summaries": [
    {
      "year": "data_2020",
      "edge_count": 6603,
      "risk_mean": 0.020240876664116985,
      "risk_p95": 0.11413942671751712,
      "risk_p99": 0.4327016883995712,
      "risk_max": 0.8616431462412167
    },
    {
      "year": "data_2021",
      "edge_count": 7647,
      "risk_mean": 0.017175314212155582,
      "risk_p95": 0.10019016810832193,
      "risk_p99": 0.3723372976902876,
      "risk_max": 0.8568481779219093
    }
  ]
}