{
  "model": "stable_tail_ec_gnn",
  "split": "B",
  "seed": 0,
  "epochs": 50,
  "risk_mode": "exposure_floor",
  "exposure_delta": 0.01,
  "uncertainty_tau": 0.0,
  "experiment_tag": "EC3_d0p10_le0p10",
  "alpha_ord": 0.3,
  "alpha_hr": 0.5,
  "alpha_topk": 0.1,
  "lambda_nll": 0.0,
  "lambda_var": 0.0,
  "ec_delta_max": 0.1,
  "lambda_edge": 0.1,
  "lambda_edge_high": 0.05,
  "lambda_distill": 0.2,
  "lambda_delta": 0.02,
  "ec_teacher_epochs": 50,
  "gamma_unc": 0.5,
  "logvar_min": -5.0,
  "logvar_max": 2.0,
  "metrics": {
    "data_2020_train": {
      "macro_f1": 0.2659859831119855,
      "weighted_f1": 0.6519285532415833,
      "mae": 1.0821777785028583,
      "qwk": 0.48239787875185425,
      "recall_6_8": 0.475,
      "precision_6_8": 0.5,
      "pr_auc_high": 0.45314873634720754,
      "high_fn_rate": 0.525,
      "brier": 0.41461753845214844,
      "ece": 0.12000723933547666
    },
    "data_2021_train": {
      "macro_f1": 0.32132034632034634,
      "weighted_f1": 0.64889424301189,
      "mae": 1.0042236015300146,
      "qwk": 0.46692987561577093,
      "recall_6_8": 0.44,
      "precision_6_8": 0.6470588235294118,
      "pr_auc_high": 0.5883250404551212,
      "high_fn_rate": 0.56,
      "brier": 0.4122256338596344,
      "ece": 0.10808065702203173
    },
    "data_2021_test": {
      "macro_f1": 0.2327452153110048,
      "weighted_f1": 0.5949965515754989,
      "mae": 1.2877841765113411,
      "qwk": 0.36004165682506284,
      "recall_6_8": 0.38461538461538464,
      "precision_6_8": 0.43478260869565216,
      "pr_auc_high": 0.3838551887833494,
      "high_fn_rate": 0.6153846153846154,
      "brier": 0.4830643832683563,
      "ece": 0.08928511070238576
    }
  },
  "split_sizes": {
    "data_2020": {
      "train": 419,
      "val": 0,
      "test": 0
    },
    "data_2021": {
      "train": 221,
      "val": 0,
      "test": 222
    }
  },
  "risk_summaries": {
    "data_2020": {
      "edge_count": 6603,
      "risk_min": 0.0,
      "risk_max": 0.7804960012435913,
      "risk_mean": 0.01820230670273304,
      "risk_p25": 0.000720558746252209,
      "risk_p50": 0.0017520921537652612,
      "risk_p75": 0.0038608659524470568,
      "risk_p90": 0.006980897858738899,
      "risk_p95": 0.10821117460727692,
      "risk_p99": 0.3941504657268524,
      "zero_risk_edge_count": 622,
      "zero_risk_edge_ratio": 0.09419960623958806,
      "edge_attribute_zero_ratio": 0.928365894290474,
      "matrix_5x8": [
        [
          0,
          550,
          447,
          127,
          124,
          54,
          19,
          0
        ],
        [
          0,
          490,
          434,
          152,
          106,
          56,
          83,
          0
        ],
        [
          0,
          400,
          437,
          204,
          187,
          51,
          41,
          0
        ],
        [
          0,
          421,
          464,
          182,
          137,
          82,
          35,
          0
        ],
        [
          0,
          425,
          443,
          199,
          138,
          62,
          53,
          0
        ]
      ]
    },
    "data_2021": {
      "edge_count": 7647,
      "risk_min": 0.0,
      "risk_max": 0.7930771112442017,
      "risk_mean": 0.017207318916916847,
      "risk_p25": 0.0007285997271537781,
      "risk_p50": 0.0018733261385932565,
      "risk_p75": 0.0038820458576083183,
      "risk_p90": 0.007282336242496967,
      "risk_p95": 0.09151371568441391,
      "risk_p99": 0.4005039930343628,
      "zero_risk_edge_count": 652,
      "zero_risk_edge_ratio": 0.08526219432457173,
      "edge_attribute_zero_ratio": 0.9314763959722767,
      "matrix_5x8": [
        [
          0,
          730,
          466,
          162,
          71,
          63,
          38,
          0
        ],
        [
          0,
          506,
          533,
          184,
          187,
          32,
          87,
          0
        ],
        [
          0,
          414,
          551,
          249,
          222,
          31,
          63,
          0
        ],
        [
          0,
          414,
          535,
          199,
          269,
          75,
          37,
          0
        ],
        [
          0,
          448,
          535,
          216,
          208,
          62,
          60,
          0
        ]
      ]
    }
  }
}