{
  "model": "gcn_teg_concat",
  "split": "B",
  "seed": 8,
  "epochs": 50,
  "risk_mode": "exposure_floor",
  "exposure_delta": 0.01,
  "experiment_tag": "",
  "alpha_ord": 0.5,
  "alpha_hr": 1.0,
  "alpha_topk": 0.3,
  "metrics": {
    "data_2020_train": {
      "macro_f1": 0.4996954049498297,
      "weighted_f1": 0.735100249346136,
      "mae": 0.7400971290718754,
      "qwk": 0.7564855921722166,
      "recall_6_8": 0.85,
      "precision_6_8": 0.8947368421052632,
      "pr_auc_high": 0.9482427886465449,
      "high_fn_rate": 0.15
    },
    "data_2021_train": {
      "macro_f1": 0.6267910773464316,
      "weighted_f1": 0.8161976249297757,
      "mae": 0.565873664228196,
      "qwk": 0.8580941282789127,
      "recall_6_8": 0.92,
      "precision_6_8": 0.9583333333333334,
      "pr_auc_high": 0.9810523710805581,
      "high_fn_rate": 0.08
    },
    "data_2021_test": {
      "macro_f1": 0.26309513006654567,
      "weighted_f1": 0.6002475706196214,
      "mae": 1.2227113363175606,
      "qwk": 0.32760203145077404,
      "recall_6_8": 0.2692307692307692,
      "precision_6_8": 0.5384615384615384,
      "pr_auc_high": 0.3926879408930538,
      "high_fn_rate": 0.7307692307692307
    }
  },
  "split_sizes": {
    "data_2020": {
      "train": 419,
      "val": 0,
      "test": 0
    },
    "data_2021": {
      "train": 221,
      "val": 0,
      "test": 222
    }
  },
  "risk_summaries": {
    "data_2020": {
      "edge_count": 6603,
      "risk_min": 3.286770322574739e-08,
      "risk_max": 0.9106040000915527,
      "risk_mean": 0.018080629408359528,
      "risk_p25": 0.0008052595658227801,
      "risk_p50": 0.0015690067084506154,
      "risk_p75": 0.003669094294309616,
      "risk_p90": 0.008721455931663513,
      "risk_p95": 0.07212924212217331,
      "risk_p99": 0.4404335618019104,
      "zero_risk_edge_count": 0,
      "zero_risk_edge_ratio": 0.0,
      "edge_attribute_zero_ratio": 0.928365894290474,
      "matrix_5x8": [
        [
          0,
          727,
          354,
          86,
          58,
          8,
          59,
          29
        ],
        [
          0,
          658,
          305,
          126,
          66,
          13,
          63,
          90
        ],
        [
          0,
          591,
          359,
          125,
          96,
          47,
          49,
          53
        ],
        [
          0,
          606,
          360,
          104,
          97,
          44,
          46,
          64
        ],
        [
          0,
          662,
          346,
          78,
          80,
          33,
          65,
          56
        ]
      ]
    },
    "data_2021": {
      "edge_count": 7647,
      "risk_min": 9.519713017880349e-08,
      "risk_max": 0.8729889988899231,
      "risk_mean": 0.015546728856861591,
      "risk_p25": 0.0008152381051331758,
      "risk_p50": 0.0015381452394649386,
      "risk_p75": 0.0033021816052496433,
      "risk_p90": 0.008607889525592327,
      "risk_p95": 0.06588815897703171,
      "risk_p99": 0.40382876992225647,
      "zero_risk_edge_count": 0,
      "zero_risk_edge_ratio": 0.0,
      "edge_attribute_zero_ratio": 0.9314763959722767,
      "matrix_5x8": [
        [
          0,
          949,
          388,
          99,
          22,
          18,
          15,
          39
        ],
        [
          0,
          782,
          345,
          161,
          62,
          30,
          51,
          98
        ],
        [
          0,
          679,
          428,
          190,
          78,
          41,
          52,
          62
        ],
        [
          0,
          689,
          401,
          167,
          99,
          65,
          70,
          38
        ],
        [
          0,
          766,
          397,
          145,
          49,
          32,
          51,
          89
        ]
      ]
    }
  }
}