beta,lambda_concentration,runs,pyvrp_cost_mean,pyvrp_cost_std,global_risk_mean,global_risk_std,global_cvar90_mean,global_cvar90_std,max_vehicle_risk_mean,max_vehicle_risk_std,max_vehicle_cvar90_mean,max_vehicle_cvar90_std,vehicle_risk_gini_mean,vehicle_risk_gini_std,risk_variance_mean,risk_variance_std,edge_burden_gini_used_mean,edge_burden_gini_used_std,top10_burden_share_mean,top10_burden_share_std,max_edge_burden_mean,max_edge_burden_std,cost_increase_pct,risk_reduction_pct
0.0,0.0,10,133997.6,0.6992058987801011,7.228111976859333,0.8427763587676903,0.22882175973620508,0.035494279267950846,2.2621602002185224,0.36907527099146265,0.36345598106533583,0.11291674980947153,0.1978456862206504,0.06191938030936235,0.30293656470086294,0.1942134995807017,0.87637939437267,0.009350276667606976,0.8952922805772134,0.009257843155048925,1.150605891134349,0.42753496037981753,0.0,0.0
1.0,0.0,10,154240.4,218.46545620659472,2.302997991952157,0.14444425462767682,0.053411170175910586,0.009619033847599184,0.8000052034599003,0.10413111470117707,0.09835935618464983,0.020516565850535063,0.25147109639980614,0.05084608352811336,0.050001280143606816,0.018094644572974137,0.763088219861052,0.011598650044363955,0.7274424024568916,0.01564426323687987,0.3650472031342712,0.02136943387121885,0.15106837734407175,0.6813831884002567
