{
  "model": "gcn_teg_concat",
  "split": "A",
  "seed": 0,
  "epochs": 50,
  "risk_mode": "exposure_floor",
  "exposure_delta": 0.01,
  "experiment_tag": "",
  "alpha_ord": 0.3,
  "alpha_hr": 0.5,
  "alpha_topk": 0.1,
  "metrics": {
    "data_2020_train": {
      "macro_f1": 0.47962474793191956,
      "weighted_f1": 0.7778796508609427,
      "mae": 0.4701902477703725,
      "qwk": 0.8149415869323888,
      "recall_6_8": 0.967741935483871,
      "precision_6_8": 0.8823529411764706,
      "pr_auc_high": 0.9418152808549383,
      "high_fn_rate": 0.03225806451612903
    },
    "data_2020_val": {
      "macro_f1": 0.26845103425985783,
      "weighted_f1": 0.6380625327053898,
      "mae": 1.2581320702583794,
      "qwk": 0.2222222222222221,
      "recall_6_8": 0.2222222222222222,
      "precision_6_8": 0.6666666666666666,
      "pr_auc_high": 0.3076306231945319,
      "high_fn_rate": 0.7777777777777778
    },
    "data_2021_test": {
      "macro_f1": 0.2733024674116034,
      "weighted_f1": 0.6227834236523908,
      "mae": 1.1711636505879868,
      "qwk": 0.2754903023508086,
      "recall_6_8": 0.2549019607843137,
      "precision_6_8": 0.52,
      "pr_auc_high": 0.34553588848936173,
      "high_fn_rate": 0.7450980392156863
    }
  },
  "split_sizes": {
    "data_2020": {
      "train": 335,
      "val": 84,
      "test": 0
    },
    "data_2021": {
      "train": 0,
      "val": 0,
      "test": 443
    }
  },
  "risk_summaries": {
    "data_2020": {
      "edge_count": 6603,
      "risk_min": 0.0,
      "risk_max": 0.85811847448349,
      "risk_mean": 0.016537345945835114,
      "risk_p25": 0.00039722074870951474,
      "risk_p50": 0.0011639901204034686,
      "risk_p75": 0.0033536357805132866,
      "risk_p90": 0.008170189335942268,
      "risk_p95": 0.06112530454993248,
      "risk_p99": 0.4318739175796509,
      "zero_risk_edge_count": 3,
      "zero_risk_edge_ratio": 0.00045433893684688776,
      "edge_attribute_zero_ratio": 0.928365894290474,
      "matrix_5x8": [
        [
          3,
          898,
          182,
          106,
          33,
          20,
          73,
          6
        ],
        [
          0,
          739,
          241,
          115,
          33,
          58,
          119,
          16
        ],
        [
          0,
          755,
          234,
          130,
          74,
          66,
          50,
          11
        ],
        [
          0,
          746,
          245,
          103,
          79,
          48,
          93,
          7
        ],
        [
          0,
          821,
          198,
          97,
          42,
          59,
          80,
          23
        ]
      ]
    },
    "data_2021": {
      "edge_count": 7647,
      "risk_min": 0.0,
      "risk_max": 0.8448195457458496,
      "risk_mean": 0.01431277859956026,
      "risk_p25": 0.0004383604973554611,
      "risk_p50": 0.0011705178767442703,
      "risk_p75": 0.0031805955804884434,
      "risk_p90": 0.0072474852204322815,
      "risk_p95": 0.0571664422750473,
      "risk_p99": 0.3746390640735626,
      "zero_risk_edge_count": 5,
      "zero_risk_edge_ratio": 0.0006538511834706421,
      "edge_attribute_zero_ratio": 0.9314763959722767,
      "matrix_5x8": [
        [
          1,
          1067,
          248,
          117,
          28,
          29,
          38,
          2
        ],
        [
          1,
          815,
          306,
          132,
          126,
          53,
          96,
          0
        ],
        [
          1,
          899,
          285,
          134,
          104,
          38,
          63,
          6
        ],
        [
          1,
          847,
          334,
          125,
          136,
          36,
          49,
          1
        ],
        [
          1,
          882,
          295,
          115,
          93,
          47,
          91,
          5
        ]
      ]
    }
  }
}