beta,lambda_concentration,runs,pyvrp_cost_mean,pyvrp_cost_std,global_risk_mean,global_risk_std,global_cvar90_mean,global_cvar90_std,max_vehicle_risk_mean,max_vehicle_risk_std,max_vehicle_cvar90_mean,max_vehicle_cvar90_std,vehicle_risk_gini_mean,vehicle_risk_gini_std,risk_variance_mean,risk_variance_std,edge_burden_gini_used_mean,edge_burden_gini_used_std,top10_burden_share_mean,top10_burden_share_std,max_edge_burden_mean,max_edge_burden_std,cost_increase_pct,risk_reduction_pct
0.0,0.0,10,133997.6,0.6992058987801011,7.481776232182165,0.8378066482709092,0.21962451301996952,0.04774618540153266,2.23880661808289,0.39332624998912863,0.38111902465356423,0.0994850503202455,0.1591023552359919,0.06117642089146695,0.24544232997041612,0.17378543894855136,0.88440046098426,0.0077633012878152675,0.9022285132554938,0.006709771775872623,1.175433737039566,0.37215588155034446,0.0,0.0
1.5,1.0,10,179342.3,417.69687307637076,2.053472293319646,0.05366237030031285,0.03834508107401376,0.0023144576630102468,0.8899130830970534,0.020741125619322377,0.09885219297837465,0.0287207537086192,0.33023990303231693,0.026357696374333134,0.06832884100863897,0.007229435094818483,0.7647411880136681,0.006632827049869922,0.705060025193937,0.010044831368967949,0.6722076535224915,0.0,0.3383993444658709,0.7255367937245234
