{
  "model": "stable_tail_rc_gnn",
  "source_model": "gcn_teg_concat",
  "seed": 2,
  "delta": 0.05,
  "risk_mode": "exposure_floor",
  "exposure_delta": 0.01,
  "posthoc_formula": "clip(S_i_norm + delta * P_high * (1 - S_i_norm), 0, 1)",
  "risk_summaries": {
    "data_2020": {
      "edge_count": 6603,
      "risk_min": 3.0977385243292325e-07,
      "risk_max": 0.9342616015569376,
      "risk_mean": 0.01980424480303902,
      "risk_p25": 0.0007486252629059998,
      "risk_p50": 0.001667959903673388,
      "risk_p75": 0.003895551482950561,
      "risk_p90": 0.008570781497529364,
      "risk_p95": 0.08244081578321275,
      "risk_p99": 0.43282447121274664,
      "zero_risk_edge_count": 0,
      "zero_risk_edge_ratio": 0.0,
      "edge_attribute_zero_ratio": 0.928365894290474,
      "matrix_5x8": [
        [
          0,
          667,
          303,
          174,
          48,
          46,
          60,
          23
        ],
        [
          0,
          722,
          215,
          127,
          66,
          39,
          80,
          72
        ],
        [
          0,
          619,
          244,
          191,
          72,
          95,
          70,
          29
        ],
        [
          0,
          623,
          303,
          137,
          58,
          55,
          98,
          47
        ],
        [
          0,
          573,
          330,
          170,
          65,
          54,
          101,
          27
        ]
      ]
    },
    "data_2021": {
      "edge_count": 7647,
      "risk_min": 3.4059797775823636e-10,
      "risk_max": 0.9053605440713783,
      "risk_mean": 0.018138754308463848,
      "risk_p25": 0.0007864352700895435,
      "risk_p50": 0.0017502162204861358,
      "risk_p75": 0.004106595462812932,
      "risk_p90": 0.008564779410565252,
      "risk_p95": 0.07249553966364562,
      "risk_p99": 0.43100385871374775,
      "zero_risk_edge_count": 0,
      "zero_risk_edge_ratio": 0.0,
      "edge_attribute_zero_ratio": 0.9314763959722767,
      "matrix_5x8": [
        [
          0,
          749,
          449,
          150,
          110,
          8,
          48,
          16
        ],
        [
          0,
          783,
          336,
          106,
          103,
          41,
          92,
          68
        ],
        [
          0,
          689,
          346,
          188,
          145,
          29,
          94,
          39
        ],
        [
          0,
          672,
          334,
          164,
          139,
          49,
          108,
          63
        ],
        [
          0,
          639,
          437,
          136,
          94,
          41,
          116,
          66
        ]
      ]
    }
  }
}