beta,lambda_concentration,runs,pyvrp_cost_mean,pyvrp_cost_std,global_risk_mean,global_risk_std,global_cvar90_mean,global_cvar90_std,max_vehicle_risk_mean,max_vehicle_risk_std,max_vehicle_cvar90_mean,max_vehicle_cvar90_std,vehicle_risk_gini_mean,vehicle_risk_gini_std,risk_variance_mean,risk_variance_std,edge_burden_gini_used_mean,edge_burden_gini_used_std,top10_burden_share_mean,top10_burden_share_std,max_edge_burden_mean,max_edge_burden_std,cost_increase_pct,risk_reduction_pct
0.0,0.0,10,133997.6,0.6992058987801011,10.484907821577508,1.074863831407971,0.2550781038881981,0.07930048352097596,3.034652706398629,0.33760382686195733,0.44691535838184854,0.12155577847450225,0.15239786686467052,0.04255023979825304,0.3944873852022874,0.20753608064227874,0.8525076746477378,0.008096066389842522,0.8850251486918325,0.011276768771635876,1.397062647342682,0.4160661369854204,0.0,0.0
1.5,1.0,10,184419.0,1226.307556130281,3.083033422753215,0.17684551515776703,0.05354190502699992,0.004697221481904203,1.3191607390064746,0.009811096390389552,0.11226709202996324,0.025724756686646866,0.32886079829053727,0.01889200230408529,0.14939680510369321,0.006548217014485627,0.6863530147899521,0.01597200926346178,0.6632885143753148,0.019417398911570308,0.7417120337486267,0.0,0.3762858439255628,0.7059551237628274
2.0,1.0,10,191044.5,447.20173175971587,3.003124538541306,0.2527432565461482,0.05210567838050102,0.006649468736544002,1.3250167944468558,0.009451805094114847,0.11832240072744234,0.019668928101752803,0.34347236810914533,0.03090092810588905,0.15592749270104606,0.011446299054894306,0.6791522759617641,0.024883668625339132,0.6544706193712005,0.027534737801714365,0.7417120337486267,0.0,0.4257307593568839,0.7135764482009358
