{
  "model": "stable_tail_ua_gnn",
  "split": "B",
  "seed": 1,
  "epochs": 50,
  "risk_mode": "exposure_floor",
  "exposure_delta": 0.01,
  "uncertainty_tau": 0.0,
  "experiment_tag": "stable_tail_ua_pretest_3seed",
  "alpha_ord": 0.3,
  "alpha_hr": 0.5,
  "alpha_topk": 0.1,
  "lambda_nll": 0.2,
  "lambda_var": 0.01,
  "gamma_unc": 0.5,
  "logvar_min": -5.0,
  "logvar_max": 2.0,
  "metrics": {
    "data_2020_train": {
      "macro_f1": 0.37509302838025094,
      "weighted_f1": 0.6915366800499647,
      "mae": 0.8738975044292572,
      "qwk": 0.6287688091521895,
      "recall_6_8": 0.675,
      "precision_6_8": 0.6136363636363636,
      "pr_auc_high": 0.7203085653036754,
      "high_fn_rate": 0.325,
      "brier": 0.37205228209495544,
      "ece": 0.08065965170649754,
      "ordinal_nll": 1.087084285861785,
      "uncertainty_mean": 2.6076972484588623,
      "correct_uncertainty": 2.6194779872894287,
      "error_uncertainty": 2.572910785675049,
      "error_uncertainty_corr": -0.07942238099147785,
      "high_fn_uncertainty": 2.302537202835083
    },
    "data_2021_train": {
      "macro_f1": 0.41201216649614614,
      "weighted_f1": 0.6966031755703835,
      "mae": 0.766061992164873,
      "qwk": 0.6399531384429515,
      "recall_6_8": 0.68,
      "precision_6_8": 0.6296296296296297,
      "pr_auc_high": 0.8178004475465026,
      "high_fn_rate": 0.32,
      "brier": 0.33568045496940613,
      "ece": 0.07591129353952623,
      "ordinal_nll": 1.0627026902206247,
      "uncertainty_mean": 2.6107873916625977,
      "correct_uncertainty": 2.6326651573181152,
      "error_uncertainty": 2.5447559356689453,
      "error_uncertainty_corr": -0.1479116546143253,
      "high_fn_uncertainty": 2.1352744102478027
    },
    "data_2021_test": {
      "macro_f1": 0.2300147940618238,
      "weighted_f1": 0.5885196070839636,
      "mae": 1.296319383101268,
      "qwk": 0.2606493054980712,
      "recall_6_8": 0.2692307692307692,
      "precision_6_8": 0.3333333333333333,
      "pr_auc_high": 0.365623237989094,
      "high_fn_rate": 0.7307692307692307,
      "brier": 0.5166253447532654,
      "ece": 0.06941463227744574,
      "ordinal_nll": 1.238120054114295,
      "uncertainty_mean": 2.5996038913726807,
      "correct_uncertainty": 2.6003220081329346,
      "error_uncertainty": 2.5982770919799805,
      "error_uncertainty_corr": -0.0035537812245352196,
      "high_fn_uncertainty": 2.591524839401245
    }
  },
  "split_sizes": {
    "data_2020": {
      "train": 419,
      "val": 0,
      "test": 0
    },
    "data_2021": {
      "train": 221,
      "val": 0,
      "test": 222
    }
  },
  "risk_summaries": {
    "data_2020": {
      "edge_count": 6603,
      "risk_min": 2.8950826180818012e-09,
      "risk_max": 0.872433602809906,
      "risk_mean": 0.020987415686249733,
      "risk_p25": 0.0007613086490891874,
      "risk_p50": 0.0015509583754464984,
      "risk_p75": 0.004086615517735481,
      "risk_p90": 0.008462000638246536,
      "risk_p95": 0.09778542816638947,
      "risk_p99": 0.44057896733283997,
      "zero_risk_edge_count": 0,
      "zero_risk_edge_ratio": 0.0,
      "edge_attribute_zero_ratio": 0.928365894290474,
      "matrix_5x8": [
        [
          0,
          694,
          314,
          127,
          41,
          47,
          85,
          13
        ],
        [
          0,
          666,
          289,
          120,
          42,
          38,
          100,
          66
        ],
        [
          0,
          599,
          299,
          133,
          55,
          110,
          83,
          41
        ],
        [
          0,
          633,
          283,
          136,
          54,
          65,
          123,
          27
        ],
        [
          0,
          538,
          374,
          120,
          75,
          60,
          122,
          31
        ]
      ]
    },
    "data_2021": {
      "edge_count": 7647,
      "risk_min": 1.7029898324860682e-10,
      "risk_max": 0.8695772290229797,
      "risk_mean": 0.018684113398194313,
      "risk_p25": 0.0007885402883403003,
      "risk_p50": 0.0015587861416861415,
      "risk_p75": 0.004138327203691006,
      "risk_p90": 0.008332978934049606,
      "risk_p95": 0.08189450204372406,
      "risk_p99": 0.42081543803215027,
      "zero_risk_edge_count": 0,
      "zero_risk_edge_ratio": 0.0,
      "edge_attribute_zero_ratio": 0.9314763959722767,
      "matrix_5x8": [
        [
          0,
          829,
          395,
          104,
          109,
          28,
          64,
          1
        ],
        [
          0,
          804,
          308,
          96,
          84,
          109,
          80,
          48
        ],
        [
          0,
          707,
          345,
          148,
          106,
          106,
          89,
          29
        ],
        [
          0,
          705,
          351,
          115,
          87,
          159,
          88,
          24
        ],
        [
          0,
          664,
          415,
          115,
          81,
          102,
          133,
          19
        ]
      ]
    }
  }
}