beta,lambda_concentration,runs,pyvrp_cost_mean,pyvrp_cost_std,global_risk_mean,global_risk_std,global_cvar90_mean,global_cvar90_std,max_vehicle_risk_mean,max_vehicle_risk_std,max_vehicle_cvar90_mean,max_vehicle_cvar90_std,vehicle_risk_gini_mean,vehicle_risk_gini_std,risk_variance_mean,risk_variance_std,edge_burden_gini_used_mean,edge_burden_gini_used_std,top10_burden_share_mean,top10_burden_share_std,max_edge_burden_mean,max_edge_burden_std,cost_increase_pct,risk_reduction_pct
0.0,0.0,10,146730.9,582.7275807213293,10.099661565740789,0.6838957272783012,0.2942505314871208,0.03525010413943154,3.2594053927169595,0.24378074950341996,0.4547233261068994,0.049407935596745015,0.20325061279238565,0.03163947139723618,0.601655741489904,0.16014529762063076,0.8790578149832571,0.005386133535386973,0.9067887990893384,0.007762346394593676,1.304163051303234,0.23238249942294978,0.0,0.0
1.0,0.0,10,177675.8,368.99075568065086,3.930939842145084,0.44898498789873614,0.08446155058100877,0.011239944027413953,1.360827970913357,0.36421624832191357,0.15014180907893065,0.03540825175694823,0.2724411411036028,0.06573526025655527,0.18256542003558507,0.10942685623160751,0.8256652161184004,0.010898948548488777,0.7951995396637124,0.020226629837492346,0.6787973391354816,0.04301563201538434,0.21089559186238205,0.6107849934813763
