{
  "model": "teg_gnn",
  "split": "B",
  "seed": 5,
  "epochs": 50,
  "risk_mode": "exposure_floor",
  "exposure_delta": 0.01,
  "experiment_tag": "teg_low_tail_10seed",
  "alpha_ord": 0.3,
  "alpha_hr": 0.5,
  "alpha_topk": 0.1,
  "metrics": {
    "data_2020_train": {
      "macro_f1": 0.4774680862867783,
      "weighted_f1": 0.7104808398694219,
      "mae": 1.3419595580037291,
      "qwk": 0.5713229018019284,
      "recall_6_8": 0.6,
      "precision_6_8": 0.5853658536585366,
      "pr_auc_high": 0.7933029329112052,
      "high_fn_rate": 0.4
    },
    "data_2021_train": {
      "macro_f1": 0.6846435567697348,
      "weighted_f1": 0.7593072170206537,
      "mae": 1.2417000125016835,
      "qwk": 0.6416760864697456,
      "recall_6_8": 0.68,
      "precision_6_8": 0.7391304347826086,
      "pr_auc_high": 0.8603685781207522,
      "high_fn_rate": 0.32
    },
    "data_2021_test": {
      "macro_f1": 0.280843960391174,
      "weighted_f1": 0.5888390823375345,
      "mae": 1.5876732273138727,
      "qwk": 0.390592474466505,
      "recall_6_8": 0.34615384615384615,
      "precision_6_8": 0.6,
      "pr_auc_high": 0.45232909840023244,
      "high_fn_rate": 0.6538461538461539
    }
  },
  "split_sizes": {
    "data_2020": {
      "train": 419,
      "val": 0,
      "test": 0
    },
    "data_2021": {
      "train": 221,
      "val": 0,
      "test": 222
    }
  },
  "risk_summaries": {
    "data_2020": {
      "edge_count": 6603,
      "risk_min": 2.711329943849705e-05,
      "risk_max": 0.8605486154556274,
      "risk_mean": 0.02087058313190937,
      "risk_p25": 0.0031778456177562475,
      "risk_p50": 0.003908604849129915,
      "risk_p75": 0.0045564863830804825,
      "risk_p90": 0.008554157800972462,
      "risk_p95": 0.10787912458181381,
      "risk_p99": 0.4319849908351898,
      "zero_risk_edge_count": 0,
      "zero_risk_edge_ratio": 0.0,
      "edge_attribute_zero_ratio": 0.928365894290474,
      "matrix_5x8": [
        [
          0,
          36,
          144,
          735,
          312,
          9,
          73,
          12
        ],
        [
          0,
          49,
          217,
          674,
          197,
          43,
          134,
          7
        ],
        [
          0,
          46,
          229,
          708,
          193,
          69,
          73,
          2
        ],
        [
          0,
          59,
          181,
          691,
          226,
          55,
          77,
          32
        ],
        [
          0,
          119,
          277,
          557,
          216,
          30,
          112,
          9
        ]
      ]
    },
    "data_2021": {
      "edge_count": 7647,
      "risk_min": 1.4949355318094604e-05,
      "risk_max": 0.8533262014389038,
      "risk_mean": 0.017257343977689743,
      "risk_p25": 0.003156686667352915,
      "risk_p50": 0.0038583525456488132,
      "risk_p75": 0.00445899460464716,
      "risk_p90": 0.008338149636983871,
      "risk_p95": 0.09926848113536835,
      "risk_p99": 0.3463853895664215,
      "zero_risk_edge_count": 0,
      "zero_risk_edge_ratio": 0.0,
      "edge_attribute_zero_ratio": 0.9314763959722767,
      "matrix_5x8": [
        [
          0,
          30,
          156,
          833,
          447,
          25,
          39,
          0
        ],
        [
          0,
          43,
          296,
          842,
          220,
          44,
          84,
          0
        ],
        [
          0,
          43,
          313,
          848,
          214,
          51,
          61,
          0
        ],
        [
          0,
          34,
          246,
          867,
          259,
          63,
          47,
          13
        ],
        [
          0,
          130,
          382,
          626,
          262,
          62,
          64,
          3
        ]
      ]
    }
  }
}