beta,lambda_concentration,runs,pyvrp_cost_mean,pyvrp_cost_std,global_risk_mean,global_risk_std,global_cvar90_mean,global_cvar90_std,max_vehicle_risk_mean,max_vehicle_risk_std,max_vehicle_cvar90_mean,max_vehicle_cvar90_std,vehicle_risk_gini_mean,vehicle_risk_gini_std,risk_variance_mean,risk_variance_std,edge_burden_gini_used_mean,edge_burden_gini_used_std,top10_burden_share_mean,top10_burden_share_std,max_edge_burden_mean,max_edge_burden_std,cost_increase_pct,risk_reduction_pct
0.0,0.0,3,133997.33333333334,0.5773502691896258,8.149288439017255,0.9813031563497084,0.2501485329673578,0.06351164245671928,2.3021406279100725,0.22819301003266895,0.3698221708130505,0.0596593930795609,0.13008739242676196,0.047241932749136774,0.20538206047260354,0.1630212373957475,0.8627841306865985,0.0018994501797550683,0.8926566512899279,0.002654818694955427,0.898494303226471,0.0,0.0,0.0
1.0,0.0,3,158666.66666666666,137.4130027811536,3.2841047534214645,0.15821661792956532,0.0797397973237648,0.014170870383957573,1.3227493319718633,0.06950730493325197,0.16554380838005314,0.008919324683226473,0.30074901181666003,0.04480004998414432,0.14358343495966672,0.029402847123855932,0.7993866682354245,0.006297413253718793,0.7860401087283945,0.009981152275655504,0.5332204699516296,0.0,0.18410316623216366,0.5970071770072111
