beta,lambda_concentration,runs,pyvrp_cost_mean,pyvrp_cost_std,global_risk_mean,global_risk_std,global_cvar90_mean,global_cvar90_std,max_vehicle_risk_mean,max_vehicle_risk_std,max_vehicle_cvar90_mean,max_vehicle_cvar90_std,vehicle_risk_gini_mean,vehicle_risk_gini_std,risk_variance_mean,risk_variance_std,edge_burden_gini_used_mean,edge_burden_gini_used_std,top10_burden_share_mean,top10_burden_share_std,max_edge_burden_mean,max_edge_burden_std,cost_increase_pct,risk_reduction_pct
0.0,0.0,10,146730.9,582.7275807213293,8.060417831446594,0.5467133293538099,0.24854122706614276,0.030602279040803745,2.6207720385367232,0.35676910107933296,0.3940575671983627,0.08991706995195352,0.22032828429257725,0.03988045217699089,0.4484577976799125,0.1701409590717631,0.8538230139565031,0.00644712173416711,0.8837174962967247,0.010659264501803543,0.9398750616499155,0.3256994110595133,0.0,0.0
1.0,0.0,10,179330.9,379.2359130907538,3.4704042892934845,0.4421441311181619,0.08316068204480773,0.01423682612022171,1.1406957162610674,0.2113957302217919,0.13158127557818405,0.0377290321575584,0.25542118970980826,0.0427947030870936,0.11151864715658785,0.056404756673485996,0.781559419677273,0.018647974551259213,0.7762573139761566,0.027453290265894905,0.6068701529402124,0.012005848053617669,0.2221754245356636,0.5694510679390892
