{
  "model": "stable_tail_rc_gnn",
  "source_model": "gcn_teg_concat",
  "seed": 5,
  "delta": 0.15,
  "risk_mode": "exposure_floor",
  "exposure_delta": 0.01,
  "posthoc_formula": "clip(S_i_norm + delta * P_high * (1 - S_i_norm), 0, 1)",
  "risk_summaries": {
    "data_2020": {
      "edge_count": 6603,
      "risk_min": 1.1639869477233755e-21,
      "risk_max": 0.8797118267156506,
      "risk_mean": 0.01845994865568383,
      "risk_p25": 0.0006431326867046388,
      "risk_p50": 0.0016502389064845494,
      "risk_p75": 0.0034837339205633327,
      "risk_p90": 0.008534806629723378,
      "risk_p95": 0.07467383779722035,
      "risk_p99": 0.43175697394254386,
      "zero_risk_edge_count": 2,
      "zero_risk_edge_ratio": 0.00030289262456459186,
      "edge_attribute_zero_ratio": 0.928365894290474,
      "matrix_5x8": [
        [
          1,
          679,
          379,
          136,
          32,
          18,
          74,
          2
        ],
        [
          0,
          644,
          325,
          113,
          71,
          25,
          142,
          1
        ],
        [
          0,
          638,
          343,
          121,
          74,
          53,
          77,
          14
        ],
        [
          0,
          694,
          292,
          128,
          62,
          35,
          102,
          8
        ],
        [
          1,
          647,
          348,
          117,
          49,
          31,
          114,
          13
        ]
      ]
    },
    "data_2021": {
      "edge_count": 7647,
      "risk_min": 8.042128197566367e-19,
      "risk_max": 0.8792300220046887,
      "risk_mean": 0.014406430747400658,
      "risk_p25": 0.0006507923119043833,
      "risk_p50": 0.0015910557797130186,
      "risk_p75": 0.003309913138143085,
      "risk_p90": 0.0076931418585508985,
      "risk_p95": 0.05961940566446669,
      "risk_p99": 0.3885036688721782,
      "zero_risk_edge_count": 2,
      "zero_risk_edge_ratio": 0.0002615404733882568,
      "edge_attribute_zero_ratio": 0.9314763959722767,
      "matrix_5x8": [
        [
          1,
          835,
          451,
          101,
          73,
          19,
          48,
          2
        ],
        [
          1,
          798,
          360,
          165,
          116,
          32,
          54,
          3
        ],
        [
          0,
          776,
          398,
          174,
          84,
          34,
          50,
          14
        ],
        [
          0,
          790,
          358,
          178,
          81,
          56,
          52,
          14
        ],
        [
          0,
          706,
          502,
          113,
          84,
          28,
          89,
          7
        ]
      ]
    }
  }
}