{
  "pairs": "D:\\PyVRP-main\\hazmat_risk_experiments\\outputs_10seed\\od_paths\\fixed_od_pairs_150.csv",
  "num_pairs": 150,
  "year": "data_2021",
  "k_paths": 50,
  "cvar_alpha": 0.9,
  "re_threshold": "p75",
  "sources": [
    {
      "risk_source": "st_v1_seed0",
      "risk_dir": "D:\\PyVRP-main\\hazmat_risk_experiments\\outputs_10seed\\stable_tail_v2_pretest_3seed\\risk_matrices\\gcn_teg_concat_splitB_seed0_epochs50_st_v1_3seed_floor_0p01",
      "largest_component_nodes": 4357,
      "largest_component_edges": 6650,
      "re_threshold": "p75",
      "re_threshold_value": 0.0037902265321463346,
      "risk_diagnostics": {
        "edge_count": 6650,
        "zero_risk_edge_count": 1,
        "zero_risk_edge_ratio": 0.00015037593984962405,
        "risk_min": 0.0,
        "risk_p25": 0.0006664998800260946,
        "risk_p50": 0.0016167272115126252,
        "risk_p75": 0.0037902265321463346,
        "risk_p90": 0.00837573129683733,
        "risk_p95": 0.07332625947892604,
        "risk_p99": 0.4229744076728821,
        "risk_max": 0.8494246006011963,
        "edge_attribute_zero_ratio": 0.0,
        "S_i_norm_zero_or_near_zero_ratio": 0.004131282992885013
      }
    },
    {
      "risk_source": "st_v1_seed1",
      "risk_dir": "D:\\PyVRP-main\\hazmat_risk_experiments\\outputs_10seed\\stable_tail_v2_pretest_3seed\\risk_matrices\\gcn_teg_concat_splitB_seed1_epochs50_st_v1_3seed_floor_0p01",
      "largest_component_nodes": 4357,
      "largest_component_edges": 6650,
      "re_threshold": "p75",
      "re_threshold_value": 0.003767242655158043,
      "risk_diagnostics": {
        "edge_count": 6650,
        "zero_risk_edge_count": 10,
        "zero_risk_edge_ratio": 0.0015037593984962407,
        "risk_min": 0.0,
        "risk_p25": 0.0006763492128811777,
        "risk_p50": 0.0015272963792085648,
        "risk_p75": 0.003767242655158043,
        "risk_p90": 0.008556178770959377,
        "risk_p95": 0.06567809246480451,
        "risk_p99": 0.4320870637893677,
        "risk_max": 0.868152916431427,
        "edge_attribute_zero_ratio": 0.0,
        "S_i_norm_zero_or_near_zero_ratio": 0.003442735827404177
      }
    },
    {
      "risk_source": "st_v1_seed2",
      "risk_dir": "D:\\PyVRP-main\\hazmat_risk_experiments\\outputs_10seed\\stable_tail_v2_pretest_3seed\\risk_matrices\\gcn_teg_concat_splitB_seed2_epochs50_st_v1_3seed_floor_0p01",
      "largest_component_nodes": 4357,
      "largest_component_edges": 6650,
      "re_threshold": "p75",
      "re_threshold_value": 0.004483968019485474,
      "risk_diagnostics": {
        "edge_count": 6650,
        "zero_risk_edge_count": 0,
        "zero_risk_edge_ratio": 0.0,
        "risk_min": 3.4059796649721363e-10,
        "risk_p25": 0.0008255944558186457,
        "risk_p50": 0.0018397366511635482,
        "risk_p75": 0.004483968019485474,
        "risk_p90": 0.008808158338069916,
        "risk_p95": 0.07685622684657473,
        "risk_p99": 0.4486014291644097,
        "risk_max": 0.9009861350059509,
        "edge_attribute_zero_ratio": 0.0,
        "S_i_norm_zero_or_near_zero_ratio": 0.0009180628873077806
      }
    },
    {
      "risk_source": "st_v1_best_seed0",
      "risk_dir": "D:\\PyVRP-main\\hazmat_risk_experiments\\outputs_10seed\\stable_tail_v2_pretest_3seed\\risk_matrices\\gcn_teg_concat_splitB_seed0_epochs50_st_v1_best_3seed_floor_0p01",
      "largest_component_nodes": 4357,
      "largest_component_edges": 6650,
      "re_threshold": "p75",
      "re_threshold_value": 0.003665718948468566,
      "risk_diagnostics": {
        "edge_count": 6650,
        "zero_risk_edge_count": 3,
        "zero_risk_edge_ratio": 0.0004511278195488722,
        "risk_min": 0.0,
        "risk_p25": 0.0006541643087984994,
        "risk_p50": 0.0016597294015809894,
        "risk_p75": 0.003665718948468566,
        "risk_p90": 0.008463992737233639,
        "risk_p95": 0.07318361625075327,
        "risk_p99": 0.42412132024765015,
        "risk_max": 0.8523394465446472,
        "edge_attribute_zero_ratio": 0.0,
        "S_i_norm_zero_or_near_zero_ratio": 0.005508377323846684
      }
    },
    {
      "risk_source": "st_v1_best_seed1",
      "risk_dir": "D:\\PyVRP-main\\hazmat_risk_experiments\\outputs_10seed\\stable_tail_v2_pretest_3seed\\risk_matrices\\gcn_teg_concat_splitB_seed1_epochs50_st_v1_best_3seed_floor_0p01",
      "largest_component_nodes": 4357,
      "largest_component_edges": 6650,
      "re_threshold": "p75",
      "re_threshold_value": 0.0045525418827310205,
      "risk_diagnostics": {
        "edge_count": 6650,
        "zero_risk_edge_count": 0,
        "zero_risk_edge_ratio": 0.0,
        "risk_min": 3.4059796649721363e-10,
        "risk_p25": 0.0010128330904990435,
        "risk_p50": 0.0018909556092694402,
        "risk_p75": 0.0045525418827310205,
        "risk_p90": 0.008435210213065147,
        "risk_p95": 0.08680854849517304,
        "risk_p99": 0.43369412422180176,
        "risk_max": 0.8669065833091736,
        "edge_attribute_zero_ratio": 0.0,
        "S_i_norm_zero_or_near_zero_ratio": 0.002754188661923342
      }
    },
    {
      "risk_source": "st_v1_best_seed2",
      "risk_dir": "D:\\PyVRP-main\\hazmat_risk_experiments\\outputs_10seed\\stable_tail_v2_pretest_3seed\\risk_matrices\\gcn_teg_concat_splitB_seed2_epochs50_st_v1_best_3seed_floor_0p01",
      "largest_component_nodes": 4357,
      "largest_component_edges": 6650,
      "re_threshold": "p75",
      "re_threshold_value": 0.003997705178335309,
      "risk_diagnostics": {
        "edge_count": 6650,
        "zero_risk_edge_count": 0,
        "zero_risk_edge_ratio": 0.0,
        "risk_min": 4.5980725893457475e-09,
        "risk_p25": 0.0008578617998864502,
        "risk_p50": 0.0018210482085123658,
        "risk_p75": 0.003997705178335309,
        "risk_p90": 0.008632834069430828,
        "risk_p95": 0.07844982184469625,
        "risk_p99": 0.4359581470489502,
        "risk_max": 0.9496603012084961,
        "edge_attribute_zero_ratio": 0.0,
        "S_i_norm_zero_or_near_zero_ratio": 0.0011475786091347257
      }
    },
    {
      "risk_source": "st_v2_seed0",
      "risk_dir": "D:\\PyVRP-main\\hazmat_risk_experiments\\outputs_10seed\\stable_tail_v2_pretest_3seed\\risk_matrices\\gcn_teg_concat_splitB_seed0_epochs50_st_v2_3seed_floor_0p01",
      "largest_component_nodes": 4357,
      "largest_component_edges": 6650,
      "re_threshold": "p75",
      "re_threshold_value": 0.003757420927286148,
      "risk_diagnostics": {
        "edge_count": 6650,
        "zero_risk_edge_count": 1,
        "zero_risk_edge_ratio": 0.00015037593984962405,
        "risk_min": 0.0,
        "risk_p25": 0.0006590281263925135,
        "risk_p50": 0.0017535106744617224,
        "risk_p75": 0.003757420927286148,
        "risk_p90": 0.008498773910105228,
        "risk_p95": 0.07824200168251985,
        "risk_p99": 0.4141497439146048,
        "risk_max": 0.8522052764892578,
        "edge_attribute_zero_ratio": 0.0,
        "S_i_norm_zero_or_near_zero_ratio": 0.005278861602019738
      }
    },
    {
      "risk_source": "st_v2_seed1",
      "risk_dir": "D:\\PyVRP-main\\hazmat_risk_experiments\\outputs_10seed\\stable_tail_v2_pretest_3seed\\risk_matrices\\gcn_teg_concat_splitB_seed1_epochs50_st_v2_3seed_floor_0p01",
      "largest_component_nodes": 4357,
      "largest_component_edges": 6650,
      "re_threshold": "p75",
      "re_threshold_value": 0.004192623775452375,
      "risk_diagnostics": {
        "edge_count": 6650,
        "zero_risk_edge_count": 5,
        "zero_risk_edge_ratio": 0.0007518796992481203,
        "risk_min": 0.0,
        "risk_p25": 0.0009525762288831174,
        "risk_p50": 0.0018132193945348263,
        "risk_p75": 0.004192623775452375,
        "risk_p90": 0.008508073166012764,
        "risk_p95": 0.08297545462846756,
        "risk_p99": 0.4296577274799347,
        "risk_max": 0.8662746548652649,
        "edge_attribute_zero_ratio": 0.0,