beta,lambda_concentration,runs,pyvrp_cost_mean,pyvrp_cost_std,global_risk_mean,global_risk_std,global_cvar90_mean,global_cvar90_std,max_vehicle_risk_mean,max_vehicle_risk_std,max_vehicle_cvar90_mean,max_vehicle_cvar90_std,vehicle_risk_gini_mean,vehicle_risk_gini_std,risk_variance_mean,risk_variance_std,edge_burden_gini_used_mean,edge_burden_gini_used_std,top10_burden_share_mean,top10_burden_share_std,max_edge_burden_mean,max_edge_burden_std,cost_increase_pct,risk_reduction_pct
0.0,0.0,10,146730.9,582.7275807213293,7.044218215346325,0.630745634228972,0.2090335306356727,0.04086260740006866,2.4172858607079792,0.48806631052857197,0.391573712619568,0.1069527510670023,0.22400770512640458,0.048736941081468706,0.3967628130636528,0.2173524584617531,0.8725667260830392,0.007042332195659235,0.8889295377721194,0.008433600036693375,1.0410842279350578,0.36579971070585315,0.0,0.0
1.0,0.0,10,174101.5,426.4197853445984,2.941824893836151,0.1865730126907135,0.0736396690798632,0.005444346928275276,1.1986574628903,0.09037197155779395,0.13890530602572204,0.016547320002241423,0.29661937640931263,0.034500487834929115,0.1158418635364398,0.02914632200910534,0.7994818289772301,0.013926532781980024,0.7733735814215521,0.019148733921928614,0.595622462763874,0.0,0.1865360329691974,0.5823773761823902
