{
  "pairs": "D:\\PyVRP-main\\hazmat_risk_experiments\\outputs\\od_paths\\od_formal_floor001_p50_k50_cached_floor_0p01_a0p9_l1_p75\\od_pairs.csv",
  "num_pairs": 150,
  "year": "data_2021",
  "k_paths": 50,
  "cvar_alpha": 0.9,
  "re_threshold": "p75",
  "sources": [
    {
      "risk_source": "t2_0_t3_0",
      "risk_dir": "hazmat_risk_experiments\\outputs\\risk_matrices\\teg_low_cal_t2_0_t3_0_splitB_seed0_floor_0p01",
      "largest_component_nodes": 4357,
      "largest_component_edges": 6650,
      "re_threshold": "p75",
      "re_threshold_value": 0.0051133238117249446,
      "risk_diagnostics": {
        "edge_count": 6650,
        "zero_risk_edge_count": 2,
        "zero_risk_edge_ratio": 0.0003007518796992481,
        "risk_min": 0.0,
        "risk_p25": 0.003029710537542974,
        "risk_p50": 0.003909322730257684,
        "risk_p75": 0.0051133238117249446,
        "risk_p90": 0.00890991980677493,
        "risk_p95": 0.11728200735723297,
        "risk_p99": 0.449982699056097,
        "risk_max": 0.8924689688784407,
        "edge_attribute_zero_ratio": 0.0,
        "S_i_norm_zero_or_near_zero_ratio": 0.0009180628873077806
      }
    },
    {
      "risk_source": "t2_0_t3_0p25",
      "risk_dir": "hazmat_risk_experiments\\outputs\\risk_matrices\\teg_low_cal_t2_0_t3_0p25_splitB_seed0_floor_0p01",
      "largest_component_nodes": 4357,
      "largest_component_edges": 6650,
      "re_threshold": "p75",
      "re_threshold_value": 0.005194490435057438,
      "risk_diagnostics": {
        "edge_count": 6650,
        "zero_risk_edge_count": 1,
        "zero_risk_edge_ratio": 0.00015037593984962405,
        "risk_min": 0.0,
        "risk_p25": 0.0030930944945138784,
        "risk_p50": 0.003981448803653077,
        "risk_p75": 0.005194490435057438,
        "risk_p90": 0.00872293215087671,
        "risk_p95": 0.12051925206638862,
        "risk_p99": 0.43227238539745905,
        "risk_max": 0.8693822332370568,
        "edge_attribute_zero_ratio": 0.0,
        "S_i_norm_zero_or_near_zero_ratio": 0.0009180628873077806
      }
    },
    {
      "risk_source": "t2_0_t3_0p5",
      "risk_dir": "hazmat_risk_experiments\\outputs\\risk_matrices\\teg_low_cal_t2_0_t3_0p5_splitB_seed0_floor_0p01",
      "largest_component_nodes": 4357,
      "largest_component_edges": 6650,
      "re_threshold": "p75",
      "re_threshold_value": 0.005247534795425934,
      "risk_diagnostics": {
        "edge_count": 6650,
        "zero_risk_edge_count": 1,
        "zero_risk_edge_ratio": 0.00015037593984962405,
        "risk_min": 0.0,
        "risk_p25": 0.00311038237994317,
        "risk_p50": 0.004044031682866401,
        "risk_p75": 0.005247534795425934,
        "risk_p90": 0.008626224054236738,
        "risk_p95": 0.11938958945357023,
        "risk_p99": 0.4193527731159529,
        "risk_max": 0.8532653538315296,
        "edge_attribute_zero_ratio": 0.0,
        "S_i_norm_zero_or_near_zero_ratio": 0.0009180628873077806
      }
    },
    {
      "risk_source": "t2_0p25_t3_0",
      "risk_dir": "hazmat_risk_experiments\\outputs\\risk_matrices\\teg_low_cal_t2_0p25_t3_0_splitB_seed0_floor_0p01",
      "largest_component_nodes": 4357,
      "largest_component_edges": 6650,
      "re_threshold": "p75",
      "re_threshold_value": 0.0050224196831810345,
      "risk_diagnostics": {
        "edge_count": 6650,
        "zero_risk_edge_count": 2,
        "zero_risk_edge_ratio": 0.0003007518796992481,
        "risk_min": 0.0,
        "risk_p25": 0.002862630202970071,
        "risk_p50": 0.0037225085230791033,
        "risk_p75": 0.0050224196831810345,
        "risk_p90": 0.009251944301092468,
        "risk_p95": 0.1058981555065382,
        "risk_p99": 0.46686469096357053,
        "risk_max": 0.9259159786466328,
        "edge_attribute_zero_ratio": 0.0,
        "S_i_norm_zero_or_near_zero_ratio": 0.0009180628873077806
      }
    },
    {
      "risk_source": "t2_0p25_t3_0p25",
      "risk_dir": "hazmat_risk_experiments\\outputs\\risk_matrices\\teg_low_cal_t2_0p25_t3_0p25_splitB_seed0_floor_0p01",
      "largest_component_nodes": 4357,
      "largest_component_edges": 6650,
      "re_threshold": "p75",
      "re_threshold_value": 0.005080118118689591,
      "risk_diagnostics": {
        "edge_count": 6650,
        "zero_risk_edge_count": 1,
        "zero_risk_edge_ratio": 0.00015037593984962405,
        "risk_min": 0.0,
        "risk_p25": 0.002925789435426706,
        "risk_p50": 0.003815659261847423,
        "risk_p75": 0.005080118118689591,
        "risk_p90": 0.009048406001255288,
        "risk_p95": 0.1096389851516978,
        "risk_p99": 0.4496118444236007,
        "risk_max": 0.9036313599239046,
        "edge_attribute_zero_ratio": 0.0,
        "S_i_norm_zero_or_near_zero_ratio": 0.0009180628873077806
      }
    },
    {
      "risk_source": "t2_0p25_t3_0p5",
      "risk_dir": "hazmat_risk_experiments\\outputs\\risk_matrices\\teg_low_cal_t2_0p25_t3_0p5_splitB_seed0_floor_0p01",
      "largest_component_nodes": 4357,
      "largest_component_edges": 6650,
      "re_threshold": "p75",
      "re_threshold_value": 0.005139865760476426,
      "risk_diagnostics": {
        "edge_count": 6650,
        "zero_risk_edge_count": 1,
        "zero_risk_edge_ratio": 0.00015037593984962405,
        "risk_min": 0.0,
        "risk_p25": 0.002956398866833649,
        "risk_p50": 0.0038713450733161726,
        "risk_p75": 0.005139865760476426,
        "risk_p90": 0.00890503810268085,
        "risk_p95": 0.11170384798509025,
        "risk_p99": 0.4362181960092896,
        "risk_max": 0.8862260173585489,
        "edge_attribute_zero_ratio": 0.0,
        "S_i_norm_zero_or_near_zero_ratio": 0.0009180628873077806
      }
    },
    {
      "risk_source": "t2_0p5_t3_0",
      "risk_dir": "hazmat_risk_experiments\\outputs\\risk_matrices\\teg_low_cal_t2_0p5_t3_0_splitB_seed0_floor_0p01",
      "largest_component_nodes": 4357,
      "largest_component_edges": 6650,
      "re_threshold": "p75",
      "re_threshold_value": 0.004947405046696954,
      "risk_diagnostics": {
        "edge_count": 6650,
        "zero_risk_edge_count": 2,
        "zero_risk_edge_ratio": 0.0003007518796992481,
        "risk_min": 0.0,
        "risk_p25": 0.002753670821555321,
        "risk_p50": 0.003599253084833222,
        "risk_p75": 0.004947405046696954,
        "risk_p90": 0.009482104724459808,
        "risk_p95": 0.09902011709810207,
        "risk_p99": 0.4777445857214512,
        "risk_max": 0.9493346954744504,
        "edge_attribute_zero_ratio": 0.0,
        "S_i_norm_zero_or_near_zero_ratio": 0.0009180628873077806
      }
    },
    {
      "risk_source": "t2_0p5_t3_0p25",
      "risk_dir": "hazmat_risk_experiments\\outputs\\risk_matrices\\teg_low_cal_t2_0p5_t3_0p25_splitB_seed0_floor_0p01",
      "largest_component_nodes": 4357,
      "largest_component_edges": 6650,
      "re_threshold": "p75",
      "re_threshold_value": 0.005011028321059654,
      "risk_diagnostics": {
        "edge_count": 6650,
        "zero_risk_edge_count": 1,
        "zero_risk_edge_ratio": 0.00015037593984962405,
        "risk_min": 0.0,
        "risk_p25": 0.0027902055903408452,
        "risk_p50": 0.0036909544715526313,
        "risk_p75": 0.005011028321059654,
        "risk_p90": 0.00928158709043443,
        "risk_p95": 0.10332474079460932,
        "risk_p99": 0.4622008072121887,
        "risk_max": 0.9278543242208205,
        "edge_attribute_zero_ratio": 0.0,
        "S_i_norm_zero_or_near_zero_ratio": 0.0009180628873077806
      }
    },
    {
      "risk_source": "t2_0p5_t3_0p5",
      "risk_dir": "hazmat_risk_experiments\\outputs\\risk_matrices\\teg_low_cal_t2_0p5_t3_0p5_splitB_seed0_floor_0p01",
      "largest_component_nodes": 4357,
      "largest_component_edges": 6650,
      "re_threshold": "p75",
      "re_threshold_value": 0.005046750140185213,
      "risk_diagnostics": {
        "edge_count": 6650,
        "zero_risk_edge_count": 1,
        "zero_risk_edge_ratio": 0.00015037593984962405,
        "risk_min": 0.0,