beta,lambda_concentration,runs,pyvrp_cost_mean,pyvrp_cost_std,global_risk_mean,global_risk_std,global_cvar90_mean,global_cvar90_std,max_vehicle_risk_mean,max_vehicle_risk_std,max_vehicle_cvar90_mean,max_vehicle_cvar90_std,vehicle_risk_gini_mean,vehicle_risk_gini_std,risk_variance_mean,risk_variance_std,edge_burden_gini_used_mean,edge_burden_gini_used_std,top10_burden_share_mean,top10_burden_share_std,max_edge_burden_mean,max_edge_burden_std,cost_increase_pct,risk_reduction_pct
0.0,0.0,10,146730.9,582.7275807213293,8.75531076145586,0.6262351319391289,0.25472489492767414,0.03141820063698024,2.9390450200073395,0.21969285060705404,0.4151268112459115,0.04911731156591045,0.23274099515775043,0.029558485461929355,0.5899518857046034,0.1641397946835629,0.8562572388925659,0.006382818205973445,0.8865538916874887,0.010218491874040028,1.0057143437371265,0.3519965287785648,0.0,0.0
1.0,0.0,10,180484.0,494.5923124711458,4.301133321758389,0.20889967363189552,0.09429695404970258,0.017139036927474365,1.609196026665403,0.24749827592242213,0.18996342979653005,0.026677451163402803,0.3318576494335209,0.03711342290987464,0.2754449319389336,0.08258493675392034,0.8034897682330954,0.003905613846474786,0.8016420427351484,0.007300315000505911,0.8130911121339046,1.1702778228589004e-16,0.23003402827897879,0.5087400734313064
