beta,lambda_concentration,runs,pyvrp_cost_mean,pyvrp_cost_std,global_risk_mean,global_risk_std,global_cvar90_mean,global_cvar90_std,max_vehicle_risk_mean,max_vehicle_risk_std,max_vehicle_cvar90_mean,max_vehicle_cvar90_std,vehicle_risk_gini_mean,vehicle_risk_gini_std,risk_variance_mean,risk_variance_std,edge_burden_gini_used_mean,edge_burden_gini_used_std,top10_burden_share_mean,top10_burden_share_std,max_edge_burden_mean,max_edge_burden_std,cost_increase_pct,risk_reduction_pct
0.0,0.0,10,146730.9,582.7275807213293,8.216549113947092,0.6149426842440538,0.2606917406911333,0.02466220216685145,2.6895876675607107,0.4516526539315498,0.42545359431610397,0.10336250810535266,0.2224305759117558,0.04847333638926843,0.4882818059819086,0.2331487167549937,0.8813298514391595,0.005485062106327453,0.9054112838727496,0.00642732225297655,1.0946969277976382,0.33104391173383896,0.0,0.0
1.0,0.0,10,176669.5,99.28326478650199,3.2170013499087076,0.32526890658276253,0.07043743573388009,0.009593624176097007,1.2953555461786477,0.3056082488676187,0.1573282581206589,0.04034524979930771,0.31474726853814794,0.051081966051110296,0.16181332997918182,0.08006827249894888,0.8264873718168422,0.011358846194850182,0.7989482936486854,0.01800218933069709,0.7195073054035799,0.016599471063777002,0.20403745904918463,0.6084729361078542
