{
  "model": "gcn_teg_concat",
  "split": "A",
  "seed": 4,
  "epochs": 50,
  "risk_mode": "exposure_floor",
  "exposure_delta": 0.01,
  "experiment_tag": "",
  "alpha_ord": 0.3,
  "alpha_hr": 0.5,
  "alpha_topk": 0.1,
  "metrics": {
    "data_2020_train": {
      "macro_f1": 0.5415782056744474,
      "weighted_f1": 0.7799449992991423,
      "mae": 0.5141091981781492,
      "qwk": 0.8303530430447503,
      "recall_6_8": 0.9032258064516129,
      "precision_6_8": 0.8484848484848485,
      "pr_auc_high": 0.9694041692376363,
      "high_fn_rate": 0.0967741935483871
    },
    "data_2020_val": {
      "macro_f1": 0.21036967418546368,
      "weighted_f1": 0.5767842224609142,
      "mae": 1.5434445313272283,
      "qwk": 0.07908745247148286,
      "recall_6_8": 0.1111111111111111,
      "precision_6_8": 0.14285714285714285,
      "pr_auc_high": 0.16758449214830073,
      "high_fn_rate": 0.8888888888888888
    },
    "data_2021_test": {
      "macro_f1": 0.32704823072953876,
      "weighted_f1": 0.6344035073383592,
      "mae": 1.2079915319695274,
      "qwk": 0.39044526391105727,
      "recall_6_8": 0.35294117647058826,
      "precision_6_8": 0.5625,
      "pr_auc_high": 0.3994279592811934,
      "high_fn_rate": 0.6470588235294118
    }
  },
  "split_sizes": {
    "data_2020": {
      "train": 335,
      "val": 84,
      "test": 0
    },
    "data_2021": {
      "train": 0,
      "val": 0,
      "test": 443
    }
  },
  "risk_summaries": {
    "data_2020": {
      "edge_count": 6603,
      "risk_min": 1.7029898324860682e-10,
      "risk_max": 0.8934318423271179,
      "risk_mean": 0.019373837858438492,
      "risk_p25": 0.000631226459518075,
      "risk_p50": 0.0013431658735498786,
      "risk_p75": 0.003919350914657116,
      "risk_p90": 0.008694510906934738,
      "risk_p95": 0.06836205720901489,
      "risk_p99": 0.44399094581604004,
      "zero_risk_edge_count": 0,
      "zero_risk_edge_ratio": 0.0,
      "edge_attribute_zero_ratio": 0.928365894290474,
      "matrix_5x8": [
        [
          0,
          847,
          227,
          75,
          38,
          28,
          59,
          47
        ],
        [
          0,
          722,
          252,
          87,
          50,
          48,
          62,
          100
        ],
        [
          0,
          720,
          232,
          83,
          69,
          83,
          70,
          63
        ],
        [
          0,
          667,
          297,
          77,
          73,
          42,
          100,
          65
        ],
        [
          0,
          765,
          222,
          70,
          39,
          62,
          81,
          81
        ]
      ]
    },
    "data_2021": {
      "edge_count": 7647,
      "risk_min": 6.982258327070667e-09,
      "risk_max": 0.8651193380355835,
      "risk_mean": 0.01676471158862114,
      "risk_p25": 0.0006792245549149811,
      "risk_p50": 0.0013811626704409719,
      "risk_p75": 0.003545961808413267,
      "risk_p90": 0.008312837220728397,
      "risk_p95": 0.07116930931806564,
      "risk_p99": 0.4197982847690582,
      "zero_risk_edge_count": 0,
      "zero_risk_edge_ratio": 0.0,
      "edge_attribute_zero_ratio": 0.9314763959722767,
      "matrix_5x8": [
        [
          0,
          1024,
          304,
          90,
          39,
          19,
          53,
          1
        ],
        [
          0,
          798,
          312,
          136,
          75,
          94,
          102,
          12
        ],
        [
          0,
          812,
          349,
          138,
          68,
          77,
          77,
          9
        ],
        [
          0,
          766,
          343,
          166,
          88,
          79,
          74,
          13
        ],
        [
          0,
          762,
          382,
          135,
          63,
          45,
          128,
          14
        ]
      ]
    }
  }
}