{
  "model": "stable_tail_ec_gnn",
  "split": "B",
  "seed": 2,
  "epochs": 50,
  "risk_mode": "exposure_floor",
  "exposure_delta": 0.01,
  "uncertainty_tau": 0.0,
  "experiment_tag": "EC3_d0p10_le0p10",
  "alpha_ord": 0.3,
  "alpha_hr": 0.5,
  "alpha_topk": 0.1,
  "lambda_nll": 0.0,
  "lambda_var": 0.0,
  "ec_delta_max": 0.1,
  "lambda_edge": 0.1,
  "lambda_edge_high": 0.05,
  "lambda_distill": 0.2,
  "lambda_delta": 0.02,
  "ec_teacher_epochs": 50,
  "gamma_unc": 0.5,
  "logvar_min": -5.0,
  "logvar_max": 2.0,
  "metrics": {
    "data_2020_train": {
      "macro_f1": 0.2562601269192189,
      "weighted_f1": 0.6359178163272394,
      "mae": 1.1472001293921292,
      "qwk": 0.419585426205929,
      "recall_6_8": 0.45,
      "precision_6_8": 0.391304347826087,
      "pr_auc_high": 0.4246636357474649,
      "high_fn_rate": 0.55,
      "brier": 0.4477812945842743,
      "ece": 0.12002488419520257
    },
    "data_2021_train": {
      "macro_f1": 0.2798343323343323,
      "weighted_f1": 0.5944414258441408,
      "mae": 1.0398920051228027,
      "qwk": 0.4320949414646178,
      "recall_6_8": 0.44,
      "precision_6_8": 0.55,
      "pr_auc_high": 0.5429242952429181,
      "high_fn_rate": 0.56,
      "brier": 0.4376937747001648,
      "ece": 0.10589271332074077
    },
    "data_2021_test": {
      "macro_f1": 0.2338392857142857,
      "weighted_f1": 0.5870431145431145,
      "mae": 1.3343657162184708,
      "qwk": 0.2687670876187995,
      "recall_6_8": 0.3076923076923077,
      "precision_6_8": 0.32,
      "pr_auc_high": 0.3202181544064968,
      "high_fn_rate": 0.6923076923076923,
      "brier": 0.5218814611434937,
      "ece": 0.10893345302021179
    }
  },
  "split_sizes": {
    "data_2020": {
      "train": 419,
      "val": 0,
      "test": 0
    },
    "data_2021": {
      "train": 221,
      "val": 0,
      "test": 222
    }
  },
  "risk_summaries": {
    "data_2020": {
      "edge_count": 6603,
      "risk_min": 0.0,
      "risk_max": 0.7380344867706299,
      "risk_mean": 0.01874307170510292,
      "risk_p25": 0.0005932640051469207,
      "risk_p50": 0.0015435353852808475,
      "risk_p75": 0.004098769277334213,
      "risk_p90": 0.007130247075110674,
      "risk_p95": 0.10984896868467331,
      "risk_p99": 0.37270742654800415,
      "zero_risk_edge_count": 670,
      "zero_risk_edge_ratio": 0.10146902922913827,
      "edge_attribute_zero_ratio": 0.928365894290474,
      "matrix_5x8": [
        [
          0,
          517,
          447,
          135,
          88,
          99,
          35,
          0
        ],
        [
          0,
          542,
          377,
          146,
          90,
          69,
          97,
          0
        ],
        [
          0,
          463,
          378,
          167,
          130,
          120,
          62,
          0
        ],
        [
          0,
          465,
          417,
          171,
          62,
          160,
          46,
          0
        ],
        [
          0,
          423,
          422,
          190,
          106,
          109,
          70,
          0
        ]
      ]
    },
    "data_2021": {
      "edge_count": 7647,
      "risk_min": 0.0,
      "risk_max": 0.7669089436531067,
      "risk_mean": 0.017521047964692116,
      "risk_p25": 0.0006649772403761744,
      "risk_p50": 0.0016741934232413769,
      "risk_p75": 0.004169693682342768,
      "risk_p90": 0.007111772894859314,
      "risk_p95": 0.0872814804315567,
      "risk_p99": 0.4025229513645172,
      "zero_risk_edge_count": 681,
      "zero_risk_edge_ratio": 0.08905453118870145,
      "edge_attribute_zero_ratio": 0.9314763959722767,
      "matrix_5x8": [
        [
          0,
          584,
          553,
          168,
          103,
          66,
          56,
          0
        ],
        [
          0,
          612,
          463,
          136,
          164,
          48,
          106,
          0
        ],
        [
          0,
          521,
          475,
          188,
          175,
          89,
          82,
          0
        ],
        [
          0,
          512,
          457,
          163,
          201,
          115,
          81,
          0
        ],
        [
          0,
          442,
          548,
          195,
          142,
          102,
          100,
          0
        ]
      ]
    }
  }
}