{
  "pairs": "D:\\PyVRP-main\\hazmat_risk_experiments\\outputs_10seed\\od_paths\\fixed_od_pairs_150.csv",
  "num_pairs": 150,
  "year": "data_2021",
  "k_paths": 50,
  "cvar_alpha": 0.9,
  "re_threshold": "p75",
  "sources": [
    {
      "risk_source": "ST-v1_seed0",
      "risk_dir": "D:\\PyVRP-main\\hazmat_risk_experiments\\outputs_10seed\\st_v1_formal_10seed\\risk_matrices\\gcn_teg_concat_splitB_seed0_epochs50_st_v1_formal_10seed_floor_0p01",
      "largest_component_nodes": 4357,
      "largest_component_edges": 6650,
      "re_threshold": "p75",
      "re_threshold_value": 0.0037921699695289135,
      "risk_diagnostics": {
        "edge_count": 6650,
        "zero_risk_edge_count": 1,
        "zero_risk_edge_ratio": 0.00015037593984962405,
        "risk_min": 0.0,
        "risk_p25": 0.0006651668081758544,
        "risk_p50": 0.001621075498405844,
        "risk_p75": 0.0037921699695289135,
        "risk_p90": 0.008378436788916588,
        "risk_p95": 0.07334664873778748,
        "risk_p99": 0.42311108112335205,
        "risk_max": 0.8495379090309143,
        "edge_attribute_zero_ratio": 0.0,
        "S_i_norm_zero_or_near_zero_ratio": 0.004131282992885013
      }
    },
    {
      "risk_source": "ST-v1_seed1",
      "risk_dir": "D:\\PyVRP-main\\hazmat_risk_experiments\\outputs_10seed\\st_v1_formal_10seed\\risk_matrices\\gcn_teg_concat_splitB_seed1_epochs50_st_v1_formal_10seed_floor_0p01",
      "largest_component_nodes": 4357,
      "largest_component_edges": 6650,
      "re_threshold": "p75",
      "re_threshold_value": 0.0037672407925128937,
      "risk_diagnostics": {
        "edge_count": 6650,
        "zero_risk_edge_count": 10,
        "zero_risk_edge_ratio": 0.0015037593984962407,
        "risk_min": 0.0,
        "risk_p25": 0.0006763490382581949,
        "risk_p50": 0.0015272963792085648,
        "risk_p75": 0.0037672407925128937,
        "risk_p90": 0.008556178770959377,
        "risk_p95": 0.06567809134721742,
        "risk_p99": 0.4320870637893677,
        "risk_max": 0.868152916431427,
        "edge_attribute_zero_ratio": 0.0,
        "S_i_norm_zero_or_near_zero_ratio": 0.003442735827404177
      }
    },
    {
      "risk_source": "ST-v1_seed2",
      "risk_dir": "D:\\PyVRP-main\\hazmat_risk_experiments\\outputs_10seed\\st_v1_formal_10seed\\risk_matrices\\gcn_teg_concat_splitB_seed2_epochs50_st_v1_formal_10seed_floor_0p01",
      "largest_component_nodes": 4357,
      "largest_component_edges": 6650,
      "re_threshold": "p75",
      "re_threshold_value": 0.004483966622501612,
      "risk_diagnostics": {
        "edge_count": 6650,
        "zero_risk_edge_count": 0,
        "zero_risk_edge_ratio": 0.0,
        "risk_min": 3.4059796649721363e-10,
        "risk_p25": 0.0008255943976109847,
        "risk_p50": 0.0018397364765405655,
        "risk_p75": 0.004483966622501612,
        "risk_p90": 0.008808158338069916,
        "risk_p95": 0.07685622833669085,
        "risk_p99": 0.4486013865470887,
        "risk_max": 0.9009861350059509,
        "edge_attribute_zero_ratio": 0.0,
        "S_i_norm_zero_or_near_zero_ratio": 0.0009180628873077806
      }
    },
    {
      "risk_source": "ST-v1_seed3",
      "risk_dir": "D:\\PyVRP-main\\hazmat_risk_experiments\\outputs_10seed\\st_v1_formal_10seed\\risk_matrices\\gcn_teg_concat_splitB_seed3_epochs50_st_v1_formal_10seed_floor_0p01",
      "largest_component_nodes": 4357,
      "largest_component_edges": 6650,
      "re_threshold": "p75",
      "re_threshold_value": 0.0035502996761351824,
      "risk_diagnostics": {
        "edge_count": 6650,
        "zero_risk_edge_count": 0,
        "zero_risk_edge_ratio": 0.0,
        "risk_min": 6.284032849634968e-08,
        "risk_p25": 0.000777031687903218,
        "risk_p50": 0.0017038130899891257,
        "risk_p75": 0.0035502996761351824,
        "risk_p90": 0.008523913100361824,
        "risk_p95": 0.06779301166534424,
        "risk_p99": 0.40272507071495056,
        "risk_max": 0.8571326732635498,
        "edge_attribute_zero_ratio": 0.0,
        "S_i_norm_zero_or_near_zero_ratio": 0.0011475786091347257
      }
    },
    {
      "risk_source": "ST-v1_seed4",
      "risk_dir": "D:\\PyVRP-main\\hazmat_risk_experiments\\outputs_10seed\\st_v1_formal_10seed\\risk_matrices\\gcn_teg_concat_splitB_seed4_epochs50_st_v1_formal_10seed_floor_0p01",
      "largest_component_nodes": 4357,
      "largest_component_edges": 6650,
      "re_threshold": "p75",
      "re_threshold_value": 0.0042518191039562225,
      "risk_diagnostics": {
        "edge_count": 6650,
        "zero_risk_edge_count": 0,
        "zero_risk_edge_ratio": 0.0,
        "risk_min": 1.19209286886246e-09,
        "risk_p25": 0.000975145841948688,
        "risk_p50": 0.0020281773759052157,
        "risk_p75": 0.0042518191039562225,
        "risk_p90": 0.008579960092902184,
        "risk_p95": 0.08081811293959588,
        "risk_p99": 0.4420662522315979,
        "risk_max": 0.901222288608551,
        "edge_attribute_zero_ratio": 0.0,
        "S_i_norm_zero_or_near_zero_ratio": 0.0011475786091347257
      }
    },
    {
      "risk_source": "ST-v1_seed5",
      "risk_dir": "D:\\PyVRP-main\\hazmat_risk_experiments\\outputs_10seed\\st_v1_formal_10seed\\risk_matrices\\gcn_teg_concat_splitB_seed5_epochs50_st_v1_formal_10seed_floor_0p01",
      "largest_component_nodes": 4357,
      "largest_component_edges": 6650,
      "re_threshold": "p75",
      "re_threshold_value": 0.0034872546675615013,
      "risk_diagnostics": {
        "edge_count": 6650,
        "zero_risk_edge_count": 2,
        "zero_risk_edge_ratio": 0.0003007518796992481,
        "risk_min": 0.0,
        "risk_p25": 0.000685107457684353,
        "risk_p50": 0.0015565275680273771,
        "risk_p75": 0.0034872546675615013,
        "risk_p90": 0.007510335650295019,
        "risk_p95": 0.06437228247523193,
        "risk_p99": 0.392299622297287,
        "risk_max": 0.8581956028938293,
        "edge_attribute_zero_ratio": 0.0,
        "S_i_norm_zero_or_near_zero_ratio": 0.002983704383750287
      }
    },
    {
      "risk_source": "ST-v1_seed6",
      "risk_dir": "D:\\PyVRP-main\\hazmat_risk_experiments\\outputs_10seed\\st_v1_formal_10seed\\risk_matrices\\gcn_teg_concat_splitB_seed6_epochs50_st_v1_formal_10seed_floor_0p01",
      "largest_component_nodes": 4357,
      "largest_component_edges": 6650,
      "re_threshold": "p75",
      "re_threshold_value": 0.004533004481345415,
      "risk_diagnostics": {
        "edge_count": 6650,
        "zero_risk_edge_count": 6,
        "zero_risk_edge_ratio": 0.0009022556390977444,
        "risk_min": 0.0,
        "risk_p25": 0.0008994758245535195,
        "risk_p50": 0.0017617582925595343,
        "risk_p75": 0.004533004481345415,
        "risk_p90": 0.007857942022383213,
        "risk_p95": 0.06334648616611953,
        "risk_p99": 0.4215780198574066,
        "risk_max": 0.8452827334403992,
        "edge_attribute_zero_ratio": 0.0,
        "S_i_norm_zero_or_near_zero_ratio": 0.003213220105577232
      }
    },
    {
      "risk_source": "ST-v1_seed7",
      "risk_dir": "D:\\PyVRP-main\\hazmat_risk_experiments\\outputs_10seed\\st_v1_formal_10seed\\risk_matrices\\gcn_teg_concat_splitB_seed7_epochs50_st_v1_formal_10seed_floor_0p01",
      "largest_component_nodes": 4357,
      "largest_component_edges": 6650,
      "re_threshold": "p75",
      "re_threshold_value": 0.004902703105472028,
      "risk_diagnostics": {
        "edge_count": 6650,
        "zero_risk_edge_count": 1,
        "zero_risk_edge_ratio": 0.00015037593984962405,
        "risk_min": 0.0,
        "risk_p25": 0.0006613697769353166,
        "risk_p50": 0.00179857830516994,
        "risk_p75": 0.004902703105472028,
        "risk_p90": 0.008612273260951042,
        "risk_p95": 0.07087547443807103,
        "risk_p99": 0.43590739369392395,
        "risk_max": 0.8631828427314758,
        "edge_attribute_zero_ratio": 0.0,
        "S_i_norm_zero_or_near_zero_ratio": 0.0025246729400963965
      }
    },
    {
      "risk_source": "ST-v1_seed8",