beta,lambda_concentration,runs,pyvrp_cost_mean,pyvrp_cost_std,global_risk_mean,global_risk_std,global_cvar90_mean,global_cvar90_std,max_vehicle_risk_mean,max_vehicle_risk_std,max_vehicle_cvar90_mean,max_vehicle_cvar90_std,vehicle_risk_gini_mean,vehicle_risk_gini_std,risk_variance_mean,risk_variance_std,edge_burden_gini_used_mean,edge_burden_gini_used_std,top10_burden_share_mean,top10_burden_share_std,max_edge_burden_mean,max_edge_burden_std,cost_increase_pct,risk_reduction_pct
0.0,0.0,3,146220.66666666666,383.9379290111011,8.409278186642041,1.1007356785460296,0.2378208719282198,0.019450568714674345,2.900677408751411,0.3278293576709857,0.4256741842343694,0.027697443532174095,0.2193019904814204,0.00481450282666009,0.5005174230243358,0.11381840968694573,0.8723606204696978,0.007130197955019647,0.9025689395812687,0.010102625947026163,1.1287961800893147,0.48878308382609037,0.0,0.0
1.0,0.0,3,177310.0,749.3163550864215,3.754984333217351,0.5259127932301365,0.08595748552455544,0.026149179856219045,1.536418844150224,0.267646296315852,0.1638422900189956,0.03372904556979448,0.3467208976470821,0.07740831367367279,0.24752223717289898,0.14258080304780985,0.8160187450167357,0.016492199764571135,0.8055411314812454,0.02661643362507902,0.4826004207134247,0.0028423045163501826,0.21261928318386375,0.5534712671079645
