{
  "model": "stable_tail_ua_gnn",
  "split": "B",
  "seed": 1,
  "epochs": 50,
  "risk_mode": "exposure_floor",
  "exposure_delta": 0.01,
  "uncertainty_tau": 0.0,
  "experiment_tag": "stable_tail_ua_formal_10seed",
  "alpha_ord": 0.3,
  "alpha_hr": 0.5,
  "alpha_topk": 0.1,
  "lambda_nll": 0.2,
  "lambda_var": 0.01,
  "gamma_unc": 0.5,
  "logvar_min": -5.0,
  "logvar_max": 2.0,
  "metrics": {
    "data_2020_train": {
      "macro_f1": 0.37509302838025094,
      "weighted_f1": 0.6915366800499647,
      "mae": 0.8739002011339891,
      "qwk": 0.6287688091521895,
      "recall_6_8": 0.675,
      "precision_6_8": 0.6136363636363636,
      "pr_auc_high": 0.7204195984967563,
      "high_fn_rate": 0.325,
      "brier": 0.37205401062965393,
      "ece": 0.08066184520010163,
      "ordinal_nll": 1.0870845548708967,
      "uncertainty_mean": 2.607697010040283,
      "correct_uncertainty": 2.6194772720336914,
      "error_uncertainty": 2.572911500930786,
      "error_uncertainty_corr": -0.07942029146216069,
      "high_fn_uncertainty": 2.302544116973877
    },
    "data_2021_train": {
      "macro_f1": 0.41201216649614614,
      "weighted_f1": 0.6966031755703835,
      "mae": 0.7660616173272642,
      "qwk": 0.6399531384429515,
      "recall_6_8": 0.68,
      "precision_6_8": 0.6296296296296297,
      "pr_auc_high": 0.8178004475465026,
      "high_fn_rate": 0.32,
      "brier": 0.33568108081817627,
      "ece": 0.07591110805041111,
      "ordinal_nll": 1.062703009207139,
      "uncertainty_mean": 2.610787868499756,
      "correct_uncertainty": 2.6326658725738525,
      "error_uncertainty": 2.5447568893432617,
      "error_uncertainty_corr": -0.14791196377970803,
      "high_fn_uncertainty": 2.1352763175964355
    },
    "data_2021_test": {
      "macro_f1": 0.2300147940618238,
      "weighted_f1": 0.5885196070839636,
      "mae": 1.2963237309202602,
      "qwk": 0.2606493054980712,
      "recall_6_8": 0.2692307692307692,
      "precision_6_8": 0.3333333333333333,
      "pr_auc_high": 0.365623237989094,
      "high_fn_rate": 0.7307692307692307,
      "brier": 0.5166263580322266,
      "ece": 0.06941367289772978,
      "ordinal_nll": 1.2381208512342714,
      "uncertainty_mean": 2.5996038913726807,
      "correct_uncertainty": 2.600322723388672,
      "error_uncertainty": 2.5982766151428223,
      "error_uncertainty_corr": -0.0035559350809938727,
      "high_fn_uncertainty": 2.591517686843872
    }
  },
  "split_sizes": {
    "data_2020": {
      "train": 419,
      "val": 0,
      "test": 0
    },
    "data_2021": {
      "train": 221,
      "val": 0,
      "test": 222
    }
  },
  "risk_summaries": {
    "data_2020": {
      "edge_count": 6603,
      "risk_min": 2.8950826180818012e-09,
      "risk_max": 0.8724339604377747,
      "risk_mean": 0.02098756842315197,
      "risk_p25": 0.0007613285561092198,
      "risk_p50": 0.0015509799122810364,
      "risk_p75": 0.004086657892912626,
      "risk_p90": 0.008462026715278625,
      "risk_p95": 0.0977858379483223,
      "risk_p99": 0.4405791461467743,
      "zero_risk_edge_count": 0,
      "zero_risk_edge_ratio": 0.0,
      "edge_attribute_zero_ratio": 0.928365894290474,
      "matrix_5x8": [
        [
          0,
          694,
          314,
          127,
          41,
          47,
          85,
          13
        ],
        [
          0,
          666,
          289,
          120,
          42,
          38,
          100,
          66
        ],
        [
          0,
          599,
          299,
          133,
          55,
          110,
          83,
          41
        ],
        [
          0,
          633,
          283,
          136,
          54,
          65,
          123,
          27
        ],
        [
          0,
          538,
          374,
          120,
          75,
          60,
          122,
          31
        ]
      ]
    },
    "data_2021": {
      "edge_count": 7647,
      "risk_min": 1.7029898324860682e-10,
      "risk_max": 0.8695772886276245,
      "risk_mean": 0.018684176728129387,
      "risk_p25": 0.0007885578088462353,
      "risk_p50": 0.0015588102396577597,
      "risk_p75": 0.004138363525271416,
      "risk_p90": 0.008332982659339905,
      "risk_p95": 0.08189382404088974,
      "risk_p99": 0.420815646648407,
      "zero_risk_edge_count": 0,
      "zero_risk_edge_ratio": 0.0,
      "edge_attribute_zero_ratio": 0.9314763959722767,
      "matrix_5x8": [
        [
          0,
          829,
          395,
          104,
          109,
          28,
          64,
          1
        ],
        [
          0,
          804,
          308,
          96,
          84,
          109,
          80,
          48
        ],
        [
          0,
          707,
          345,
          148,
          106,
          106,
          89,
          29
        ],
        [
          0,
          705,
          351,
          115,
          87,
          159,
          88,
          24
        ],
        [
          0,
          664,
          415,
          115,
          81,
          102,
          133,
          19
        ]
      ]
    }
  }
}