beta,lambda_concentration,runs,pyvrp_cost_mean,pyvrp_cost_std,global_risk_mean,global_risk_std,global_cvar90_mean,global_cvar90_std,max_vehicle_risk_mean,max_vehicle_risk_std,max_vehicle_cvar90_mean,max_vehicle_cvar90_std,vehicle_risk_gini_mean,vehicle_risk_gini_std,risk_variance_mean,risk_variance_std,edge_burden_gini_used_mean,edge_burden_gini_used_std,top10_burden_share_mean,top10_burden_share_std,max_edge_burden_mean,max_edge_burden_std,cost_increase_pct,risk_reduction_pct
0.0,0.0,10,146730.9,582.7275807213293,8.829986211103304,0.6242084644537459,0.27482100544501453,0.03455611529347511,2.9204225241555832,0.31593554830703363,0.4133700540661812,0.0646653876232615,0.2178953961680415,0.037062180536719,0.5292332206113637,0.18921321602114322,0.8624562512499473,0.006226632594338594,0.8929627792997588,0.009343119368740611,1.024272805452347,0.3588737745741287,0.0,0.0
1.0,0.0,10,180217.6,902.9856895629938,4.267423242461935,0.30525259462929405,0.10699006388709043,0.011014718363450962,1.4192738420970272,0.2521444927314102,0.17753745868639456,0.03638750779339032,0.24922682956624548,0.04272553389447249,0.16205387614580863,0.06285591741712009,0.8212699686431252,0.008122635331591613,0.8156182251091272,0.014260183541323326,0.598593246936798,0.04485482732136152,0.2282184597790923,0.516712354873628
