beta,lambda_concentration,runs,pyvrp_cost_mean,pyvrp_cost_std,global_risk_mean,global_risk_std,global_cvar90_mean,global_cvar90_std,max_vehicle_risk_mean,max_vehicle_risk_std,max_vehicle_cvar90_mean,max_vehicle_cvar90_std,vehicle_risk_gini_mean,vehicle_risk_gini_std,risk_variance_mean,risk_variance_std,edge_burden_gini_used_mean,edge_burden_gini_used_std,top10_burden_share_mean,top10_burden_share_std,max_edge_burden_mean,max_edge_burden_std,cost_increase_pct,risk_reduction_pct
0.0,0.0,10,146730.9,582.7275807213293,11.849915416515433,0.8113360411391167,0.30264800130451824,0.09053125401268139,3.6455473638838156,0.39600238491757883,0.5409235420255434,0.10133269881765208,0.18449374730023027,0.03736857810815946,0.6714640597338872,0.24783412573068447,0.8539490902969561,0.00596545172169683,0.888108685649501,0.012485059041430695,1.396437120437622,0.3211688243313347,0.0,0.0
1.0,0.0,10,180575.2,452.7974283397722,5.322207846597303,0.5086446932505104,0.10653717692672049,0.013990572821003872,1.6842030346859247,0.31699138036584634,0.17262947036855159,0.03840846143337271,0.2242880255365987,0.06507831647084145,0.20811960346481295,0.12737086884725665,0.7911955620727593,0.012578255463057169,0.7949154503669675,0.019887704726740382,0.8962928056716919,0.07601063838303843,0.230655574251913,0.5508653302976154
