beta,lambda_concentration,runs,pyvrp_cost_mean,pyvrp_cost_std,global_risk_mean,global_risk_std,global_cvar90_mean,global_cvar90_std,max_vehicle_risk_mean,max_vehicle_risk_std,max_vehicle_cvar90_mean,max_vehicle_cvar90_std,vehicle_risk_gini_mean,vehicle_risk_gini_std,risk_variance_mean,risk_variance_std,edge_burden_gini_used_mean,edge_burden_gini_used_std,top10_burden_share_mean,top10_burden_share_std,max_edge_burden_mean,max_edge_burden_std,cost_increase_pct,risk_reduction_pct
0.0,0.0,10,146730.9,582.7275807213293,7.420932839418725,0.6492634918690072,0.21778832712203716,0.0416894167086499,2.362198650357459,0.39865689956162803,0.37504640971620873,0.08144757238097214,0.19378652325797435,0.061644025168220616,0.31343831054404825,0.17118709122365805,0.8781791189838305,0.006505720397041759,0.8905461224574068,0.008267789606790475,1.103269600868225,0.33513107074500537,0.0,0.0
2.0,1.0,10,205710.0,448.57800015406707,2.340102641813568,0.06600962538893934,0.047478878283631856,0.0053890315689916575,0.8914827069307535,0.04509673207286643,0.11377951106544408,0.008595727741723512,0.29562976917782346,0.02208937264910433,0.0660466036881947,0.009774344997870471,0.7769750841407987,0.00792717742553557,0.7177405163717104,0.009933740821966738,0.6722076535224915,0.0,0.40195418960832385,0.6846619296452829
