{
  "model": "ua_gnn",
  "split": "B",
  "seed": 2,
  "epochs": 50,
  "risk_mode": "exposure_floor",
  "exposure_delta": 0.01,
  "uncertainty_tau": 1.0,
  "experiment_tag": "ua_pretest_3seed",
  "alpha_ord": 0.3,
  "alpha_hr": 0.5,
  "alpha_topk": 0.1,
  "lambda_nll": 0.2,
  "lambda_var": 0.01,
  "metrics": {
    "data_2020_train": {
      "macro_f1": 0.344147500297695,
      "weighted_f1": 0.6466538848634594,
      "mae": 1.1299487990583643,
      "qwk": 0.39462675874146746,
      "recall_6_8": 0.35,
      "precision_6_8": 0.7,
      "pr_auc_high": 0.6345619017227283,
      "high_fn_rate": 0.65,
      "brier": 0.4142277240753174,
      "ece": 0.09352372554719876,
      "ordinal_nll": 0.8571068999514049,
      "uncertainty_mean": 1.563767910003662,
      "correct_uncertainty": 1.5105960369110107,
      "error_uncertainty": 1.699400782585144,
      "error_uncertainty_corr": 0.15089774119035773,
      "high_fn_uncertainty": 1.8707371950149536
    },
    "data_2021_train": {
      "macro_f1": 0.3449269991015274,
      "weighted_f1": 0.6451289369158404,
      "mae": 1.0168397400017863,
      "qwk": 0.4100162983328496,
      "recall_6_8": 0.36,
      "precision_6_8": 0.75,
      "pr_auc_high": 0.7835435104674549,
      "high_fn_rate": 0.64,
      "brier": 0.3807849586009979,
      "ece": 0.10696379273995016,
      "ordinal_nll": 0.7407348799246999,
      "uncertainty_mean": 1.5091967582702637,
      "correct_uncertainty": 1.4482686519622803,
      "error_uncertainty": 1.6586613655090332,
      "error_uncertainty_corr": 0.17119819717546564,
      "high_fn_uncertainty": 1.655646800994873
    },
    "data_2021_test": {
      "macro_f1": 0.23707989637078664,
      "weighted_f1": 0.5732676134677515,
      "mae": 1.3722250862921819,
      "qwk": 0.12241142489106804,
      "recall_6_8": 0.11538461538461539,
      "precision_6_8": 0.375,
      "pr_auc_high": 0.3807037079261088,
      "high_fn_rate": 0.8846153846153846,
      "brier": 0.5103776454925537,
      "ece": 0.061318817707869386,
      "ordinal_nll": 1.0894193414767204,
      "uncertainty_mean": 1.466766595840454,
      "correct_uncertainty": 1.3547296524047852,
      "error_uncertainty": 1.6819958686828613,
      "error_uncertainty_corr": 0.27135356877548134,
      "high_fn_uncertainty": 1.841317057609558
    }
  },
  "split_sizes": {
    "data_2020": {
      "train": 419,
      "val": 0,
      "test": 0
    },
    "data_2021": {
      "train": 221,
      "val": 0,
      "test": 222
    }
  },
  "risk_summaries": {
    "data_2020": {
      "edge_count": 6603,
      "risk_min": 0.0005183605244383216,
      "risk_max": 1.0,
      "risk_mean": 0.04653005674481392,
      "risk_p25": 0.006469991989433765,
      "risk_p50": 0.007495192810893059,
      "risk_p75": 0.009999999776482582,
      "risk_p90": 0.009999999776482582,
      "risk_p95": 0.41701704263687134,
      "risk_p99": 0.9860954284667969,
      "zero_risk_edge_count": 0,
      "zero_risk_edge_ratio": 0.0,
      "edge_attribute_zero_ratio": 0.928365894290474,
      "matrix_5x8": [
        [
          0,
          284,
          674,
          302,
          23,
          27,
          11,
          0
        ],
        [
          0,
          388,
          526,
          269,
          37,
          35,
          66,
          0
        ],
        [
          0,
          280,
          592,
          300,
          58,
          47,
          43,
          0
        ],
        [
          0,
          261,
          604,
          305,
          50,
          74,
          27,
          0
        ],
        [
          0,
          228,
          605,
          345,
          51,
          64,
          27,
          0
        ]
      ]
    },
    "data_2021": {
      "edge_count": 7647,
      "risk_min": 0.001868221559561789,
      "risk_max": 0.9999998807907104,
      "risk_mean": 0.044494353234767914,
      "risk_p25": 0.006506895646452904,
      "risk_p50": 0.00748627120628953,
      "risk_p75": 0.009999999776482582,
      "risk_p90": 0.009999999776482582,
      "risk_p95": 0.37639862298965454,
      "risk_p99": 0.9726152420043945,
      "zero_risk_edge_count": 0,
      "zero_risk_edge_ratio": 0.0,
      "edge_attribute_zero_ratio": 0.9314763959722767,
      "matrix_5x8": [
        [
          0,
          324,
          782,
          368,
          7,
          43,
          4,
          2
        ],
        [
          0,
          391,
          677,
          313,
          50,
          41,
          57,
          0
        ],
        [
          0,
          284,
          721,
          379,
          59,
          56,
          31,
          0
        ],
        [
          0,
          285,
          676,
          359,
          131,
          38,
          30,
          10
        ],
        [
          0,
          282,
          623,
          437,
          84,
          72,
          31,
          0
        ]
      ]
    }
  }
}