beta,lambda_concentration,runs,pyvrp_cost_mean,pyvrp_cost_std,global_risk_mean,global_risk_std,global_cvar90_mean,global_cvar90_std,max_vehicle_risk_mean,max_vehicle_risk_std,max_vehicle_cvar90_mean,max_vehicle_cvar90_std,vehicle_risk_gini_mean,vehicle_risk_gini_std,risk_variance_mean,risk_variance_std,edge_burden_gini_used_mean,edge_burden_gini_used_std,top10_burden_share_mean,top10_burden_share_std,max_edge_burden_mean,max_edge_burden_std,cost_increase_pct,risk_reduction_pct
0.0,0.0,10,146730.9,582.7275807213293,8.354693791887591,0.5757506935326255,0.2569455990506798,0.0329814711257854,2.7614134284085594,0.31188439202064006,0.4115246971235389,0.0839629995826795,0.21897574714445261,0.03650109745961399,0.47560563435255876,0.16012565786069982,0.8534916715656461,0.007381023473534909,0.884400314491875,0.013990059030108047,1.0573869168758392,0.35775786427098066,0.0,0.0
1.0,0.0,10,178871.2,378.2132849185613,4.1324310500220545,0.20805216581146158,0.10536400139610087,0.0062127811532410445,1.3559859217438923,0.22464313343655776,0.16835529286015247,0.02194991880323097,0.26150994146345263,0.06977887228978019,0.1640515349489218,0.08242945754821414,0.8023594736821013,0.005459709379590129,0.8098662427327943,0.009575794186395644,0.5452851176261901,0.023182361509499632,0.219042478441828,0.5053761211410105
