{
  "model": "ua_gnn",
  "split": "B",
  "seed": 1,
  "epochs": 50,
  "risk_mode": "exposure_floor",
  "exposure_delta": 0.01,
  "uncertainty_tau": 0.25,
  "experiment_tag": "ua_pretest_3seed",
  "alpha_ord": 0.3,
  "alpha_hr": 0.5,
  "alpha_topk": 0.1,
  "lambda_nll": 0.2,
  "lambda_var": 0.01,
  "metrics": {
    "data_2020_train": {
      "macro_f1": 0.489197242647169,
      "weighted_f1": 0.7326355194970771,
      "mae": 0.8763656106770228,
      "qwk": 0.6397083778075934,
      "recall_6_8": 0.65,
      "precision_6_8": 0.7878787878787878,
      "pr_auc_high": 0.7843615106788545,
      "high_fn_rate": 0.35,
      "brier": 0.33115658164024353,
      "ece": 0.08472990171721555,
      "ordinal_nll": 0.6363210386127169,
      "uncertainty_mean": 1.258949637413025,
      "correct_uncertainty": 1.2307239770889282,
      "error_uncertainty": 1.3578910827636719,
      "error_uncertainty_corr": 0.12834317754256278,
      "high_fn_uncertainty": 1.2772411108016968
    },
    "data_2021_train": {
      "macro_f1": 0.6104024043271234,
      "weighted_f1": 0.776219642820672,
      "mae": 0.7562344193897964,
      "qwk": 0.7092905498376356,
      "recall_6_8": 0.72,
      "precision_6_8": 0.8181818181818182,
      "pr_auc_high": 0.8911084592666745,
      "high_fn_rate": 0.28,
      "brier": 0.26767098903656006,
      "ece": 0.11360143522871025,
      "ordinal_nll": 0.533148612717643,
      "uncertainty_mean": 1.2306877374649048,
      "correct_uncertainty": 1.213998794555664,
      "error_uncertainty": 1.303957462310791,
      "error_uncertainty_corr": 0.08683270658544687,
      "high_fn_uncertainty": 1.2023869752883911
    },
    "data_2021_test": {
      "macro_f1": 0.2452924027826435,
      "weighted_f1": 0.6027774809492442,
      "mae": 1.3554834524701702,
      "qwk": 0.24327789767678054,
      "recall_6_8": 0.19230769230769232,
      "precision_6_8": 0.5,
      "pr_auc_high": 0.3216072422573186,
      "high_fn_rate": 0.8076923076923077,
      "brier": 0.506056010723114,
      "ece": 0.09741557275389764,
      "ordinal_nll": 1.4633763337402155,
      "uncertainty_mean": 1.261603593826294,
      "correct_uncertainty": 1.214194655418396,
      "error_uncertainty": 1.3564214706420898,
      "error_uncertainty_corr": 0.16569243487068774,
      "high_fn_uncertainty": 1.3690788745880127
    }
  },
  "split_sizes": {
    "data_2020": {
      "train": 419,
      "val": 0,
      "test": 0
    },
    "data_2021": {
      "train": 221,
      "val": 0,
      "test": 222
    }
  },
  "risk_summaries": {
    "data_2020": {
      "edge_count": 6603,
      "risk_min": 0.0002904417342506349,
      "risk_max": 1.0,
      "risk_mean": 0.027485810220241547,
      "risk_p25": 0.0021395343355834484,
      "risk_p50": 0.0031324964947998524,
      "risk_p75": 0.005102192517369986,
      "risk_p90": 0.009999999776482582,
      "risk_p95": 0.18404771387577057,
      "risk_p99": 0.5049999952316284,
      "zero_risk_edge_count": 0,
      "zero_risk_edge_ratio": 0.0,
      "edge_attribute_zero_ratio": 0.928365894290474,
      "matrix_5x8": [
        [
          6,
          459,
          525,
          183,
          33,
          38,
          59,
          18
        ],
        [
          0,
          489,
          458,
          121,
          76,
          46,
          63,
          68
        ],
        [
          0,
          423,
          455,
          211,
          86,
          44,
          73,
          28
        ],
        [
          2,
          429,
          475,
          167,
          85,
          48,
          96,
          19
        ],
        [
          0,
          382,
          507,
          194,
          58,
          60,
          90,
          29
        ]
      ]
    },
    "data_2021": {
      "edge_count": 7647,
      "risk_min": 0.00037945868098177016,
      "risk_max": 0.9999998807907104,
      "risk_mean": 0.023981550708413124,
      "risk_p25": 0.0020047929137945175,
      "risk_p50": 0.0028686702717095613,
      "risk_p75": 0.004858735017478466,
      "risk_p90": 0.009999999776482582,
      "risk_p95": 0.14640548825263977,
      "risk_p99": 0.5049999952316284,
      "zero_risk_edge_count": 0,
      "zero_risk_edge_ratio": 0.0,
      "edge_attribute_zero_ratio": 0.9314763959722767,
      "matrix_5x8": [
        [
          1,
          574,
          676,
          167,
          33,
          28,
          46,
          5
        ],
        [
          3,
          563,
          496,
          190,
          109,
          53,
          69,
          46
        ],
        [
          1,
          449,
          600,
          233,
          106,
          45,
          68,
          28
        ],
        [
          2,
          495,
          555,
          216,
          144,
          41,
          64,
          12
        ],
        [
          3,
          435,
          608,
          220,
          78,
          61,
          103,
          21
        ]
      ]
    }
  }
}