beta,lambda_concentration,runs,pyvrp_cost_mean,pyvrp_cost_std,global_risk_mean,global_risk_std,global_cvar90_mean,global_cvar90_std,max_vehicle_risk_mean,max_vehicle_risk_std,max_vehicle_cvar90_mean,max_vehicle_cvar90_std,vehicle_risk_gini_mean,vehicle_risk_gini_std,risk_variance_mean,risk_variance_std,edge_burden_gini_used_mean,edge_burden_gini_used_std,top10_burden_share_mean,top10_burden_share_std,max_edge_burden_mean,max_edge_burden_std,cost_increase_pct,risk_reduction_pct
0.0,0.0,10,133997.6,0.6992058987801011,6.695491768369538,0.8878957080283635,0.1955704078282173,0.042244842039667746,2.18940932792284,0.44041228150349326,0.3696592786832757,0.10791721365638818,0.21691455591151287,0.07516606195867434,0.32272182426011287,0.2317130865498975,0.8758152178682609,0.010542993498890261,0.8924968612444129,0.010809339344978441,1.1110070586204528,0.4097443116374253,0.0,0.0
1.5,1.0,10,169417.2,257.3254748368299,1.48376293848778,0.011950669766986355,0.022674230807113976,0.0007408796833538495,0.47510504185338504,0.019205410355017775,0.04384477528122564,8.317015632198708e-05,0.23148909579633248,0.009972539667408287,0.015411492150901979,0.0011853929631730853,0.6662254473191205,0.003132047788097742,0.5893336755281285,0.003288420601540593,0.26533424854278564,0.0,0.26433010740490875,0.7783937327056294
