beta,lambda_concentration,runs,pyvrp_cost_mean,pyvrp_cost_std,global_risk_mean,global_risk_std,global_cvar90_mean,global_cvar90_std,max_vehicle_risk_mean,max_vehicle_risk_std,max_vehicle_cvar90_mean,max_vehicle_cvar90_std,vehicle_risk_gini_mean,vehicle_risk_gini_std,risk_variance_mean,risk_variance_std,edge_burden_gini_used_mean,edge_burden_gini_used_std,top10_burden_share_mean,top10_burden_share_std,max_edge_burden_mean,max_edge_burden_std,cost_increase_pct,risk_reduction_pct
0.0,0.0,10,146730.9,582.7275807213293,8.570011746361306,0.6000202674992166,0.26436236668378116,0.023095208264270493,3.0754895971796943,0.2163601746258167,0.4334279052274567,0.04619928637780358,0.2836025735363233,0.03122132484999046,0.8250905440856109,0.2026100100282281,0.8654790980059893,0.0063678738481061006,0.8909008982848926,0.009484584759501641,1.052468752861023,0.34130126220795054,0.0,0.0
1.0,0.0,10,181304.1,361.64207289651586,4.760146273448666,0.3418211366738155,0.12275079534324596,0.02110375364024535,1.666483492142652,0.31802491435236696,0.17781496460497795,0.03568592223021697,0.28611421934751263,0.0766595446743356,0.27138949787329325,0.16081695038156385,0.8321153922956979,0.009170045636395695,0.8308390839636344,0.014409299744332152,0.8905753493309021,0.0,0.2356231713974358,0.4445577889119936
