{
  "model": "teg_gnn",
  "split": "B",
  "seed": 0,
  "epochs": 50,
  "risk_mode": "exposure_floor",
  "exposure_delta": 0.01,
  "metrics": {
    "data_2020_train": {
      "macro_f1": 0.5517177427027657,
      "weighted_f1": 0.7285634448112589,
      "mae": 1.1964973464560078,
      "qwk": 0.6800670891280371,
      "recall_6_8": 0.8,
      "precision_6_8": 0.7272727272727273,
      "pr_auc_high": 0.8620076066140326,
      "high_fn_rate": 0.2
    },
    "data_2021_train": {
      "macro_f1": 0.6046788272126367,
      "weighted_f1": 0.7398300196355827,
      "mae": 1.0757887323433755,
      "qwk": 0.7773845813072874,
      "recall_6_8": 0.84,
      "precision_6_8": 0.84,
      "pr_auc_high": 0.9272807071479813,
      "high_fn_rate": 0.16
    },
    "data_2021_test": {
      "macro_f1": 0.28924246429828127,
      "weighted_f1": 0.5822174142034774,
      "mae": 1.5107087412240292,
      "qwk": 0.32456160379943366,
      "recall_6_8": 0.2692307692307692,
      "precision_6_8": 0.3888888888888889,
      "pr_auc_high": 0.39767189442221723,
      "high_fn_rate": 0.7307692307692307
    }
  },
  "split_sizes": {
    "data_2020": {
      "train": 419,
      "val": 0,
      "test": 0
    },
    "data_2021": {
      "train": 221,
      "val": 0,
      "test": 222
    }
  },
  "risk_summaries": {
    "data_2020": {
      "edge_count": 6603,
      "risk_min": 3.6626199744205223e-06,
      "risk_max": 0.9600786566734314,
      "risk_mean": 0.022151648998260498,
      "risk_p25": 0.0029431586153805256,
      "risk_p50": 0.0038673123344779015,
      "risk_p75": 0.00509876711294055,
      "risk_p90": 0.008571133017539978,
      "risk_p95": 0.1190151646733284,
      "risk_p99": 0.43275150656700134,
      "zero_risk_edge_count": 0,
      "zero_risk_edge_ratio": 0.0,
      "edge_attribute_zero_ratio": 0.928365894290474,
      "matrix_5x8": [
        [
          0,
          77,
          217,
          647,
          238,
          45,
          73,
          24
        ],
        [
          0,
          85,
          281,
          450,
          263,
          67,
          99,
          76
        ],
        [
          0,
          82,
          268,
          527,
          246,
          109,
          57,
          31
        ],
        [
          0,
          77,
          231,
          567,
          257,
          65,
          75,
          49
        ],
        [
          0,
          136,
          304,
          474,
          206,
          52,
          115,
          33
        ]
      ]
    },
    "data_2021": {
      "edge_count": 7647,
      "risk_min": 8.514948746096707e-09,
      "risk_max": 0.8626388907432556,
      "risk_mean": 0.018854493275284767,
      "risk_p25": 0.002954106545075774,
      "risk_p50": 0.0037743726279586554,
      "risk_p75": 0.004933268763124943,
      "risk_p90": 0.008532471023499966,
      "risk_p95": 0.09103615581989288,
      "risk_p99": 0.4220369756221771,
      "zero_risk_edge_count": 0,
      "zero_risk_edge_ratio": 0.0,
      "edge_attribute_zero_ratio": 0.9314763959722767,
      "matrix_5x8": [
        [
          0,
          76,
          262,
          744,
          357,
          44,
          44,
          3
        ],
        [
          0,
          87,
          324,
          618,
          297,
          87,
          103,
          13
        ],
        [
          0,
          79,
          322,
          665,
          285,
          72,
          104,
          3
        ],
        [
          0,
          44,
          306,
          666,
          349,
          66,
          85,
          13
        ],
        [
          0,
          150,
          391,
          569,
          233,
          84,
          90,
          12
        ]
      ]
    }
  }
}