beta,lambda_concentration,runs,pyvrp_cost_mean,pyvrp_cost_std,global_risk_mean,global_risk_std,global_cvar90_mean,global_cvar90_std,max_vehicle_risk_mean,max_vehicle_risk_std,max_vehicle_cvar90_mean,max_vehicle_cvar90_std,vehicle_risk_gini_mean,vehicle_risk_gini_std,risk_variance_mean,risk_variance_std,edge_burden_gini_used_mean,edge_burden_gini_used_std,top10_burden_share_mean,top10_burden_share_std,max_edge_burden_mean,max_edge_burden_std,cost_increase_pct,risk_reduction_pct
0.0,0.0,10,133997.6,0.6992058987801011,7.397524599185272,0.8888862809943927,0.23297272116069792,0.04321337936887151,2.390638208461314,0.27290036777934734,0.3879379958853436,0.09521379228692144,0.2236776863536864,0.05841253225947743,0.4079803593470193,0.18467903930133606,0.8803600934200153,0.00960376346282665,0.9006652954165801,0.009576515047062308,1.1407793939113617,0.3820315192538754,0.0,0.0
1.5,1.0,10,169327.9,86.48371715723911,1.4201548894699954,0.009722630459982824,0.0227917888075095,0.0008119507165662762,0.38618000311253126,0.019310114522222182,0.0375067806669644,0.0013417532882965425,0.15158121201556463,0.014321923994212666,0.006316412020006842,0.0012272252717494317,0.6625777893210423,0.0034661714381661315,0.5711159003867312,0.003497508689513245,0.15954655408859253,0.0,0.2636636775584039,0.8080229581626247
