beta,lambda_concentration,runs,pyvrp_cost_mean,pyvrp_cost_std,global_risk_mean,global_risk_std,global_cvar90_mean,global_cvar90_std,max_vehicle_risk_mean,max_vehicle_risk_std,max_vehicle_cvar90_mean,max_vehicle_cvar90_std,vehicle_risk_gini_mean,vehicle_risk_gini_std,risk_variance_mean,risk_variance_std,edge_burden_gini_used_mean,edge_burden_gini_used_std,top10_burden_share_mean,top10_burden_share_std,max_edge_burden_mean,max_edge_burden_std,cost_increase_pct,risk_reduction_pct
0.0,0.0,3,146220.66666666666,383.9379290111011,14.664466604590416,1.35074639137822,0.23444529463678462,0.007716915141462731,4.732076497826104,0.2813522978607216,0.7074585513936148,0.035825425718426944,0.2136614038760467,0.014538093036606808,1.3762240796641123,0.15251536496445772,0.8410516258405281,0.005881310804519783,0.8931470054234162,0.008962465713659658,1.4928130308787029,0.4392365932509308,0.0,0.0
1.0,0.0,3,185103.66666666666,206.7300977925888,8.509615054974953,0.46684965732782835,0.1507826901008496,0.011370203710417678,3.069282941830655,0.3641497545791876,0.34154908787754795,0.011832972490137988,0.25635619505339585,0.10347775864821805,0.6871602604582719,0.4103316700370409,0.8056537869338681,0.007473785325748277,0.830047111362485,0.010205423657838851,1.0099999904632568,0.0,0.26592000218847317,0.41971192785753225
