beta,lambda_concentration,runs,pyvrp_cost_mean,pyvrp_cost_std,global_risk_mean,global_risk_std,global_cvar90_mean,global_cvar90_std,max_vehicle_risk_mean,max_vehicle_risk_std,max_vehicle_cvar90_mean,max_vehicle_cvar90_std,vehicle_risk_gini_mean,vehicle_risk_gini_std,risk_variance_mean,risk_variance_std,edge_burden_gini_used_mean,edge_burden_gini_used_std,top10_burden_share_mean,top10_burden_share_std,max_edge_burden_mean,max_edge_burden_std,cost_increase_pct,risk_reduction_pct
0.0,0.0,10,133997.6,0.6992058987801011,7.589169711500327,0.8476711070931602,0.22272165651215095,0.048411142278322654,2.2663963179441553,0.3960305112095076,0.38505105077018353,0.10007448009508961,0.15815794935066393,0.06080505900419708,0.2493232787530057,0.1763319159230374,0.8840908051588394,0.007754553761713641,0.9020135306261892,0.006684175656261278,1.1943054213951634,0.36872459504630584,0.0,0.0
1.0,0.0,10,158032.3,184.9925223714011,2.974379104642879,0.21686815530144518,0.07379539707842683,0.012413055282765557,0.9814296926799766,0.17657480920794447,0.11674903998103359,0.038366450710285306,0.27513646328233277,0.07965474548425779,0.09587664337073666,0.059867764786772415,0.8185236471690265,0.008552763219563185,0.7920815668467073,0.013120200525906036,0.6829482593127969,1.1702778228589004e-16,0.17936664537275282,0.6080758215043958
