{
  "name": "stable_tail_eta0p3_splitB_seed1_10seed_floor_0p01",
  "base_risk_dir": "D:\\PyVRP-main\\hazmat_risk_experiments\\outputs_10seed\\risk_matrices\\gcn_teg_concat_splitB_seed1_epochs50_10seed_floor_0p01",
  "eta": 0.3,
  "definition": "S_tail = clip(S_norm + eta * P_high, 0, 1)",
  "summaries": [
    {
      "year": "data_2020",
      "eta": 0.3,
      "edge_count": 6603,
      "risk_mean": 0.023088283836841583,
      "risk_p95": 0.08786273747682571,
      "risk_p99": 0.5049999952316284,
      "risk_max": 1.0
    },
    {
      "year": "data_2021",
      "eta": 0.3,
      "edge_count": 7647,
      "risk_mean": 0.019647542387247086,
      "risk_p95": 0.06642568856477737,
      "risk_p99": 0.5049999952316284,
      "risk_max": 0.9999998807907104
    }
  ]
}