beta,lambda_concentration,runs,pyvrp_cost_mean,pyvrp_cost_std,global_risk_mean,global_risk_std,global_cvar90_mean,global_cvar90_std,max_vehicle_risk_mean,max_vehicle_risk_std,max_vehicle_cvar90_mean,max_vehicle_cvar90_std,vehicle_risk_gini_mean,vehicle_risk_gini_std,risk_variance_mean,risk_variance_std,edge_burden_gini_used_mean,edge_burden_gini_used_std,top10_burden_share_mean,top10_burden_share_std,max_edge_burden_mean,max_edge_burden_std,cost_increase_pct,risk_reduction_pct
0.0,0.0,10,146730.9,582.7275807213293,9.099934789118704,0.6107572499583528,0.28426497189266636,0.03466743995126032,2.99406023509372,0.26308962965859634,0.4509577900263218,0.08074181680685333,0.21972058665854152,0.03467562291637231,0.5536443168061109,0.16915840280344938,0.8811881478877128,0.0049795744596962295,0.9022551501436444,0.008575514295445173,1.11238344733149,0.31281937905470353,0.0,0.0
1.0,0.0,10,180194.2,322.6466247219153,4.064538608248894,0.31624380413160474,0.09476896604998257,0.008307217842508428,1.476661354802049,0.1868799419063545,0.16079118996176203,0.023844153472389197,0.3109234271763629,0.06426876490709174,0.22252902315364592,0.08294626025283364,0.8383345352211112,0.005030804439362052,0.8137761085903291,0.011184731406946462,0.7399513593778051,0.03946588823947411,0.2280589841676158,0.5533442049376397
