beta,lambda_concentration,runs,pyvrp_cost_mean,pyvrp_cost_std,global_risk_mean,global_risk_std,global_cvar90_mean,global_cvar90_std,max_vehicle_risk_mean,max_vehicle_risk_std,max_vehicle_cvar90_mean,max_vehicle_cvar90_std,vehicle_risk_gini_mean,vehicle_risk_gini_std,risk_variance_mean,risk_variance_std,edge_burden_gini_used_mean,edge_burden_gini_used_std,top10_burden_share_mean,top10_burden_share_std,max_edge_burden_mean,max_edge_burden_std,cost_increase_pct,risk_reduction_pct
0.0,0.0,10,146730.9,582.7275807213293,9.180222188317567,0.5878240648301967,0.2899500333737788,0.032021975560558316,2.7894700252159965,0.2576392730021155,0.3956204963723819,0.054159310680239714,0.17983364936581894,0.04151450999222412,0.38721518023155316,0.14818200138732465,0.8637808030602374,0.004682657447608064,0.8975885866507539,0.01180930732765977,0.9289454162120819,0.24560464047747124,0.0,0.0
1.0,0.0,10,181593.2,806.7339916808596,4.374464445383637,0.23682441575024454,0.11626951909683433,0.017462848405941228,1.5245155261800392,0.10196225869221195,0.18121717641263135,0.021534839933699437,0.2734113482931946,0.057251296823729446,0.19217082295596125,0.0711651310813874,0.8367217547297379,0.00534315518282393,0.8349182590274395,0.009982975446964954,0.6313474655151368,0.02127536883568608,0.23759344487084874,0.5234903517966097
