beta,lambda_concentration,runs,pyvrp_cost_mean,pyvrp_cost_std,global_risk_mean,global_risk_std,global_cvar90_mean,global_cvar90_std,max_vehicle_risk_mean,max_vehicle_risk_std,max_vehicle_cvar90_mean,max_vehicle_cvar90_std,vehicle_risk_gini_mean,vehicle_risk_gini_std,risk_variance_mean,risk_variance_std,edge_burden_gini_used_mean,edge_burden_gini_used_std,top10_burden_share_mean,top10_burden_share_std,max_edge_burden_mean,max_edge_burden_std,cost_increase_pct,risk_reduction_pct
0.0,0.0,10,146863.9,547.854289224993,11.883079210564029,0.8050800592176729,0.3162777654505094,0.08698216145850318,3.6788600768428297,0.35099424197561746,0.5375173770884671,0.0845271216428631,0.1894774394525777,0.039469060778307544,0.712687632942653,0.2613515594057795,0.8494821215739472,0.004743623410336677,0.8785744640425234,0.014366672390998944,1.2250435113906861,0.27229299177675714,0.0,0.0
1.5,1.0,10,219544.6,717.8738979328705,4.693247982347384,0.04416949095539765,0.08750312102945973,0.0031301923950413646,1.8333521749009378,0.2074859267224543,0.1928942380147794,0.03535912599581263,0.35126620532479225,0.08815010838895852,0.4087275301686081,0.18630062338205639,0.7681533016057517,0.0032653978947963865,0.7549811172437243,0.0035325950598445372,1.1213507652282715,0.0,0.4948847197983985,0.605047824794797
2.0,1.0,10,230501.2,592.8203400319152,4.680373636865989,0.011613920323809673,0.089680040422827,0.0019942547291154807,1.7910383673151955,0.0011927037618828574,0.22127632637109076,0.0,0.38742200846649844,0.0041892019350314325,0.4658091201632223,0.007079531273491006,0.7691952392388348,0.001866420273855321,0.7560761971632173,0.0022730183377847424,1.1213507652282715,0.0,0.5694884855978904,0.6061312430951605
