{
  "model": "stable_tail_rc_gnn",
  "source_model": "gcn_teg_concat",
  "seed": 7,
  "delta": 0.25,
  "risk_mode": "exposure_floor",
  "exposure_delta": 0.01,
  "posthoc_formula": "clip(S_i_norm + delta * P_high * (1 - S_i_norm), 0, 1)",
  "risk_summaries": {
    "data_2020": {
      "edge_count": 6603,
      "risk_min": 4.0871775901558096e-09,
      "risk_max": 0.9019759376833605,
      "risk_mean": 0.020368289110785535,
      "risk_p25": 0.0006223489940656373,
      "risk_p50": 0.001729201097053623,
      "risk_p75": 0.005104580935643967,
      "risk_p90": 0.008963364885389097,
      "risk_p95": 0.07198199509271876,
      "risk_p99": 0.45549784422914064,
      "zero_risk_edge_count": 0,
      "zero_risk_edge_ratio": 0.0,
      "edge_attribute_zero_ratio": 0.928365894290474,
      "matrix_5x8": [
        [
          0,
          749,
          242,
          95,
          101,
          46,
          70,
          18
        ],
        [
          0,
          691,
          210,
          101,
          105,
          49,
          83,
          82
        ],
        [
          0,
          604,
          238,
          147,
          129,
          100,
          50,
          52
        ],
        [
          0,
          630,
          206,
          184,
          87,
          71,
          99,
          44
        ],
        [
          0,
          642,
          269,
          129,
          88,
          47,
          95,
          50
        ]
      ]
    },
    "data_2021": {
      "edge_count": 7647,
      "risk_min": 3.1854319333386903e-16,
      "risk_max": 0.8967975701255936,
      "risk_mean": 0.018337164824848977,
      "risk_p25": 0.0006607407183487599,
      "risk_p50": 0.001793128479347821,
      "risk_p75": 0.00482346654127612,
      "risk_p90": 0.008775185090518863,
      "risk_p95": 0.06465111756973542,
      "risk_p99": 0.45243422592477095,
      "zero_risk_edge_count": 1,
      "zero_risk_edge_ratio": 0.0001307702366941284,
      "edge_attribute_zero_ratio": 0.9314763959722767,
      "matrix_5x8": [
        [
          0,
          912,
          291,
          127,
          108,
          25,
          24,
          43
        ],
        [
          0,
          800,
          256,
          129,
          83,
          101,
          83,
          77
        ],
        [
          0,
          707,
          295,
          180,
          136,
          83,
          68,
          61
        ],
        [
          0,
          652,
          311,
          162,
          152,
          103,
          95,
          54
        ],
        [
          1,
          745,
          317,
          125,
          114,
          69,
          101,
          57
        ]
      ]
    }
  }
}