{
  "model": "stable_tail_ua_gnn",
  "split": "B",
  "seed": 2,
  "epochs": 50,
  "risk_mode": "exposure_floor",
  "exposure_delta": 0.01,
  "uncertainty_tau": 0.25,
  "experiment_tag": "stable_tail_ua_pretest_3seed",
  "alpha_ord": 0.3,
  "alpha_hr": 0.5,
  "alpha_topk": 0.1,
  "lambda_nll": 0.2,
  "lambda_var": 0.01,
  "gamma_unc": 0.5,
  "logvar_min": -5.0,
  "logvar_max": 2.0,
  "metrics": {
    "data_2020_train": {
      "macro_f1": 0.31426799533206856,
      "weighted_f1": 0.6736907393193746,
      "mae": 1.0010869419839816,
      "qwk": 0.49497672992782094,
      "recall_6_8": 0.5,
      "precision_6_8": 0.5555555555555556,
      "pr_auc_high": 0.5737155636508184,
      "high_fn_rate": 0.5,
      "brier": 0.4056287705898285,
      "ece": 0.1187237468425869,
      "ordinal_nll": 0.9062247262359974,
      "uncertainty_mean": 1.957019567489624,
      "correct_uncertainty": 1.9286984205245972,
      "error_uncertainty": 2.0346505641937256,
      "error_uncertainty_corr": 0.08194656417608653,
      "high_fn_uncertainty": 1.973802924156189
    },
    "data_2021_train": {
      "macro_f1": 0.3624210756563698,
      "weighted_f1": 0.6537756568099927,
      "mae": 0.8809851497940537,
      "qwk": 0.5506995164199802,
      "recall_6_8": 0.56,
      "precision_6_8": 0.7777777777777778,
      "pr_auc_high": 0.7490657834427744,
      "high_fn_rate": 0.44,
      "brier": 0.38722386956214905,
      "ece": 0.12219988827791689,
      "ordinal_nll": 0.8422071061404801,
      "uncertainty_mean": 1.916878581047058,
      "correct_uncertainty": 1.9062787294387817,
      "error_uncertainty": 1.9434618949890137,
      "error_uncertainty_corr": 0.030299181300815624,
      "high_fn_uncertainty": 1.7933846712112427
    },
    "data_2021_test": {
      "macro_f1": 0.2551339285714286,
      "weighted_f1": 0.6141650579150579,
      "mae": 1.2280022254658065,
      "qwk": 0.289079391350463,
      "recall_6_8": 0.2692307692307692,
      "precision_6_8": 0.4117647058823529,
      "pr_auc_high": 0.38277804980345115,
      "high_fn_rate": 0.7307692307692307,
      "brier": 0.48831382393836975,
      "ece": 0.09134922109477155,
      "ordinal_nll": 1.060217821753152,
      "uncertainty_mean": 1.8670285940170288,
      "correct_uncertainty": 1.8256274461746216,
      "error_uncertainty": 1.9532809257507324,
      "error_uncertainty_corr": 0.1047198876049969,
      "high_fn_uncertainty": 1.9917610883712769
    }
  },
  "split_sizes": {
    "data_2020": {
      "train": 419,
      "val": 0,
      "test": 0
    },
    "data_2021": {
      "train": 221,
      "val": 0,
      "test": 222
    }
  },
  "risk_summaries": {
    "data_2020": {
      "edge_count": 6603,
      "risk_min": 0.0008999291458167136,
      "risk_max": 1.0,
      "risk_mean": 0.02937876619398594,
      "risk_p25": 0.0022074002772569656,
      "risk_p50": 0.003006318351253867,
      "risk_p75": 0.005901561118662357,
      "risk_p90": 0.009999999776482582,
      "risk_p95": 0.17572209239006042,
      "risk_p99": 0.6032111048698425,
      "zero_risk_edge_count": 0,
      "zero_risk_edge_ratio": 0.0,
      "edge_attribute_zero_ratio": 0.928365894290474,
      "matrix_5x8": [
        [
          0,
          692,
          307,
          123,
          94,
          42,
          63,
          0
        ],
        [
          0,
          649,
          323,
          108,
          52,
          57,
          132,
          0
        ],
        [
          0,
          579,
          298,
          148,
          131,
          82,
          82,
          0
        ],
        [
          0,
          597,
          332,
          139,
          71,
          84,
          98,
          0
        ],
        [
          0,
          566,
          329,
          151,
          109,
          78,
          87,
          0
        ]
      ]
    },
    "data_2021": {
      "edge_count": 7647,
      "risk_min": 0.0009230719297192991,
      "risk_max": 0.9999998807907104,
      "risk_mean": 0.027236105874180794,
      "risk_p25": 0.002309117466211319,
      "risk_p50": 0.0031014184933155775,
      "risk_p75": 0.005855039693415165,
      "risk_p90": 0.009999999776482582,
      "risk_p95": 0.15445421636104584,
      "risk_p99": 0.5098719596862793,
      "zero_risk_edge_count": 0,
      "zero_risk_edge_ratio": 0.0,
      "edge_attribute_zero_ratio": 0.9314763959722767,
      "matrix_5x8": [
        [
          0,
          786,
          448,
          127,
          106,
          9,
          51,
          3
        ],
        [
          0,
          764,
          355,
          124,
          114,
          72,
          55,
          45
        ],
        [
          0,
          635,
          428,
          164,
          153,
          64,
          65,
          21
        ],
        [
          0,
          645,
          399,
          147,
          144,
          96,
          77,
          21
        ],
        [
          0,
          604,
          469,
          141,
          130,
          74,
          94,
          17
        ]
      ]
    }
  }
}