beta,lambda_concentration,runs,pyvrp_cost_mean,pyvrp_cost_std,global_risk_mean,global_risk_std,global_cvar90_mean,global_cvar90_std,max_vehicle_risk_mean,max_vehicle_risk_std,max_vehicle_cvar90_mean,max_vehicle_cvar90_std,vehicle_risk_gini_mean,vehicle_risk_gini_std,risk_variance_mean,risk_variance_std,edge_burden_gini_used_mean,edge_burden_gini_used_std,top10_burden_share_mean,top10_burden_share_std,max_edge_burden_mean,max_edge_burden_std,cost_increase_pct,risk_reduction_pct
0.0,0.0,10,146730.9,582.7275807213293,8.772930953923597,0.6279359157877115,0.25664352259853634,0.03161875346833931,3.0070841575070517,0.21109491611999798,0.42252654574456666,0.049966646560663054,0.24917105097017922,0.02874979570043764,0.6730386575003495,0.1729013901935353,0.8618052223815669,0.006281972366430542,0.8910095463890974,0.010675505832525134,1.0099378108978272,0.35310063812891335,0.0,0.0
1.0,0.0,10,180642.3,538.7343294962534,4.402333025757919,0.4471152650012391,0.09357365767679046,0.012999710912864665,1.5861363257397898,0.19467426174429386,0.19418461834923145,0.021906643006073128,0.28705301871521194,0.050998233405075026,0.21821406717679004,0.07026149019466356,0.8226545367429935,0.011789975004347057,0.8176799229182581,0.01752500278845362,0.8041402697563171,0.0,0.23111287397542027,0.49819130586118177
