beta,lambda_concentration,runs,pyvrp_cost_mean,pyvrp_cost_std,global_risk_mean,global_risk_std,global_cvar90_mean,global_cvar90_std,max_vehicle_risk_mean,max_vehicle_risk_std,max_vehicle_cvar90_mean,max_vehicle_cvar90_std,vehicle_risk_gini_mean,vehicle_risk_gini_std,risk_variance_mean,risk_variance_std,edge_burden_gini_used_mean,edge_burden_gini_used_std,top10_burden_share_mean,top10_burden_share_std,max_edge_burden_mean,max_edge_burden_std,cost_increase_pct,risk_reduction_pct
0.0,0.0,10,133997.6,0.6992058987801011,8.355224629980512,0.8905496278728056,0.23803873413552004,0.054115022455685474,2.5806609681108967,0.3329685973628197,0.3995230473334059,0.09752954556694757,0.19142640714036246,0.052704007144814984,0.381209585195129,0.20948811026359399,0.8457309052481621,0.010851007013281807,0.8733002064149075,0.011746677969620527,1.2198816061019897,0.3392496136290087,0.0,0.0
1.0,0.0,10,159882.2,320.580653744975,3.258229991979897,0.197360688114929,0.07640778198152635,0.01633807070625377,1.1730695395293878,0.1493134076889537,0.15068070153838822,0.023076277027178647,0.26313600253106767,0.03328362446460818,0.10283639838088957,0.03407662499763034,0.7235058108336213,0.013665065043401096,0.7148770850503372,0.016580247880908686,0.5045937895774841,0.0,0.19317211651551972,0.6100368169289894
