{
  "model": "stable_tail_ua_gnn",
  "split": "B",
  "seed": 0,
  "epochs": 50,
  "risk_mode": "exposure_floor",
  "exposure_delta": 0.01,
  "uncertainty_tau": 0.25,
  "experiment_tag": "stable_tail_ua_pretest_3seed",
  "alpha_ord": 0.3,
  "alpha_hr": 0.5,
  "alpha_topk": 0.1,
  "lambda_nll": 0.2,
  "lambda_var": 0.01,
  "gamma_unc": 0.5,
  "logvar_min": -5.0,
  "logvar_max": 2.0,
  "metrics": {
    "data_2020_train": {
      "macro_f1": 0.3794893447011323,
      "weighted_f1": 0.7051509553862293,
      "mae": 0.7944921239041031,
      "qwk": 0.6626194562752951,
      "recall_6_8": 0.675,
      "precision_6_8": 0.627906976744186,
      "pr_auc_high": 0.7622597109798612,
      "high_fn_rate": 0.325,
      "brier": 0.32937192916870117,
      "ece": 0.08495321393297514,
      "ordinal_nll": 0.9385066000816193,
      "uncertainty_mean": 2.1641483306884766,
      "correct_uncertainty": 2.211869478225708,
      "error_uncertainty": 2.011918067932129,
      "error_uncertainty_corr": -0.17799011368202053,
      "high_fn_uncertainty": 1.717346429824829
    },
    "data_2021_train": {
      "macro_f1": 0.5073759872146969,
      "weighted_f1": 0.7413533827196066,
      "mae": 0.6589835996107897,
      "qwk": 0.7143266180930645,
      "recall_6_8": 0.72,
      "precision_6_8": 0.8571428571428571,
      "pr_auc_high": 0.9093502430576406,
      "high_fn_rate": 0.28,
      "brier": 0.2963657081127167,
      "ece": 0.09284005782722884,
      "ordinal_nll": 0.9223840632069119,
      "uncertainty_mean": 2.1647019386291504,
      "correct_uncertainty": 2.247556209564209,
      "error_uncertainty": 1.8579658269882202,
      "error_uncertainty_corr": -0.31918218049622443,
      "high_fn_uncertainty": 1.461079716682434
    },
    "data_2021_test": {
      "macro_f1": 0.2644267901950857,
      "weighted_f1": 0.6227651807107016,
      "mae": 1.1285243430527452,
      "qwk": 0.34099037383676445,
      "recall_6_8": 0.3076923076923077,
      "precision_6_8": 0.5,
      "pr_auc_high": 0.4315392892664729,
      "high_fn_rate": 0.6923076923076923,
      "brier": 0.4442383944988251,
      "ece": 0.08385359489165985,
      "ordinal_nll": 1.087585848796739,
      "uncertainty_mean": 2.10599684715271,
      "correct_uncertainty": 2.0972957611083984,
      "error_uncertainty": 2.124891519546509,
      "error_uncertainty_corr": 0.026066213876680056,
      "high_fn_uncertainty": 2.207181215286255
    }
  },
  "split_sizes": {
    "data_2020": {
      "train": 419,
      "val": 0,
      "test": 0
    },
    "data_2021": {
      "train": 221,
      "val": 0,
      "test": 222
    }
  },
  "risk_summaries": {
    "data_2020": {
      "edge_count": 6603,
      "risk_min": 0.0007454811711795628,
      "risk_max": 1.0,
      "risk_mean": 0.02723698318004608,
      "risk_p25": 0.002380918711423874,
      "risk_p50": 0.003212952520698309,
      "risk_p75": 0.005091509781777859,
      "risk_p90": 0.009999999776482582,
      "risk_p95": 0.17562495172023773,
      "risk_p99": 0.5049999952316284,
      "zero_risk_edge_count": 0,
      "zero_risk_edge_ratio": 0.0,
      "edge_attribute_zero_ratio": 0.928365894290474,
      "matrix_5x8": [
        [
          1,
          666,
          373,
          113,
          76,
          33,
          58,
          1
        ],
        [
          0,
          607,
          316,
          150,
          92,
          33,
          122,
          1
        ],
        [
          0,
          543,
          334,
          192,
          136,
          47,
          67,
          1
        ],
        [
          0,
          556,
          339,
          171,
          102,
          65,
          78,
          10
        ],
        [
          0,
          580,
          357,
          157,
          89,
          42,
          95,
          0
        ]
      ]
    },
    "data_2021": {
      "edge_count": 7647,
      "risk_min": 0.0006056053680367768,
      "risk_max": 0.9999998807907104,
      "risk_mean": 0.024382339790463448,
      "risk_p25": 0.0023518395610153675,
      "risk_p50": 0.003095105290412903,
      "risk_p75": 0.00503516523167491,
      "risk_p90": 0.009999999776482582,
      "risk_p95": 0.15017066895961761,
      "risk_p99": 0.5049999952316284,
      "zero_risk_edge_count": 0,
      "zero_risk_edge_ratio": 0.0,
      "edge_attribute_zero_ratio": 0.9314763959722767,
      "matrix_5x8": [
        [
          1,
          821,
          423,
          153,
          82,
          10,
          36,
          4
        ],
        [
          2,
          692,
          360,
          208,
          129,
          54,
          84,
          0
        ],
        [
          1,
          598,
          438,
          260,
          114,
          59,
          54,
          6
        ],
        [
          2,
          614,
          365,
          279,
          125,
          96,
          37,
          11
        ],
        [
          3,
          631,
          439,
          210,
          88,
          90,
          63,
          5
        ]
      ]
    }
  }
}