{
  "model": "gcn_teg_concat",
  "split": "B",
  "seed": 8,
  "epochs": 50,
  "risk_mode": "exposure_floor",
  "exposure_delta": 0.01,
  "uncertainty_tau": 0.0,
  "experiment_tag": "st_v1_formal_10seed",
  "checkpoint_path": "D:\\PyVRP-main\\hazmat_risk_experiments\\outputs_10seed\\st_v1_formal_10seed\\models\\checkpoints\\gcn_teg_concat_splitB_seed8_epochs50_st_v1_formal_10seed.pt",
  "best_epoch": 50,
  "model_source": "checkpoint",
  "alpha_ord": 0.5,
  "alpha_hr": 1.0,
  "alpha_topk": 0.3,
  "lambda_nll": 0.0,
  "lambda_var": 0.0,
  "ec_delta_max": 0.05,
  "lambda_edge": 0.0,
  "lambda_edge_high": 0.0,
  "lambda_distill": 0.0,
  "lambda_delta": 0.0,
  "ec_teacher_epochs": 50,
  "gamma_unc": 0.5,
  "logvar_min": -5.0,
  "logvar_max": 2.0,
  "metrics": {
    "data_2020_train": {
      "macro_f1": 0.4674441475815821,
      "weighted_f1": 0.7260090439812791,
      "mae": 0.7481843094588698,
      "qwk": 0.6720957374693441,
      "recall_6_8": 0.675,
      "precision_6_8": 0.8709677419354839,
      "pr_auc_high": 0.8959050778578953,
      "high_fn_rate": 0.325,
      "brier": 0.32124656438827515,
      "ece": 0.048941537702282725
    },
    "data_2021_train": {
      "macro_f1": 0.5862731011945008,
      "weighted_f1": 0.8162074217527028,
      "mae": 0.5778494361297052,
      "qwk": 0.8246798452247964,
      "recall_6_8": 0.88,
      "precision_6_8": 0.9565217391304348,
      "pr_auc_high": 0.9499485825072478,
      "high_fn_rate": 0.12,
      "brier": 0.2327282875776291,
      "ece": 0.09196503777309781
    },
    "data_2021_test": {
      "macro_f1": 0.23249364047484453,
      "weighted_f1": 0.5933615214988872,
      "mae": 1.1965388151971297,
      "qwk": 0.19286128127176738,
      "recall_6_8": 0.15384615384615385,
      "precision_6_8": 0.4,
      "pr_auc_high": 0.40351682282928675,
      "high_fn_rate": 0.8461538461538461,
      "brier": 0.49774324893951416,
      "ece": 0.08913502338770274
    }
  },
  "split_sizes": {
    "data_2020": {
      "train": 419,
      "val": 0,
      "test": 0
    },
    "data_2021": {
      "train": 221,
      "val": 0,
      "test": 222
    }
  },
  "risk_summaries": {
    "data_2020": {
      "edge_count": 6603,
      "risk_min": 1.3794217323948033e-08,
      "risk_max": 0.8956184387207031,
      "risk_mean": 0.017260657623410225,
      "risk_p25": 0.0007070465944707394,
      "risk_p50": 0.001476559555158019,
      "risk_p75": 0.0033202271442860365,
      "risk_p90": 0.008604289963841438,
      "risk_p95": 0.07187608629465103,
      "risk_p99": 0.4335097074508667,
      "zero_risk_edge_count": 0,
      "zero_risk_edge_ratio": 0.0,
      "edge_attribute_zero_ratio": 0.928365894290474,
      "matrix_5x8": [
        [
          0,
          765,
          328,
          100,
          38,
          6,
          55,
          29
        ],
        [
          0,
          693,
          305,
          114,
          46,
          13,
          62,
          88
        ],
        [
          0,
          618,
          354,
          118,
          94,
          40,
          43,
          53
        ],
        [
          0,
          631,
          359,
          95,
          104,
          22,
          48,
          62
        ],
        [
          0,
          705,
          311,
          105,
          59,
          19,
          66,
          55
        ]
      ]
    },
    "data_2021": {
      "edge_count": 7647,
      "risk_min": 1.7029898324860682e-10,
      "risk_max": 0.8696718215942383,
      "risk_mean": 0.014680508524179459,
      "risk_p25": 0.0007137362845242023,
      "risk_p50": 0.001423743786290288,
      "risk_p75": 0.0030585648491978645,
      "risk_p90": 0.00832431297749281,
      "risk_p95": 0.06101448833942413,
      "risk_p99": 0.42037782073020935,
      "zero_risk_edge_count": 0,
      "zero_risk_edge_ratio": 0.0,
      "edge_attribute_zero_ratio": 0.9314763959722767,
      "matrix_5x8": [
        [
          0,
          1055,
          290,
          86,
          36,
          14,
          10,
          39
        ],
        [
          0,
          803,
          343,
          149,
          65,
          32,
          62,
          75
        ],
        [
          0,
          724,
          434,
          153,
          83,
          33,
          43,
          60
        ],
        [
          0,
          734,
          378,
          167,
          104,
          78,
          34,
          34
        ],
        [
          0,
          809,
          370,
          133,
          60,
          31,
          70,
          56
        ]
      ]
    }
  }
}