{
  "name": "ensemble_gcn_teg_low_tail_splitB_seed0_epochs50_floor_0p01",
  "risk_dirs": [
    "hazmat_risk_experiments\\outputs\\risk_matrices\\gcn_splitB_seed0_epochs50_floor_0p01",
    "hazmat_risk_experiments\\outputs\\risk_matrices\\teg_gnn_splitB_seed0_epochs50_teg_low_tail_floor_0p01"
  ],
  "ensemble": "mean node probabilities",
  "summaries": [
    {
      "year": "data_2020",
      "edge_count": 6603,
      "risk_mean": 0.020424284040927887,
      "risk_p95": 0.11331328749656677,
      "risk_p99": 0.432606965303421,
      "risk_max": 0.9036303162574768
    },
    {
      "year": "data_2021",
      "edge_count": 7647,
      "risk_mean": 0.017772093415260315,
      "risk_p95": 0.10154521465301514,
      "risk_p99": 0.39235013723373413,
      "risk_max": 0.8549851775169373
    }
  ]
}