beta,lambda_concentration,runs,pyvrp_cost_mean,pyvrp_cost_std,global_risk_mean,global_risk_std,global_cvar90_mean,global_cvar90_std,max_vehicle_risk_mean,max_vehicle_risk_std,max_vehicle_cvar90_mean,max_vehicle_cvar90_std,vehicle_risk_gini_mean,vehicle_risk_gini_std,risk_variance_mean,risk_variance_std,edge_burden_gini_used_mean,edge_burden_gini_used_std,top10_burden_share_mean,top10_burden_share_std,max_edge_burden_mean,max_edge_burden_std,cost_increase_pct,risk_reduction_pct
0.0,0.0,10,146730.9,582.7275807213293,8.565160498943367,0.5991190980580593,0.23800601189719858,0.04380269646664914,2.8793229667126408,0.28803928414906693,0.41462965079664144,0.05966367977036063,0.23755892443769905,0.03599110042933653,0.5839156839705021,0.1858963183097635,0.8579408422119223,0.006648576308589184,0.8863463769174548,0.01158772569309477,1.0218777848628158,0.35905125449933684,0.0,0.0
1.0,0.0,10,178401.8,581.9615871248624,3.8724268792172496,0.35147130797540066,0.09927333922121806,0.011229448666570909,1.441602987898713,0.24240343731779443,0.16065005692055487,0.02462300780249413,0.32967585763666224,0.06882258790391274,0.23648491672249622,0.11253293304353286,0.7938774881630444,0.013425472049057266,0.7927269394016527,0.020597580031898485,0.5719078354697833,0.006943002980043019,0.21584342493639713,0.5478862445490058
