beta,lambda_concentration,runs,pyvrp_cost_mean,pyvrp_cost_std,global_risk_mean,global_risk_std,global_cvar90_mean,global_cvar90_std,max_vehicle_risk_mean,max_vehicle_risk_std,max_vehicle_cvar90_mean,max_vehicle_cvar90_std,vehicle_risk_gini_mean,vehicle_risk_gini_std,risk_variance_mean,risk_variance_std,edge_burden_gini_used_mean,edge_burden_gini_used_std,top10_burden_share_mean,top10_burden_share_std,max_edge_burden_mean,max_edge_burden_std,cost_increase_pct,risk_reduction_pct
0.0,0.0,10,146730.9,582.7275807213293,10.666305852794189,0.7540179968339908,0.19643505397057,0.08321922643475708,3.663406117318664,0.18447154055575224,0.5245400924625852,0.09164647929658273,0.25901389044731543,0.024231221734976948,1.0523178758204672,0.2321420708523816,0.8849985301362894,0.005580355287701531,0.9021115209541936,0.006716544322768228,1.4341640949249268,0.2982215813323856,0.0,0.0
1.0,0.0,10,173753.5,304.296365042006,3.745067638666389,0.4221263332832503,0.0549455976319204,0.007456314552500741,1.3455869404730039,0.22668851632517287,0.09049474307716573,0.030847784020761375,0.2766255377236828,0.057945757947925954,0.16063731257264596,0.11682135986634146,0.811227918207566,0.014951608420433976,0.7595599186932003,0.02309994922675278,0.6043489456176758,0.13473792363942777,0.18416434438826454,0.6488880320560126
2.0,0.0,10,187351.7,193.13958682776556,3.316233040628412,0.08510336711146659,0.0485365431400571,0.0013235755711044025,1.2549082343495683,0.018386520740415573,0.07405818536859153,0.008259752677196619,0.30068684700310105,0.020574151705584666,0.13398570840863847,0.013361546018790462,0.7957952734158218,0.003626163543135845,0.7350910507947751,0.004773227120759154,0.5206687450408936,0.0,0.27683875720792295,0.6890926355950718
