beta,lambda_concentration,runs,pyvrp_cost_mean,pyvrp_cost_std,global_risk_mean,global_risk_std,global_cvar90_mean,global_cvar90_std,max_vehicle_risk_mean,max_vehicle_risk_std,max_vehicle_cvar90_mean,max_vehicle_cvar90_std,vehicle_risk_gini_mean,vehicle_risk_gini_std,risk_variance_mean,risk_variance_std,edge_burden_gini_used_mean,edge_burden_gini_used_std,top10_burden_share_mean,top10_burden_share_std,max_edge_burden_mean,max_edge_burden_std,cost_increase_pct,risk_reduction_pct
0.0,0.0,10,133997.6,0.6992058987801011,7.694454411815144,0.8987097341394407,0.2424425834861673,0.03669684259612126,2.2917777998600117,0.3375620934238004,0.3657137900451016,0.0982664047535799,0.17218116031629666,0.054276861275161244,0.2676525127784972,0.16490145372479198,0.8784271277210471,0.008355558540445026,0.8951408086498184,0.008614727573526229,1.17366925364464,0.3972572086407044,0.0,0.0
1.0,0.0,10,155103.4,244.0979766860476,2.553715755337585,0.0876572538201109,0.054505680225823264,0.007198497379021818,0.9215989538917249,0.14573821058134206,0.10357316470276486,0.021230046907856192,0.25730107025096915,0.07883689303326777,0.06453511737236983,0.03344656241411014,0.7822062690738234,0.009914849487229472,0.7414510828005993,0.012177494776276446,0.4634745437747766,5.851389114294502e-17,0.15750879120223038,0.6681095736408653
