beta,lambda_concentration,runs,pyvrp_cost_mean,pyvrp_cost_std,global_risk_mean,global_risk_std,global_cvar90_mean,global_cvar90_std,max_vehicle_risk_mean,max_vehicle_risk_std,max_vehicle_cvar90_mean,max_vehicle_cvar90_std,vehicle_risk_gini_mean,vehicle_risk_gini_std,risk_variance_mean,risk_variance_std,edge_burden_gini_used_mean,edge_burden_gini_used_std,top10_burden_share_mean,top10_burden_share_std,max_edge_burden_mean,max_edge_burden_std,cost_increase_pct,risk_reduction_pct
0.0,0.0,10,146730.9,582.7275807213293,6.8833670732215975,0.6189916252945383,0.20433968181882176,0.03999315636351772,2.3700415394283483,0.47958203367814406,0.3840576494955236,0.10547323241525115,0.2261366017758438,0.04895745976588882,0.38470811678926625,0.20982198686103387,0.8730104038318325,0.007063301886045819,0.8891930497556887,0.008431701896386487,1.0272974252700806,0.360955522031119,0.0,0.0
1.0,0.0,10,174030.3,446.7052346533076,2.9611770665112997,0.2374061591875254,0.07467500210727711,0.006530202307770314,1.1734514858850162,0.07747168665741386,0.1321516453122188,0.013709031649152938,0.2963766928123298,0.03097072219274665,0.11173790385885715,0.01939836756873953,0.8026763116863505,0.01162882613986128,0.7789213436244358,0.017882370557323914,0.5730152726173401,0.0,0.1860507909376961,0.5698068931945016
