beta,lambda_concentration,runs,pyvrp_cost_mean,pyvrp_cost_std,global_risk_mean,global_risk_std,global_cvar90_mean,global_cvar90_std,max_vehicle_risk_mean,max_vehicle_risk_std,max_vehicle_cvar90_mean,max_vehicle_cvar90_std,vehicle_risk_gini_mean,vehicle_risk_gini_std,risk_variance_mean,risk_variance_std,edge_burden_gini_used_mean,edge_burden_gini_used_std,top10_burden_share_mean,top10_burden_share_std,max_edge_burden_mean,max_edge_burden_std,cost_increase_pct,risk_reduction_pct
0.0,0.0,10,133997.5,0.7071067811865476,7.576640817010775,0.7933624917068947,0.2425838526098715,0.04175170678208946,2.483964499463764,0.2994691216207124,0.41179403740136583,0.08104145009708766,0.22117973932924745,0.05594664714726914,0.4295874012080748,0.19591864183060895,0.8823701543152953,0.009893394790949264,0.903110404533445,0.009716432353527047,1.2198675513267516,0.40840887314192403,0.0,0.0
2.0,1.0,10,173562.2,56.572077918351205,1.4174411101848818,0.0036926556634519162,0.02334945980374786,0.00013637944599633617,0.3727107370941667,0.009053065854621907,0.036846927274018525,2.157256718070001e-05,0.14187915346666316,0.010811297080427428,0.005497999209988306,0.000937445915145244,0.6638638000683847,0.005470163163171499,0.5711170289641984,0.0057593048311734285,0.1595465987920761,0.0,0.29526446388925176,0.8129195847580221
