beta,lambda_concentration,runs,pyvrp_cost_mean,pyvrp_cost_std,global_risk_mean,global_risk_std,global_cvar90_mean,global_cvar90_std,max_vehicle_risk_mean,max_vehicle_risk_std,max_vehicle_cvar90_mean,max_vehicle_cvar90_std,vehicle_risk_gini_mean,vehicle_risk_gini_std,risk_variance_mean,risk_variance_std,edge_burden_gini_used_mean,edge_burden_gini_used_std,top10_burden_share_mean,top10_burden_share_std,max_edge_burden_mean,max_edge_burden_std,cost_increase_pct,risk_reduction_pct
0.0,0.0,10,133997.6,0.6992058987801011,7.591805168936861,0.8692268399216436,0.21760864412304365,0.04652565392938839,2.3117895173367735,0.3089885312566191,0.37075961380486255,0.08662528260144242,0.17660128867036853,0.05698012292906035,0.27231589220245744,0.16932261022374293,0.859142664631427,0.009365734245778322,0.8866058239970049,0.009472337528941306,1.1083822836877542,0.41001514718973237,0.0,0.0
1.0,0.0,10,157374.9,233.72987732755854,2.7476600644380076,0.12483970388452337,0.07183842308748938,0.00445032850486672,0.9256459994585766,0.1335765626096303,0.11782099811218376,0.0184156744953828,0.25444957820591535,0.06710003601585286,0.06793075511283014,0.03116705616798521,0.7422993541344748,0.009903586656337678,0.7355877317875947,0.01098822820476691,0.3946597442017623,0.015224217963259505,0.17446058735380326,0.6380755296933651
