{
  "model": "stable_tail_rc_gnn",
  "source_model": "gcn_teg_concat",
  "seed": 1,
  "delta": 0.03,
  "risk_mode": "exposure_floor",
  "exposure_delta": 0.01,
  "posthoc_formula": "clip(S_i_norm + delta * P_high * (1 - S_i_norm), 0, 1)",
  "risk_summaries": {
    "data_2020": {
      "edge_count": 6603,
      "risk_min": 4.523033149811838e-20,
      "risk_max": 0.8989301818500691,
      "risk_mean": 0.019536596250763646,
      "risk_p25": 0.000630760047490668,
      "risk_p50": 0.0014961224709409934,
      "risk_p75": 0.0038541258895384714,
      "risk_p90": 0.008608826820125199,
      "risk_p95": 0.07915718831047339,
      "risk_p99": 0.43905095679570183,
      "zero_risk_edge_count": 4,
      "zero_risk_edge_ratio": 0.0006057852491291837,
      "edge_attribute_zero_ratio": 0.928365894290474,
      "matrix_5x8": [
        [
          4,
          697,
          334,
          103,
          67,
          33,
          67,
          16
        ],
        [
          0,
          693,
          265,
          99,
          73,
          39,
          82,
          70
        ],
        [
          0,
          652,
          274,
          124,
          120,
          27,
          75,
          48
        ],
        [
          0,
          668,
          292,
          117,
          62,
          35,
          99,
          48
        ],
        [
          0,
          573,
          373,
          127,
          74,
          29,
          99,
          45
        ]
      ]
    },
    "data_2021": {
      "edge_count": 7647,
      "risk_min": 3.1494189743679718e-21,
      "risk_max": 0.8720660890613319,
      "risk_mean": 0.01653762929261937,
      "risk_p25": 0.0006408480827368176,
      "risk_p50": 0.0014693964194677838,
      "risk_p75": 0.003485061711287371,
      "risk_p90": 0.008532450982345681,
      "risk_p95": 0.05985470664417649,
      "risk_p99": 0.430888780170982,
      "zero_risk_edge_count": 10,
      "zero_risk_edge_ratio": 0.0013077023669412842,
      "edge_attribute_zero_ratio": 0.9314763959722767,
      "matrix_5x8": [
        [
          1,
          845,
          379,
          190,
          28,
          22,
          62,
          3
        ],
        [
          3,
          854,
          275,
          113,
          62,
          91,
          83,
          48
        ],
        [
          1,
          766,
          327,
          161,
          89,
          68,
          83,
          35
        ],
        [
          2,
          745,
          332,
          161,
          125,
          48,
          80,
          36
        ],
        [
          3,
          735,
          387,
          130,
          56,
          69,
          124,
          25
        ]
      ]
    }
  }
}