{
  "model": "stable_tail_ua_gnn",
  "split": "B",
  "seed": 5,
  "epochs": 50,
  "risk_mode": "exposure_floor",
  "exposure_delta": 0.01,
  "uncertainty_tau": 0.0,
  "experiment_tag": "stable_tail_ua_formal_10seed",
  "alpha_ord": 0.3,
  "alpha_hr": 0.5,
  "alpha_topk": 0.1,
  "lambda_nll": 0.2,
  "lambda_var": 0.01,
  "gamma_unc": 0.5,
  "logvar_min": -5.0,
  "logvar_max": 2.0,
  "metrics": {
    "data_2020_train": {
      "macro_f1": 0.299866308080127,
      "weighted_f1": 0.6796410955625375,
      "mae": 0.9700374903156019,
      "qwk": 0.5646418264862416,
      "recall_6_8": 0.575,
      "precision_6_8": 0.6216216216216216,
      "pr_auc_high": 0.6859014637971428,
      "high_fn_rate": 0.425,
      "brier": 0.3878616690635681,
      "ece": 0.10696624806217474,
      "ordinal_nll": 0.9095189999814765,
      "uncertainty_mean": 1.879192590713501,
      "correct_uncertainty": 1.9095561504364014,
      "error_uncertainty": 1.7917566299438477,
      "error_uncertainty_corr": -0.11300214828648476,
      "high_fn_uncertainty": 1.7416934967041016
    },
    "data_2021_train": {
      "macro_f1": 0.3589164939812153,
      "weighted_f1": 0.6739287448358466,
      "mae": 0.8680535637233493,
      "qwk": 0.6239399012945515,
      "recall_6_8": 0.6,
      "precision_6_8": 0.6521739130434783,
      "pr_auc_high": 0.747929725581637,
      "high_fn_rate": 0.4,
      "brier": 0.36737871170043945,
      "ece": 0.10139198378739853,
      "ordinal_nll": 0.8808231292944098,
      "uncertainty_mean": 1.8749961853027344,
      "correct_uncertainty": 1.9368610382080078,
      "error_uncertainty": 1.7089921236038208,
      "error_uncertainty_corr": -0.21336900529892153,
      "high_fn_uncertainty": 1.5198160409927368
    },
    "data_2021_test": {
      "macro_f1": 0.23664529914529914,
      "weighted_f1": 0.5846038346038346,
      "mae": 1.2339238431398536,
      "qwk": 0.2912452681838068,
      "recall_6_8": 0.2692307692307692,
      "precision_6_8": 0.5833333333333334,
      "pr_auc_high": 0.4855765734451706,
      "high_fn_rate": 0.7307692307692307,
      "brier": 0.4954504072666168,
      "ece": 0.11040287901152361,
      "ordinal_nll": 1.0671226424357423,
      "uncertainty_mean": 1.8355454206466675,
      "correct_uncertainty": 1.8219224214553833,
      "error_uncertainty": 1.8617162704467773,
      "error_uncertainty_corr": 0.04333677911127318,
      "high_fn_uncertainty": 1.877319097518921
    }
  },
  "split_sizes": {
    "data_2020": {
      "train": 419,
      "val": 0,
      "test": 0
    },
    "data_2021": {
      "train": 221,
      "val": 0,
      "test": 222
    }
  },
  "risk_summaries": {
    "data_2020": {
      "edge_count": 6603,
      "risk_min": 7.050378059147988e-08,
      "risk_max": 0.8248972296714783,
      "risk_mean": 0.018956607207655907,
      "risk_p25": 0.0008969008922576904,
      "risk_p50": 0.0017499865498393774,
      "risk_p75": 0.0036764699034392834,
      "risk_p90": 0.008069966919720173,
      "risk_p95": 0.09728366136550903,
      "risk_p99": 0.41657310724258423,
      "zero_risk_edge_count": 0,
      "zero_risk_edge_ratio": 0.0,
      "edge_attribute_zero_ratio": 0.928365894290474,
      "matrix_5x8": [
        [
          0,
          619,
          371,
          161,
          64,
          61,
          45,
          0
        ],
        [
          0,
          604,
          323,
          182,
          65,
          33,
          114,
          0
        ],
        [
          0,
          556,
          345,
          186,
          93,
          79,
          61,
          0
        ],
        [
          0,
          584,
          333,
          173,
          83,
          98,
          50,
          0
        ],
        [
          0,
          526,
          384,
          166,
          86,
          73,
          85,
          0
        ]
      ]
    },
    "data_2021": {
      "edge_count": 7647,
      "risk_min": 5.46659748579259e-08,
      "risk_max": 0.8214183449745178,
      "risk_mean": 0.016521817073225975,
      "risk_p25": 0.0009226762922480702,
      "risk_p50": 0.0017355591990053654,
      "risk_p75": 0.003555258037522435,
      "risk_p90": 0.006852923426777124,
      "risk_p95": 0.08568055927753448,
      "risk_p99": 0.40175965428352356,
      "zero_risk_edge_count": 0,
      "zero_risk_edge_ratio": 0.0,
      "edge_attribute_zero_ratio": 0.9314763959722767,
      "matrix_5x8": [
        [
          0,
          748,
          472,
          180,
          70,
          22,
          36,
          2
        ],
        [
          0,
          741,
          386,
          140,
          141,
          39,
          82,
          0
        ],
        [
          0,
          614,
          456,
          207,
          151,
          42,
          54,
          6
        ],
        [
          0,
          635,
          423,
          147,
          219,
          69,
          35,
          1
        ],
        [
          0,
          577,
          509,
          172,
          132,
          75,
          61,
          3
        ]
      ]
    }
  }
}