beta,lambda_concentration,runs,pyvrp_cost_mean,pyvrp_cost_std,global_risk_mean,global_risk_std,global_cvar90_mean,global_cvar90_std,max_vehicle_risk_mean,max_vehicle_risk_std,max_vehicle_cvar90_mean,max_vehicle_cvar90_std,vehicle_risk_gini_mean,vehicle_risk_gini_std,risk_variance_mean,risk_variance_std,edge_burden_gini_used_mean,edge_burden_gini_used_std,top10_burden_share_mean,top10_burden_share_std,max_edge_burden_mean,max_edge_burden_std,cost_increase_pct,risk_reduction_pct
0.0,0.0,10,146730.9,582.7275807213293,7.03568350105536,0.6237866439169155,0.21959848432359705,0.0309469138688863,2.4159062633887514,0.4506413468245752,0.3548202566110662,0.0763389735351552,0.23440001243563496,0.05044706726211855,0.408980511460549,0.21925503222248727,0.8769739831244765,0.0074710317604298375,0.8951324438916682,0.00923447752458866,1.0298347234725953,0.3618470377447853,0.0,0.0
1.5,1.0,10,195400.4,102.36340491927116,2.295195645523605,0.042240163484077234,0.05080519411148822,0.002432275815873306,0.8641053252548996,0.01754523929369575,0.08383349705953151,0.008149683832440451,0.33452861632928255,0.016807424501159445,0.07691173915576818,0.006210335454417555,0.7788453791600813,0.0044511457851381005,0.72813763370527,0.005205292630963868,0.6369794607162476,0.0,0.33169223387848096,0.6737778717334291
