{
  "pairs": "hazmat_risk_experiments\\outputs\\od_paths\\od_formal_floor001_p50_k50_cached_floor_0p01_a0p9_l1_p75\\od_pairs.csv",
  "num_pairs": 150,
  "year": "data_2021",
  "k_paths": 50,
  "cvar_alpha": 0.9,
  "re_threshold": "p75",
  "sources": [
    {
      "risk_source": "GCN",
      "risk_dir": "hazmat_risk_experiments\\outputs\\risk_matrices\\gcn_splitB_seed0_epochs50_floor_0p01",
      "largest_component_nodes": 4357,
      "largest_component_edges": 6650,
      "re_threshold": "p75",
      "re_threshold_value": 0.003649165155366063,
      "risk_diagnostics": {
        "edge_count": 6650,
        "zero_risk_edge_count": 6,
        "zero_risk_edge_ratio": 0.0009022556390977444,
        "risk_min": 0.0,
        "risk_p25": 0.0014404518296942115,
        "risk_p50": 0.0023346813395619392,
        "risk_p75": 0.003649165155366063,
        "risk_p90": 0.008469457738101482,
        "risk_p95": 0.11309035122394562,
        "risk_p99": 0.41633906960487366,
        "risk_max": 0.8528011441230774,
        "edge_attribute_zero_ratio": 0.0,
        "S_i_norm_zero_or_near_zero_ratio": 0.005278861602019738
      }
    },
    {
      "risk_source": "TEG-low",
      "risk_dir": "hazmat_risk_experiments\\outputs\\risk_matrices\\teg_gnn_splitB_seed0_epochs50_teg_low_tail_floor_0p01",
      "largest_component_nodes": 4357,
      "largest_component_edges": 6650,
      "re_threshold": "p75",
      "re_threshold_value": 0.004911081399768591,
      "risk_diagnostics": {
        "edge_count": 6650,
        "zero_risk_edge_count": 0,
        "zero_risk_edge_ratio": 0.0,
        "risk_min": 1.1069433369925719e-08,
        "risk_p25": 0.0029098838567733765,
        "risk_p50": 0.0037547035608440638,
        "risk_p75": 0.004911081399768591,
        "risk_p90": 0.008557505905628204,
        "risk_p95": 0.11264356933534139,
        "risk_p99": 0.4321845489740372,
        "risk_max": 0.8571691513061523,
        "edge_attribute_zero_ratio": 0.0,
        "S_i_norm_zero_or_near_zero_ratio": 0.0009180628873077806
      }
    },
    {
      "risk_source": "Fusion-rho025",
      "risk_dir": "hazmat_risk_experiments\\outputs\\risk_matrices\\fusion_gcn_teg_low_rho025_splitB_seed0_epochs50_floor_0p01",
      "largest_component_nodes": 4357,
      "largest_component_edges": 6650,
      "re_threshold": "p75",
      "re_threshold_value": 0.0037556278655278236,
      "risk_diagnostics": {
        "edge_count": 6650,
        "zero_risk_edge_count": 0,
        "zero_risk_edge_ratio": 0.0,
        "risk_min": 3.706620974221559e-09,
        "risk_p25": 0.001813649136414344,
        "risk_p50": 0.002488872207550792,
        "risk_p75": 0.0037556278655278236,
        "risk_p90": 0.008491469400154793,
        "risk_p95": 0.11130239978975957,
        "risk_p99": 0.41593359024243415,
        "risk_max": 0.8538931662693762,
        "edge_attribute_zero_ratio": 0.0,
        "S_i_norm_zero_or_near_zero_ratio": 0.0006885471654808355
      }
    },
    {
      "risk_source": "Fusion-rho050",
      "risk_dir": "hazmat_risk_experiments\\outputs\\risk_matrices\\fusion_gcn_teg_low_rho050_splitB_seed0_epochs50_floor_0p01",
      "largest_component_nodes": 4357,
      "largest_component_edges": 6650,
      "re_threshold": "p75",
      "re_threshold_value": 0.003986475566504801,
      "risk_diagnostics": {
        "edge_count": 6650,
        "zero_risk_edge_count": 0,
        "zero_risk_edge_ratio": 0.0,
        "risk_min": 6.127588657819118e-09,
        "risk_p25": 0.002195261776207283,
        "risk_p50": 0.0028525720191810667,
        "risk_p75": 0.003986475566504801,
        "risk_p90": 0.008513481658682199,
        "risk_p95": 0.11079068309936335,
        "risk_p99": 0.4295977597604435,
        "risk_max": 0.8549851651472373,
        "edge_attribute_zero_ratio": 0.0,
        "S_i_norm_zero_or_near_zero_ratio": 0.0006885471654808355
      }
    },
    {
      "risk_source": "Fusion-rho075",
      "risk_dir": "hazmat_risk_experiments\\outputs\\risk_matrices\\fusion_gcn_teg_low_rho075_splitB_seed0_epochs50_floor_0p01",
      "largest_component_nodes": 4357,
      "largest_component_edges": 6650,
      "re_threshold": "p75",
      "re_threshold_value": 0.004395854176620351,
      "risk_diagnostics": {
        "edge_count": 6650,
        "zero_risk_edge_count": 0,
        "zero_risk_edge_ratio": 0.0,
        "risk_min": 8.548556341416677e-09,
        "risk_p25": 0.0025893059978257045,
        "risk_p50": 0.0033071989285880124,
        "risk_p75": 0.004395854176620351,
        "risk_p90": 0.008535493917209607,
        "risk_p95": 0.10891062934622484,
        "risk_p99": 0.43104244838359396,
        "risk_max": 0.8560771640250985,
        "edge_attribute_zero_ratio": 0.0,
        "S_i_norm_zero_or_near_zero_ratio": 0.0006885471654808355
      }
    },
    {
      "risk_source": "Ensemble-4",
      "risk_dir": "hazmat_risk_experiments\\outputs\\risk_matrices\\ensemble_graph4_teg_low_tail_splitB_seed0_epochs50_floor_0p01",
      "largest_component_nodes": 4357,
      "largest_component_edges": 6650,
      "re_threshold": "p75",
      "re_threshold_value": 0.003933422267436981,
      "risk_diagnostics": {
        "edge_count": 6650,
        "zero_risk_edge_count": 0,
        "zero_risk_edge_ratio": 0.0,
        "risk_min": 1.0413782547402661e-06,
        "risk_p25": 0.00225067138671875,
        "risk_p50": 0.002836808795109391,
        "risk_p75": 0.003933422267436981,
        "risk_p90": 0.008205747231841087,
        "risk_p95": 0.11246391497552352,
        "risk_p99": 0.4142392683029176,
        "risk_max": 0.8550534844398499,
        "edge_attribute_zero_ratio": 0.0,
        "S_i_norm_zero_or_near_zero_ratio": 0.00022951572182694515
      }
    }
  ]
}