{
  "name": "fusion_gcn_teg_low_rho075_splitB_seed5_epochs50_10seed_floor_0p01",
  "risk_dirs": [
    "D:\\PyVRP-main\\hazmat_risk_experiments\\outputs_10seed\\risk_matrices\\gcn_splitB_seed5_epochs50_10seed_floor_0p01",
    "D:\\PyVRP-main\\hazmat_risk_experiments\\outputs_10seed\\risk_matrices\\teg_gnn_splitB_seed5_epochs50_teg_low_tail_10seed_floor_0p01"
  ],
  "weights": [
    0.25,
    0.75
  ],
  "ensemble": "mean node probabilities",
  "summaries": [
    {
      "year": "data_2020",
      "edge_count": 6603,
      "risk_mean": 0.02053676546517291,
      "risk_p95": 0.1122021130094878,
      "risk_p99": 0.4335907798919071,
      "risk_max": 0.8671756599713782
    },
    {
      "year": "data_2021",
      "edge_count": 7647,
      "risk_mean": 0.01689477240612673,
      "risk_p95": 0.09584248593962949,
      "risk_p99": 0.33714880072257125,
      "risk_max": 0.8552377567013261
    }
  ]
}