beta,lambda_concentration,runs,pyvrp_cost_mean,pyvrp_cost_std,global_risk_mean,global_risk_std,global_cvar90_mean,global_cvar90_std,max_vehicle_risk_mean,max_vehicle_risk_std,max_vehicle_cvar90_mean,max_vehicle_cvar90_std,vehicle_risk_gini_mean,vehicle_risk_gini_std,risk_variance_mean,risk_variance_std,edge_burden_gini_used_mean,edge_burden_gini_used_std,top10_burden_share_mean,top10_burden_share_std,max_edge_burden_mean,max_edge_burden_std,cost_increase_pct,risk_reduction_pct
0.0,0.0,10,133997.5,0.7071067811865476,7.711599291044695,0.7810941847961627,0.21264044217566686,0.0433419173454728,2.430708696797228,0.47017478257279366,0.39587853227875064,0.10002424999342079,0.17997605035659467,0.06114011672669531,0.3281364485283236,0.222906346355804,0.8386493917302469,0.011877062513539212,0.8653913799597884,0.012245832753473273,1.1982545256614685,0.441612794451587,0.0,0.0
1.0,0.0,10,158701.8,257.44203231018827,2.9664850441753514,0.25687933276022357,0.06314660585633917,0.010626226467812949,0.9599989466136322,0.09235179542912979,0.11177205320403334,0.017908926056465903,0.21785878649623241,0.049118730514165085,0.057814208162602396,0.015249975012642521,0.6998914378594432,0.025529652249551178,0.6891550256541727,0.02959596087309655,0.4130208075046539,0.02267596359929431,0.1843638873859586,0.6153216820250401
1.0,1.0,10,168452.7,340.84537061058444,2.3414372911152896,0.14006427853319542,0.040525977413253755,0.004064891175137357,0.6189363009878435,0.1459643148497718,0.06905689145394024,0.021961741592010416,0.12954107820054797,0.06787429987910298,0.017276492107164396,0.021523777571178508,0.6227100339584466,0.02254550118768312,0.5990427967396331,0.026047194267305486,0.35663333237171174,0.06993145526339266,0.25713315546931853,0.6963746166330187
