beta,lambda_concentration,runs,pyvrp_cost_mean,pyvrp_cost_std,global_risk_mean,global_risk_std,global_cvar90_mean,global_cvar90_std,max_vehicle_risk_mean,max_vehicle_risk_std,max_vehicle_cvar90_mean,max_vehicle_cvar90_std,vehicle_risk_gini_mean,vehicle_risk_gini_std,risk_variance_mean,risk_variance_std,edge_burden_gini_used_mean,edge_burden_gini_used_std,top10_burden_share_mean,top10_burden_share_std,max_edge_burden_mean,max_edge_burden_std,cost_increase_pct,risk_reduction_pct
0.0,0.0,10,134131.3,280.75812049203887,9.677180531675022,0.916896675808206,0.31175056894493414,0.05891938567763782,2.71532297652484,0.4616739100743361,0.42935439888289934,0.1102498110825933,0.16115190857083161,0.05778318264666097,0.37164603613329655,0.275684338743272,0.8766406323160846,0.007145077298881019,0.9001270809175566,0.01138221830130475,1.4535068423404396,0.2961224330392915,0.0,0.0
1.0,0.0,10,158549.7,221.76266091877994,3.265152185830317,0.17103655763335,0.07169160439045004,0.00473658883050331,1.1412589012987158,0.10426741719772221,0.13644361853609427,0.02181779716719975,0.2710029143386048,0.05530757813263726,0.10622305883992109,0.03259184060496642,0.8064925895202052,0.008336474124624212,0.776573799666209,0.013001212413676121,0.5862902179689911,1.1702778228589004e-16,0.1820484853274368,0.6625926141251997
