beta,lambda_concentration,runs,pyvrp_cost_mean,pyvrp_cost_std,global_risk_mean,global_risk_std,global_cvar90_mean,global_cvar90_std,max_vehicle_risk_mean,max_vehicle_risk_std,max_vehicle_cvar90_mean,max_vehicle_cvar90_std,vehicle_risk_gini_mean,vehicle_risk_gini_std,risk_variance_mean,risk_variance_std,edge_burden_gini_used_mean,edge_burden_gini_used_std,top10_burden_share_mean,top10_burden_share_std,max_edge_burden_mean,max_edge_burden_std,cost_increase_pct,risk_reduction_pct
0.0,0.0,5,146531.2,556.7375503771952,8.334988093741789,0.7139058080837213,0.2561303142088539,0.026742206306833313,2.8119292619514864,0.5003527289528669,0.45816674216468894,0.09398864160229427,0.23264289745369177,0.031163756983751675,0.5426890663740433,0.19644334701551996,0.8436187773624404,0.007887210935934523,0.8712051617484722,0.00872483481105847,1.1826154462199199,0.36152534824853116,0.0,0.0
1.0,0.0,5,176514.6,294.2733423196875,3.6561632959038883,0.28653892853204604,0.08466486073031623,0.00958694410174089,1.2670093923165413,0.1612896112398772,0.15738667257554181,0.011939677340494191,0.2274638007822392,0.030290324799269297,0.0978344979798485,0.022401547723297475,0.7200050214924045,0.019999040509219676,0.7161819121304223,0.02588787325649214,0.6112069395161424,0.0,0.204621268371514,0.5613475082646333
