beta,lambda_concentration,runs,pyvrp_cost_mean,pyvrp_cost_std,global_risk_mean,global_risk_std,global_cvar90_mean,global_cvar90_std,max_vehicle_risk_mean,max_vehicle_risk_std,max_vehicle_cvar90_mean,max_vehicle_cvar90_std,vehicle_risk_gini_mean,vehicle_risk_gini_std,risk_variance_mean,risk_variance_std,edge_burden_gini_used_mean,edge_burden_gini_used_std,top10_burden_share_mean,top10_burden_share_std,max_edge_burden_mean,max_edge_burden_std,cost_increase_pct,risk_reduction_pct
0.0,0.0,10,133997.6,0.6992058987801011,6.152816654695198,0.7149365199346466,0.1755704219068964,0.03855482817043352,1.791872751039773,0.31475521804650597,0.3114187994144029,0.07217472488039663,0.1705295144284497,0.06278970107198495,0.16833500133265225,0.12780190953868326,0.8737958966204733,0.0062082624686929915,0.8903467417282769,0.007433950826330565,0.9233570456504822,0.10491960278353592,0.0,0.0
1.0,0.0,10,155535.2,255.17479847700045,2.202071189916933,0.2945478152112072,0.057789085508821905,0.010065144124951558,0.8286971182911657,0.08801066395316591,0.09117663026521247,0.019303470668588778,0.30063096696211977,0.059894447263570516,0.0604733418404797,0.017634641379833046,0.7704542687194318,0.02307082178292169,0.7353383783073573,0.030183207506987532,0.4240971505641937,0.04078737976071924,0.16073123697737873,0.642103557849854
