beta,lambda_concentration,runs,pyvrp_cost_mean,pyvrp_cost_std,global_risk_mean,global_risk_std,global_cvar90_mean,global_cvar90_std,max_vehicle_risk_mean,max_vehicle_risk_std,max_vehicle_cvar90_mean,max_vehicle_cvar90_std,vehicle_risk_gini_mean,vehicle_risk_gini_std,risk_variance_mean,risk_variance_std,edge_burden_gini_used_mean,edge_burden_gini_used_std,top10_burden_share_mean,top10_burden_share_std,max_edge_burden_mean,max_edge_burden_std,cost_increase_pct,risk_reduction_pct
0.0,0.0,3,133997.33333333334,0.5773502691896258,13.453349912577929,1.3062564526059635,0.2891598364592762,0.19776135157906002,3.5543510831194,0.2977694343340218,0.45575085530678433,0.12589119999836546,0.1363490192433623,0.015018946643773436,0.46104030620493247,0.22764205231456747,0.8465394358661396,0.000835936981017063,0.8843902557874834,0.011290250577713228,1.4789105653762817,0.0,0.0,0.0
1.0,0.0,3,162081.66666666666,468.5641187002408,5.640266218649534,0.6347142278686188,0.07654997474610402,0.012557118056120628,1.9746013972520207,0.22118725914690102,0.18607935399955344,0.054189429638320984,0.263533317985374,0.12195172374794132,0.30668524933883706,0.2008697440823812,0.7820326929848319,0.020055991601504168,0.7776241460167036,0.027678542477806715,1.0099999904632568,0.0,0.2095887480347866,0.5807537709714318
