{
  "model": "gcn",
  "split": "B",
  "seed": 5,
  "epochs": 50,
  "risk_mode": "exposure_floor",
  "exposure_delta": 0.01,
  "experiment_tag": "10seed",
  "alpha_ord": 0.5,
  "alpha_hr": 1.0,
  "alpha_topk": 0.3,
  "metrics": {
    "data_2020_train": {
      "macro_f1": 0.6388365912262971,
      "weighted_f1": 0.7867704349804588,
      "mae": 0.7994653680731406,
      "qwk": 0.7207779691796007,
      "recall_6_8": 0.775,
      "precision_6_8": 0.8611111111111112,
      "pr_auc_high": 0.9267494574083165,
      "high_fn_rate": 0.225
    },
    "data_2021_train": {
      "macro_f1": 0.8150317057691159,
      "weighted_f1": 0.8837924855698872,
      "mae": 0.6758275144211505,
      "qwk": 0.8516756069375829,
      "recall_6_8": 0.96,
      "precision_6_8": 0.8275862068965517,
      "pr_auc_high": 0.973067140497619,
      "high_fn_rate": 0.04
    },
    "data_2021_test": {
      "macro_f1": 0.30054862065455284,
      "weighted_f1": 0.6385681260738522,
      "mae": 1.2818750755177142,
      "qwk": 0.18922085155144708,
      "recall_6_8": 0.19230769230769232,
      "precision_6_8": 0.38461538461538464,
      "pr_auc_high": 0.3633909323418274,
      "high_fn_rate": 0.8076923076923077
    }
  },
  "split_sizes": {
    "data_2020": {
      "train": 419,
      "val": 0,
      "test": 0
    },
    "data_2021": {
      "train": 221,
      "val": 0,
      "test": 222
    }
  },
  "risk_summaries": {
    "data_2020": {
      "edge_count": 6603,
      "risk_min": 0.0,
      "risk_max": 0.8870566487312317,
      "risk_mean": 0.020173585042357445,
      "risk_p25": 0.00114061392378062,
      "risk_p50": 0.0020837197080254555,
      "risk_p75": 0.003659367561340332,
      "risk_p90": 0.00864747166633606,
      "risk_p95": 0.11595848947763443,
      "risk_p99": 0.4366973340511322,
      "zero_risk_edge_count": 1,
      "zero_risk_edge_ratio": 0.00015144631228229593,
      "edge_attribute_zero_ratio": 0.928365894290474,
      "matrix_5x8": [
        [
          1,
          436,
          571,
          186,
          43,
          6,
          49,
          29
        ],
        [
          0,
          494,
          433,
          145,
          79,
          33,
          48,
          89
        ],
        [
          0,
          432,
          471,
          203,
          87,
          45,
          40,
          42
        ],
        [
          0,
          482,
          463,
          153,
          62,
          40,
          57,
          64
        ],
        [
          0,
          381,
          520,
          203,
          75,
          25,
          67,
          49
        ]
      ]
    },
    "data_2021": {
      "edge_count": 7647,
      "risk_min": 0.0,
      "risk_max": 0.8609724044799805,
      "risk_mean": 0.01650124602019787,
      "risk_p25": 0.0011154303792864084,
      "risk_p50": 0.001981279579922557,
      "risk_p75": 0.003455406753346324,
      "risk_p90": 0.007987624034285545,
      "risk_p95": 0.0928540974855423,
      "risk_p99": 0.3787201941013336,
      "zero_risk_edge_count": 10,
      "zero_risk_edge_ratio": 0.0013077023669412842,
      "edge_attribute_zero_ratio": 0.9314763959722767,
      "matrix_5x8": [
        [
          2,
          519,
          706,
          187,
          42,
          18,
          22,
          34
        ],
        [
          1,
          645,
          440,
          207,
          78,
          60,
          73,
          25
        ],
        [
          2,
          512,
          589,
          208,
          60,
          67,
          62,
          30
        ],
        [
          2,
          533,
          541,
          245,
          69,
          65,
          55,
          19
        ],
        [
          3,
          439,
          671,
          194,
          59,
          75,
          52,
          36
        ]
      ]
    }
  }
}