{
  "name": "fusion_gcn_teg_low_rho075_splitB_seed0_epochs50_10seed_floor_0p01",
  "risk_dirs": [
    "D:\\PyVRP-main\\hazmat_risk_experiments\\outputs_10seed\\risk_matrices\\gcn_splitB_seed0_epochs50_10seed_floor_0p01",
    "D:\\PyVRP-main\\hazmat_risk_experiments\\outputs_10seed\\risk_matrices\\teg_gnn_splitB_seed0_epochs50_teg_low_tail_10seed_floor_0p01"
  ],
  "weights": [
    0.25,
    0.75
  ],
  "ensemble": "mean node probabilities",
  "summaries": [
    {
      "year": "data_2020",
      "edge_count": 6603,
      "risk_mean": 0.02124624125226695,
      "risk_p95": 0.11380596248541519,
      "risk_p99": 0.43270299795294004,
      "risk_max": 0.9225234736389082
    },
    {
      "year": "data_2021",
      "edge_count": 7647,
      "risk_mean": 0.01826995106410327,
      "risk_p95": 0.09880567893026398,
      "risk_p99": 0.4121290024739867,
      "risk_max": 0.8560780936054901
    }
  ]
}