beta,lambda_concentration,runs,pyvrp_cost_mean,pyvrp_cost_std,global_risk_mean,global_risk_std,global_cvar90_mean,global_cvar90_std,max_vehicle_risk_mean,max_vehicle_risk_std,max_vehicle_cvar90_mean,max_vehicle_cvar90_std,vehicle_risk_gini_mean,vehicle_risk_gini_std,risk_variance_mean,risk_variance_std,edge_burden_gini_used_mean,edge_burden_gini_used_std,top10_burden_share_mean,top10_burden_share_std,max_edge_burden_mean,max_edge_burden_std,cost_increase_pct,risk_reduction_pct
0.0,0.0,10,133997.6,0.6992058987801011,8.651667671860196,0.9645151570371865,0.2691166370303995,0.045433364536573415,2.4773265401367097,0.35732392452602874,0.40680523025725657,0.09677511925963576,0.14243282754833256,0.042200224537786796,0.2443208523709252,0.1558845729482092,0.8745999368017525,0.007403908510657347,0.8996749273931034,0.006318594033171503,1.2531844139099122,0.34335785495891763,0.0,0.0
1.0,0.0,10,160054.1,256.0830811366585,3.4099757550284266,0.11498266026947748,0.07506752607249999,0.005051731610546643,1.1601483413600362,0.10358517101069609,0.14887797301302533,0.015273205783898581,0.29472392991920754,0.04410691294178197,0.13485642637292453,0.04425652310325109,0.8116521981225346,0.004949208137363652,0.7895175941141901,0.00607640701193478,0.8629770874977112,0.0,0.19445497531299066,0.6058591378723343
1.0,1.0,10,171317.5,280.58718193578744,2.660126197701902,0.1896023674904256,0.052335050230918626,0.0053168663095302824,1.0996683740115258,0.013955980113800663,0.1520356238320736,0.025163904311854803,0.3467648162431197,0.034081756669816284,0.11564967200726166,0.011518384867365606,0.7676435297249192,0.017770036154670807,0.727838301627924,0.024357227606274214,0.8629770874977112,0.0,0.27851170468724806,0.6925302382620713
