beta,lambda_concentration,runs,pyvrp_cost_mean,pyvrp_cost_std,global_risk_mean,global_risk_std,global_cvar90_mean,global_cvar90_std,max_vehicle_risk_mean,max_vehicle_risk_std,max_vehicle_cvar90_mean,max_vehicle_cvar90_std,vehicle_risk_gini_mean,vehicle_risk_gini_std,risk_variance_mean,risk_variance_std,edge_burden_gini_used_mean,edge_burden_gini_used_std,top10_burden_share_mean,top10_burden_share_std,max_edge_burden_mean,max_edge_burden_std,cost_increase_pct,risk_reduction_pct
0.0,0.0,10,133997.5,0.7071067811865476,8.85220793703338,0.7994337480592084,0.28160089906477037,0.04766334071124631,2.646365399521892,0.5231355295931093,0.456612674544255,0.1183290321256278,0.1614430400328869,0.0602928546467717,0.3518180777819436,0.34990484816191914,0.878703683958158,0.00802935797739047,0.9037923691015836,0.00904756141569042,1.2657405614852906,0.45926405791225083,0.0,0.0
3.0,1.0,10,203713.0,0.0,2.6773326774593444,0.11450712850287409,0.05473658941806984,0.007214432508990886,1.5976810241409112,0.0,0.1748612814117223,0.0,0.45499025435680956,0.017800442946982763,0.2885076971729954,0.010134589012963685,0.7884523390572072,0.0070002652336052145,0.737297160824524,0.010074855818351365,0.9099961519241333,0.0,0.5202746319894028,0.6975519896839104
