beta,lambda_concentration,runs,pyvrp_cost_mean,pyvrp_cost_std,global_risk_mean,global_risk_std,global_cvar90_mean,global_cvar90_std,max_vehicle_risk_mean,max_vehicle_risk_std,max_vehicle_cvar90_mean,max_vehicle_cvar90_std,vehicle_risk_gini_mean,vehicle_risk_gini_std,risk_variance_mean,risk_variance_std,edge_burden_gini_used_mean,edge_burden_gini_used_std,top10_burden_share_mean,top10_burden_share_std,max_edge_burden_mean,max_edge_burden_std,cost_increase_pct,risk_reduction_pct
0.0,0.0,10,146730.9,582.7275807213293,10.349132052943725,0.7920661910198845,0.20660046182105565,0.07136324856525066,3.488599557800626,0.24841803151085223,0.5118631779402494,0.1021418454644586,0.245546153984408,0.026400452196112367,0.888325649117401,0.21558631810039722,0.8822806495687111,0.00538670705368353,0.9043922530149396,0.006914070637070611,1.1999998569488526,0.4216369710927341,0.0,0.0
1.0,0.0,10,171608.6,328.0522316136055,3.314177036111121,0.19426002544079005,0.05735661655345875,0.003972935932862067,1.074297738802852,0.028288781472489605,0.10479882740260413,0.014804055067301827,0.2677730110757182,0.03794741258404805,0.1057682919640482,0.025189448052376127,0.795088707923088,0.010564236006967351,0.7494122996187551,0.01695019090945159,0.5049999952316284,0.0,0.16954642818929083,0.6797628033773991
2.0,0.0,10,183149.8,342.9090582388022,2.7327077632719528,0.1003023309243037,0.04383462890833157,0.0015318645725421018,0.9923334741106373,0.05833234294674961,0.09584651068629076,0.017645749535886674,0.25855770175655424,0.03801289265617618,0.06900558418878865,0.01622189381477459,0.7563073491103561,0.006355734915998678,0.6936313804307297,0.008452840078361135,0.5049999952316284,0.0,0.24820198063257293,0.7359481211281489
