beta,lambda_concentration,runs,pyvrp_cost_mean,pyvrp_cost_std,global_risk_mean,global_risk_std,global_cvar90_mean,global_cvar90_std,max_vehicle_risk_mean,max_vehicle_risk_std,max_vehicle_cvar90_mean,max_vehicle_cvar90_std,vehicle_risk_gini_mean,vehicle_risk_gini_std,risk_variance_mean,risk_variance_std,edge_burden_gini_used_mean,edge_burden_gini_used_std,top10_burden_share_mean,top10_burden_share_std,max_edge_burden_mean,max_edge_burden_std,cost_increase_pct,risk_reduction_pct
0.0,0.0,10,133997.6,0.6992058987801011,7.690715714789985,0.8954980475389415,0.24880877586810107,0.03454370323786073,2.2093559261382323,0.44864255842840844,0.36526060120202597,0.08807077382718417,0.14741955185995298,0.06161951847790573,0.22809150127400715,0.18777513127766376,0.8358433080113231,0.009812421813965962,0.8638325802283697,0.010118764045355035,1.054634428024292,0.2858422460059624,0.0,0.0
1.0,0.0,10,157987.2,184.2038725615362,3.1198989706106657,0.2326871562909427,0.06307397481085372,0.005985224566881157,0.9471814092365094,0.04214568520539108,0.12193020950736744,0.00445295493426464,0.22931099419026585,0.04419303952089789,0.06858384789777933,0.016518211466558106,0.7072046325663806,0.019588270546525184,0.7027477568368978,0.024252890875456633,0.4385547637939453,0.0,0.1790300721803973,0.5943291773727386
