beta,lambda_concentration,runs,pyvrp_cost_mean,pyvrp_cost_std,global_risk_mean,global_risk_std,global_cvar90_mean,global_cvar90_std,max_vehicle_risk_mean,max_vehicle_risk_std,max_vehicle_cvar90_mean,max_vehicle_cvar90_std,vehicle_risk_gini_mean,vehicle_risk_gini_std,risk_variance_mean,risk_variance_std,edge_burden_gini_used_mean,edge_burden_gini_used_std,top10_burden_share_mean,top10_burden_share_std,max_edge_burden_mean,max_edge_burden_std,cost_increase_pct,risk_reduction_pct
0.0,0.0,10,133997.5,0.7071067811865476,7.3562017661082795,0.7597833674145104,0.20855487415184096,0.04157362700635452,2.433053692658723,0.36616837388556656,0.38072841546010405,0.09906865678651805,0.20968370234769534,0.06288902686329122,0.3735112306421783,0.21126632041326865,0.865419463332136,0.011025189995612089,0.8887978086127071,0.013495193115403412,1.1863835752010345,0.4368054798843339,0.0,0.0
1.0,0.0,10,157100.0,308.73685307142136,2.6018714495774473,0.15581405994555375,0.056984381444056306,0.006947973026793292,0.8337675246875733,0.09273009527833703,0.08929286232728156,0.012480412361052934,0.19481922674697785,0.04701121192574578,0.03754719344755249,0.017279059051053876,0.7631999734463328,0.009177641092857283,0.7470548763057303,0.014383984714390494,0.3044122248888016,0.013198225537655312,0.17240993302113847,0.6463023266211217
1.0,1.0,10,167385.5,449.6218781746873,2.310450930400111,0.1880532984651339,0.04360704582738196,0.004632743553542637,0.7076282649897621,0.117120276382835,0.07889721375380067,0.0123619836829924,0.22653666203708395,0.05530460815743189,0.04065462016114139,0.01893157750781582,0.7395219625877651,0.019383591682515352,0.7117240536857877,0.025603343614906668,0.32110680639743805,0.02199704256275885,0.24916882777663762,0.6859179500696163
