beta,lambda_concentration,runs,pyvrp_cost_mean,pyvrp_cost_std,global_risk_mean,global_risk_std,global_cvar90_mean,global_cvar90_std,max_vehicle_risk_mean,max_vehicle_risk_std,max_vehicle_cvar90_mean,max_vehicle_cvar90_std,vehicle_risk_gini_mean,vehicle_risk_gini_std,risk_variance_mean,risk_variance_std,edge_burden_gini_used_mean,edge_burden_gini_used_std,top10_burden_share_mean,top10_burden_share_std,max_edge_burden_mean,max_edge_burden_std,cost_increase_pct,risk_reduction_pct
0.0,0.0,10,133997.6,0.6992058987801011,8.698254595632898,0.8697422198760056,0.27234055667380136,0.04779775675689853,2.4570545084221522,0.26763855256917735,0.40933284459790836,0.09724281096610385,0.14530197643741632,0.024942418514376574,0.23934989054662595,0.08633802996530568,0.8775960585456174,0.007761454981900574,0.9023782835640658,0.00847335514652106,1.1768044590950013,0.4296021886917872,0.0,0.0
1.0,0.0,10,158073.2,221.7264581014684,3.4771906864931226,0.15821549891696335,0.09195819809874409,0.012777437013653603,1.1352697722642915,0.09119248500911178,0.14012394909347808,0.02056156657108878,0.28217413835472505,0.0642278571173027,0.1310353608828294,0.05192593573989026,0.827168720026903,0.003423470737612833,0.8022064005111735,0.0058188149120436536,0.9099961519241333,0.0,0.1796718747201443,0.6002427098145066
1.0,1.0,10,170041.3,500.9173917257548,3.2025720234873005,0.14243642312973145,0.08022555326241672,0.010443298077697186,1.1496871092473158,0.13934576751245373,0.13272284162685363,0.040556538003914525,0.31390885447776007,0.04073032260111639,0.14103264043318964,0.03873533799429163,0.8146881560375892,0.010619215912597357,0.7826088414263641,0.014792773604733507,0.9099961519241333,0.0,0.268987653510212,0.6318144073299674
