beta,lambda_concentration,runs,pyvrp_cost_mean,pyvrp_cost_std,global_risk_mean,global_risk_std,global_cvar90_mean,global_cvar90_std,max_vehicle_risk_mean,max_vehicle_risk_std,max_vehicle_cvar90_mean,max_vehicle_cvar90_std,vehicle_risk_gini_mean,vehicle_risk_gini_std,risk_variance_mean,risk_variance_std,edge_burden_gini_used_mean,edge_burden_gini_used_std,top10_burden_share_mean,top10_burden_share_std,max_edge_burden_mean,max_edge_burden_std,cost_increase_pct,risk_reduction_pct
0.0,0.0,10,133997.6,0.6992058987801011,7.072628511810035,0.8277103442785505,0.22403313214302786,0.034726595419333074,2.2209104530134938,0.366845733033899,0.35728696071775634,0.11183845446030488,0.1990427846822928,0.0621355127329148,0.2943731267560338,0.1894093408029209,0.8771522236373496,0.009326917964673002,0.8958930859614765,0.009256852055221492,1.1382668018341064,0.42295007853995364,0.0,0.0
1.0,0.0,10,154374.9,135.23268013974203,2.2920187098468885,0.18642451243481645,0.046837777180991934,0.005345935118803521,0.7079718015840626,0.10153008998079584,0.07586086337853755,0.01968230736444557,0.17074413786582818,0.053307401145323036,0.024111009040020163,0.015006502720941683,0.7600085033785554,0.014990054262115169,0.724923516182251,0.02192951623111829,0.345416784286499,0.0,0.1520721266649551,0.6759311328142995
