beta,lambda_concentration,runs,pyvrp_cost_mean,pyvrp_cost_std,global_risk_mean,global_risk_std,global_cvar90_mean,global_cvar90_std,max_vehicle_risk_mean,max_vehicle_risk_std,max_vehicle_cvar90_mean,max_vehicle_cvar90_std,vehicle_risk_gini_mean,vehicle_risk_gini_std,risk_variance_mean,risk_variance_std,edge_burden_gini_used_mean,edge_burden_gini_used_std,top10_burden_share_mean,top10_burden_share_std,max_edge_burden_mean,max_edge_burden_std,cost_increase_pct,risk_reduction_pct
0.0,0.0,10,146730.9,582.7275807213293,7.420932839418725,0.6492634918690072,0.21778832712203716,0.0416894167086499,2.362198650357459,0.39865689956162803,0.37504640971620873,0.08144757238097214,0.19378652325797435,0.061644025168220616,0.31343831054404825,0.17118709122365805,0.8781791189838305,0.006505720397041759,0.8905461224574068,0.008267789606790475,1.103269600868225,0.33513107074500537,0.0,0.0
2.0,2.0,10,215320.3,246.07182781546618,2.302299132267771,0.010276531091566104,0.04266173250458546,0.0005412934514758283,0.9641669519573547,0.03581397711262776,0.0932778581716174,0.014975266105119858,0.3376957494563541,0.021202656644448526,0.08447919822663302,0.009483617067269108,0.7700046526267649,0.0014813460761503,0.710731848726568,0.00131571059093483,0.6722076535224915,0.0,0.4674502780259645,0.6897561018152539
