{
  "model": "graphsage_teg_concat",
  "split": "B",
  "seed": 3,
  "epochs": 50,
  "risk_mode": "exposure_floor",
  "exposure_delta": 0.01,
  "uncertainty_tau": 0.0,
  "experiment_tag": "paper_teg_concat_fusions_10seed",
  "checkpoint_path": "D:\\PyVRP-main\\hazmat_risk_experiments\\outputs_10seed\\models\\checkpoints\\graphsage_teg_concat_splitB_seed3_epochs50_paper_teg_concat_fusions_10seed.pt",
  "best_epoch": 50,
  "model_source": "checkpoint",
  "alpha_ord": 0.5,
  "alpha_hr": 1.0,
  "alpha_topk": 0.3,
  "lambda_nll": 0.0,
  "lambda_var": 0.0,
  "ec_delta_max": 0.05,
  "lambda_edge": 0.0,
  "lambda_edge_high": 0.0,
  "lambda_distill": 0.0,
  "lambda_delta": 0.0,
  "ec_teacher_epochs": 50,
  "gamma_unc": 0.5,
  "logvar_min": -5.0,
  "logvar_max": 2.0,
  "metrics": {
    "data_2020_train": {
      "macro_f1": 0.315657232323899,
      "weighted_f1": 0.678258315489819,
      "mae": 0.7246271872573878,
      "qwk": 0.7455330232952125,
      "recall_6_8": 0.9,
      "precision_6_8": 0.6545454545454545,
      "pr_auc_high": 0.7732199221401053,
      "high_fn_rate": 0.1,
      "brier": 0.3602146804332733,
      "ece": 0.08033388312505936,
      "high_risk_recall_at_top10pct": 0.775,
      "high_risk_recall_at_top20pct": 1.0,
      "ndcg_at_top20pct": 0.8073773166318231,
      "high_risk_hits_at_10": 7.0,
      "high_risk_hits_at_20": 15.0
    },
    "data_2021_train": {
      "macro_f1": 0.3234440267335004,
      "weighted_f1": 0.6856820080504291,
      "mae": 0.5881459058559086,
      "qwk": 0.8292931670196909,
      "recall_6_8": 1.0,
      "precision_6_8": 0.6451612903225806,
      "pr_auc_high": 0.7502869860692245,
      "high_fn_rate": 0.0,
      "brier": 0.3093225657939911,
      "ece": 0.08803463515571572,
      "high_risk_recall_at_top10pct": 0.7,
      "high_risk_recall_at_top20pct": 1.0,
      "ndcg_at_top20pct": 0.7475062193354816,
      "high_risk_hits_at_10": 7.0,
      "high_risk_hits_at_20": 15.0
    },
    "data_2021_val": {
      "macro_f1": 0.2767014406358669,
      "weighted_f1": 0.633217420102666,
      "mae": 0.9043075741240173,
      "qwk": 0.591519522506839,
      "recall_6_8": 0.6,
      "precision_6_8": 0.5,
      "pr_auc_high": 0.7,
      "high_fn_rate": 0.4,
      "brier": 0.4736813008785248,
      "ece": 0.15740046898523968,
      "high_risk_recall_at_top10pct": 0.6,
      "high_risk_recall_at_top20pct": 0.6,
      "ndcg_at_top20pct": 0.580004037586939,
      "high_risk_hits_at_10": 3.0,
      "high_risk_hits_at_20": 4.0
    },
    "data_2021_test": {
      "macro_f1": 0.21344451155259708,
      "weighted_f1": 0.5730159816193896,
      "mae": 1.1946989601769207,
      "qwk": 0.31830700560321634,
      "recall_6_8": 0.34615384615384615,
      "precision_6_8": 0.34615384615384615,
      "pr_auc_high": 0.31467142788483615,
      "high_fn_rate": 0.6538461538461539,
      "brier": 0.5149410367012024,
      "ece": 0.09785123169422152,
      "high_risk_recall_at_top10pct": 0.34615384615384615,
      "high_risk_recall_at_top20pct": 0.5769230769230769,
      "ndcg_at_top20pct": 0.4801558441318994,
      "high_risk_hits_at_10": 3.0,
      "high_risk_hits_at_20": 8.0
    }
  },
  "split_sizes": {
    "data_2020": {
      "train": 419,
      "val": 0,
      "test": 0
    },
    "data_2021": {
      "train": 176,
      "val": 45,
      "test": 222
    }
  },
  "risk_summaries": {
    "data_2020": {
      "edge_count": 6603,
      "risk_min": 3.4059796649721363e-10,
      "risk_max": 0.803695559501648,
      "risk_mean": 0.01768806390464306,
      "risk_p25": 0.00047403486678376794,
      "risk_p50": 0.0014664437621831894,
      "risk_p75": 0.004766808822751045,
      "risk_p90": 0.00764131173491478,
      "risk_p95": 0.07513263076543808,
      "risk_p99": 0.40586626529693604,
      "zero_risk_edge_count": 0,
      "zero_risk_edge_ratio": 0.0,
      "edge_attribute_zero_ratio": 0.928365894290474,
      "matrix_5x8": [
        [
          0,
          733,
          244,
          123,
          112,
          63,
          46,
          0
        ],
        [
          0,
          708,
          205,
          111,
          84,
          104,
          109,
          0
        ],
        [
          0,
          632,
          259,
          105,
          165,
          104,
          55,
          0
        ],
        [
          0,
          664,
          229,
          98,
          134,
          147,
          49,
          0
        ],
        [
          0,
          658,
          297,
          92,
          111,
          93,
          69,
          0
        ]
      ]
    },
    "data_2021": {
      "edge_count": 7647,
      "risk_min": 7.493155429472154e-09,
      "risk_max": 0.7941541075706482,
      "risk_mean": 0.015559544786810875,
      "risk_p25": 0.0004696146061178297,
      "risk_p50": 0.0013944788370281458,
      "risk_p75": 0.003959964029490948,
      "risk_p90": 0.006885537877678871,
      "risk_p95": 0.05858040228486061,
      "risk_p99": 0.3904680907726288,
      "zero_risk_edge_count": 0,
      "zero_risk_edge_ratio": 0.0,
      "edge_attribute_zero_ratio": 0.9314763959722767,
      "matrix_5x8": [
        [
          0,
          933,
          253,
          164,
          76,
          66,
          38,
          0
        ],
        [
          0,
          833,
          232,
          129,
          97,
          159,
          79,
          0
        ],
        [
          0,
          772,
          282,
          139,
          97,
          179,
          61,
          0
        ],
        [
          0,
          838,
          270,
          100,
          83,
          203,
          35,
          0
        ],
        [
          0,
          757,
          343,
          142,
          73,
          159,
          55,
          0
        ]
      ]
    }
  }
}