beta,lambda_concentration,runs,pyvrp_cost_mean,pyvrp_cost_std,global_risk_mean,global_risk_std,global_cvar90_mean,global_cvar90_std,max_vehicle_risk_mean,max_vehicle_risk_std,max_vehicle_cvar90_mean,max_vehicle_cvar90_std,vehicle_risk_gini_mean,vehicle_risk_gini_std,risk_variance_mean,risk_variance_std,edge_burden_gini_used_mean,edge_burden_gini_used_std,top10_burden_share_mean,top10_burden_share_std,max_edge_burden_mean,max_edge_burden_std,cost_increase_pct,risk_reduction_pct
0.0,0.0,10,146730.9,582.7275807213293,8.767799594503003,0.5290439743221793,0.271448951375059,0.03219428778532979,2.9101500142032792,0.2290626116045593,0.40817735351821005,0.05026459384383493,0.22154867204513523,0.02824976507465657,0.5292372546077944,0.1513090412749082,0.853055510050105,0.005906451391467692,0.8839810285797138,0.010340092677262125,1.0245949610140688,0.36000597288176467,0.0,0.0
1.0,0.0,10,180322.1,430.509891485279,4.61270727317765,0.3113067479928289,0.11767276310765992,0.015599579986813336,1.4804890161779884,0.16223234168244025,0.1829982789707308,0.015670960907890885,0.2463156427830456,0.05855678284106443,0.18058495206037006,0.06613785022318595,0.8046721005176112,0.007321399211939569,0.8079986763701538,0.01258287566088619,0.7157400403777509,1.1702778228589004e-16,0.22893064787307932,0.4739036603813261
