beta,lambda_concentration,runs,pyvrp_cost_mean,pyvrp_cost_std,global_risk_mean,global_risk_std,global_cvar90_mean,global_cvar90_std,max_vehicle_risk_mean,max_vehicle_risk_std,max_vehicle_cvar90_mean,max_vehicle_cvar90_std,vehicle_risk_gini_mean,vehicle_risk_gini_std,risk_variance_mean,risk_variance_std,edge_burden_gini_used_mean,edge_burden_gini_used_std,top10_burden_share_mean,top10_burden_share_std,max_edge_burden_mean,max_edge_burden_std,cost_increase_pct,risk_reduction_pct
0.0,0.0,10,133997.5,0.7071067811865476,9.128826147672225,0.9601544057683483,0.21661449294975804,0.07937285414390238,2.99000190866318,0.3376663875885559,0.43135191195489214,0.134189640925475,0.22608857194268905,0.05536908410530105,0.6422187869006217,0.28164110051383234,0.8840192510430912,0.009898979805406936,0.903080393282967,0.009723837200022841,1.4822764158248902,0.4455853102350729,0.0,0.0
1.0,0.0,10,156194.9,386.3218146111406,2.8473350424945236,0.18760312610650903,0.055889148186614133,0.00696471885879114,1.153759154123327,0.2450423979014629,0.11659755013838764,0.030255430676286384,0.2982717916449157,0.05962775116782841,0.11661124504335563,0.0700898801792715,0.790738052495502,0.008887474117329179,0.7506895338909915,0.014421047716414061,0.5685637593269348,0.0,0.16565532939047367,0.6880940663744309
2.0,0.0,10,167222.7,571.667162293274,2.11158963200578,0.26943559357057445,0.03616618827163828,0.007198208864328397,0.6198525579464331,0.14963228176356266,0.06541169950531589,0.025427130925003018,0.1931523562209341,0.05175360150019494,0.025304788473258122,0.016710563127756903,0.7249537050465747,0.03379338712945361,0.6534896527596198,0.04754365131569002,0.3433831542730331,0.11559774077689956,0.24795387973656233,0.7686899062542684
