{
  "model": "gradformer_adapted",
  "split": "B",
  "seed": 9,
  "epochs": 50,
  "risk_mode": "exposure_floor",
  "exposure_delta": 0.01,
  "uncertainty_tau": 0.0,
  "experiment_tag": "paper_strong_baselines_10seed",
  "checkpoint_path": "D:\\PyVRP-main\\hazmat_risk_experiments\\outputs_10seed\\models\\checkpoints\\gradformer_adapted_splitB_seed9_epochs50_paper_strong_baselines_10seed.pt",
  "best_epoch": 22,
  "model_source": "checkpoint",
  "alpha_ord": 0.5,
  "alpha_hr": 1.0,
  "alpha_topk": 0.3,
  "lambda_nll": 0.0,
  "lambda_var": 0.0,
  "ec_delta_max": 0.05,
  "lambda_edge": 0.0,
  "lambda_edge_high": 0.0,
  "lambda_distill": 0.0,
  "lambda_delta": 0.0,
  "ec_teacher_epochs": 50,
  "gamma_unc": 0.5,
  "logvar_min": -5.0,
  "logvar_max": 2.0,
  "metrics": {
    "data_2020_train": {
      "macro_f1": 0.34819723449241524,
      "weighted_f1": 0.627243092665642,
      "mae": 1.3063596727851703,
      "qwk": 0.46840293767881935,
      "recall_6_8": 0.45,
      "precision_6_8": 0.6923076923076923,
      "pr_auc_high": 0.5826612554690526,
      "high_fn_rate": 0.55,
      "brier": 0.5036537051200867,
      "ece": 0.184712136559953,
      "high_risk_recall_at_top10pct": 0.525,
      "high_risk_recall_at_top20pct": 0.65,
      "ndcg_at_top20pct": 0.6398231050577778,
      "high_risk_hits_at_10": 8.0,
      "high_risk_hits_at_20": 14.0
    },
    "data_2021_train": {
      "macro_f1": 0.5298895760907645,
      "weighted_f1": 0.6721597952603896,
      "mae": 1.0829078724479304,
      "qwk": 0.5929258018274719,
      "recall_6_8": 0.6,
      "precision_6_8": 0.8571428571428571,
      "pr_auc_high": 0.7564347923587054,
      "high_fn_rate": 0.4,
      "brier": 0.435125470161438,
      "ece": 0.16532988380640748,
      "high_risk_recall_at_top10pct": 0.6,
      "high_risk_recall_at_top20pct": 0.8,
      "ndcg_at_top20pct": 0.7730821224036495,
      "high_risk_hits_at_10": 9.0,
      "high_risk_hits_at_20": 12.0
    },
    "data_2021_val": {
      "macro_f1": 0.19449626865671643,
      "weighted_f1": 0.5446932006633499,
      "mae": 1.484371146012094,
      "qwk": 0.44351604278074863,
      "recall_6_8": 0.2,
      "precision_6_8": 0.5,
      "pr_auc_high": 0.5394117647058823,
      "high_fn_rate": 0.8,
      "brier": 0.568970263004303,
      "ece": 0.17506851156552633,
      "high_risk_recall_at_top10pct": 0.4,
      "high_risk_recall_at_top20pct": 0.6,
      "ndcg_at_top20pct": 0.4971034863117586,
      "high_risk_hits_at_10": 3.0,
      "high_risk_hits_at_20": 3.0
    },
    "data_2021_test": {
      "macro_f1": 0.20825182325182326,
      "weighted_f1": 0.5100883895478491,
      "mae": 1.5453286007274234,
      "qwk": 0.19473134068340758,
      "recall_6_8": 0.19230769230769232,
      "precision_6_8": 0.45454545454545453,
      "pr_auc_high": 0.3828444927678395,
      "high_fn_rate": 0.8076923076923077,
      "brier": 0.611099362373352,
      "ece": 0.17779606795525763,
      "high_risk_recall_at_top10pct": 0.3076923076923077,
      "high_risk_recall_at_top20pct": 0.5,
      "ndcg_at_top20pct": 0.5121369129161385,
      "high_risk_hits_at_10": 5.0,
      "high_risk_hits_at_20": 7.0
    }
  },
  "split_sizes": {
    "data_2020": {
      "train": 419,
      "val": 0,
      "test": 0
    },
    "data_2021": {
      "train": 176,
      "val": 45,
      "test": 222
    }
  },
  "risk_summaries": {
    "data_2020": {
      "edge_count": 6603,
      "risk_min": 3.2527108118074466e-08,
      "risk_max": 0.8604217767715454,
      "risk_mean": 0.02208612859249115,
      "risk_p25": 0.0022636963985860348,
      "risk_p50": 0.0028770568314939737,
      "risk_p75": 0.003763244254514575,
      "risk_p90": 0.008090050891041756,
      "risk_p95": 0.15247471630573273,
      "risk_p99": 0.42919355630874634,
      "zero_risk_edge_count": 0,
      "zero_risk_edge_ratio": 0.0,
      "edge_attribute_zero_ratio": 0.928365894290474,
      "matrix_5x8": [
        [
          0,
          134,
          498,
          486,
          110,
          30,
          46,
          17
        ],
        [
          0,
          138,
          671,
          271,
          64,
          54,
          115,
          8
        ],
        [
          0,
          101,
          593,
          356,
          157,
          54,
          57,
          2
        ],
        [
          0,
          112,
          552,
          412,
          73,
          79,
          65,
          28
        ],
        [
          0,
          127,
          463,
          490,
          86,
          63,
          79,
          12
        ]
      ]
    },
    "data_2021": {
      "edge_count": 7647,
      "risk_min": 2.2138866295762227e-09,
      "risk_max": 0.8432776927947998,
      "risk_mean": 0.01937255449593067,
      "risk_p25": 0.002164822770282626,
      "risk_p50": 0.0027933428063988686,
      "risk_p75": 0.0035638429690152407,
      "risk_p90": 0.0077582052908837795,
      "risk_p95": 0.13542540371418,
      "risk_p99": 0.4006425738334656,
      "zero_risk_edge_count": 0,
      "zero_risk_edge_ratio": 0.0,
      "edge_attribute_zero_ratio": 0.9314763959722767,
      "matrix_5x8": [
        [
          0,
          213,
          674,
          532,
          42,
          24,
          43,
          2
        ],
        [
          0,
          223,
          741,
          335,
          65,
          77,
          88,
          0
        ],
        [
          0,
          140,
          713,
          451,
          103,
          47,
          76,
          0
        ],
        [
          0,
          125,
          673,
          469,
          99,
          59,
          94,
          10
        ],
        [
          0,
          154,
          557,
          589,
          65,
          78,
          86,
          0
        ]
      ]
    }
  }
}