{
  "model": "teg_gnn",
  "split": "B",
  "seed": 0,
  "epochs": 20,
  "risk_mode": "positive_only",
  "exposure_delta": 0.01,
  "metrics": {
    "data_2020_train": {
      "macro_f1": 0.32896778549114536,
      "weighted_f1": 0.6159381121377638,
      "mae": 1.886336822089334,
      "qwk": 0.49385161406584555,
      "recall_6_8": 0.65,
      "precision_6_8": 0.4642857142857143,
      "pr_auc_high": 0.571659374912075,
      "high_fn_rate": 0.35
    },
    "data_2021_train": {
      "macro_f1": 0.5008408217465886,
      "weighted_f1": 0.6473887756750223,
      "mae": 1.8281288432043867,
      "qwk": 0.4885426895618249,
      "recall_6_8": 0.64,
      "precision_6_8": 0.5925925925925926,
      "pr_auc_high": 0.7596407823713208,
      "high_fn_rate": 0.36
    },
    "data_2021_test": {
      "macro_f1": 0.2516163277511962,
      "weighted_f1": 0.5914646644251906,
      "mae": 2.062438709414424,
      "qwk": 0.44520516728869264,
      "recall_6_8": 0.46153846153846156,
      "precision_6_8": 0.41379310344827586,
      "pr_auc_high": 0.421154760503998,
      "high_fn_rate": 0.5384615384615384
    }
  },
  "split_sizes": {
    "data_2020": {
      "train": 419,
      "val": 0,
      "test": 0
    },
    "data_2021": {
      "train": 221,
      "val": 0,
      "test": 222
    }
  },
  "risk_summaries": {
    "data_2020": {
      "edge_count": 473,
      "risk_min": 1.3453618521452881e-05,
      "risk_max": 0.8565855622291565,
      "risk_mean": 0.2994096875190735,
      "risk_p25": 0.18862876296043396,
      "risk_p50": 0.25061342120170593,
      "risk_p75": 0.3952190577983856,
      "risk_p90": 0.49956458806991577,
      "risk_p95": 0.6690649390220642,
      "risk_p99": 0.8563610911369324,
      "zero_risk_edge_count": 0,
      "zero_risk_edge_ratio": 0.0,
      "edge_attribute_zero_ratio": 0.0,
      "matrix_5x8": [
        [
          0,
          6,
          15,
          29,
          29,
          0,
          16,
          0
        ],
        [
          0,
          6,
          10,
          26,
          26,
          6,
          21,
          0
        ],
        [
          0,
          5,
          9,
          31,
          24,
          9,
          16,
          0
        ],
        [
          0,
          1,
          5,
          48,
          27,
          3,
          11,
          0
        ],
        [
          0,
          2,
          3,
          44,
          19,
          10,
          16,
          0
        ]
      ]
    },
    "data_2021": {
      "edge_count": 524,
      "risk_min": 5.517686986422632e-06,
      "risk_max": 0.8566391468048096,
      "risk_mean": 0.2840765416622162,
      "risk_p25": 0.18642736971378326,
      "risk_p50": 0.22339792549610138,
      "risk_p75": 0.36985012888908386,
      "risk_p90": 0.4859302341938019,
      "risk_p95": 0.6206060647964478,
      "risk_p99": 0.8533671498298645,
      "zero_risk_edge_count": 0,
      "zero_risk_edge_ratio": 0.0,
      "edge_attribute_zero_ratio": 0.0,
      "matrix_5x8": [
        [
          0,
          6,
          16,
          44,
          29,
          1,
          9,
          0
        ],
        [
          0,
          6,
          6,
          49,
          28,
          8,
          8,
          0
        ],
        [
          0,
          6,
          7,
          43,
          29,
          11,
          9,
          0
        ],
        [
          0,
          5,
          5,
          54,
          26,
          4,
          11,
          0
        ],
        [
          0,
          5,
          5,
          44,
          27,
          15,
          8,
          0
        ]
      ]
    }
  }
}