{
  "model": "stable_tail_rc_gnn",
  "source_model": "gcn_teg_concat",
  "seed": 7,
  "delta": 0.35,
  "risk_mode": "exposure_floor",
  "exposure_delta": 0.01,
  "posthoc_formula": "clip(S_i_norm + delta * P_high * (1 - S_i_norm), 0, 1)",
  "risk_summaries": {
    "data_2020": {
      "edge_count": 6603,
      "risk_min": 4.087178389822926e-09,
      "risk_max": 0.9148559323932404,
      "risk_mean": 0.02092868518397567,
      "risk_p25": 0.0006456556577155862,
      "risk_p50": 0.0018070387046324552,
      "risk_p75": 0.005308742599575498,
      "risk_p90": 0.009094733266010414,
      "risk_p95": 0.07336850475714358,
      "risk_p99": 0.46200224149621333,
      "zero_risk_edge_count": 0,
      "zero_risk_edge_ratio": 0.0,
      "edge_attribute_zero_ratio": 0.928365894290474,
      "matrix_5x8": [
        [
          0,
          749,
          242,
          95,
          101,
          46,
          70,
          18
        ],
        [
          0,
          691,
          210,
          101,
          105,
          49,
          83,
          82
        ],
        [
          0,
          604,
          238,
          147,
          129,
          100,
          50,
          52
        ],
        [
          0,
          630,
          206,
          184,
          87,
          71,
          99,
          44
        ],
        [
          0,
          642,
          269,
          129,
          88,
          47,
          95,
          50
        ]
      ]
    },
    "data_2021": {
      "edge_count": 7647,
      "risk_min": 4.459604706674166e-16,
      "risk_max": 0.9102434545592958,
      "risk_mean": 0.018873052483248866,
      "risk_p25": 0.0006856037139743156,
      "risk_p50": 0.001867614005822844,
      "risk_p75": 0.005021311543684068,
      "risk_p90": 0.008915620043794812,
      "risk_p95": 0.06542092810434931,
      "risk_p99": 0.4594399965611118,
      "zero_risk_edge_count": 1,
      "zero_risk_edge_ratio": 0.0001307702366941284,
      "edge_attribute_zero_ratio": 0.9314763959722767,
      "matrix_5x8": [
        [
          0,
          912,
          291,
          127,
          108,
          25,
          24,
          43
        ],
        [
          0,
          800,
          256,
          129,
          83,
          101,
          83,
          77
        ],
        [
          0,
          707,
          295,
          180,
          136,
          83,
          68,
          61
        ],
        [
          0,
          652,
          311,
          162,
          152,
          103,
          95,
          54
        ],
        [
          1,
          745,
          317,
          125,
          114,
          69,
          101,
          57
        ]
      ]
    }
  }
}