beta,lambda_concentration,runs,pyvrp_cost_mean,pyvrp_cost_std,global_risk_mean,global_risk_std,global_cvar90_mean,global_cvar90_std,max_vehicle_risk_mean,max_vehicle_risk_std,max_vehicle_cvar90_mean,max_vehicle_cvar90_std,vehicle_risk_gini_mean,vehicle_risk_gini_std,risk_variance_mean,risk_variance_std,edge_burden_gini_used_mean,edge_burden_gini_used_std,top10_burden_share_mean,top10_burden_share_std,max_edge_burden_mean,max_edge_burden_std,cost_increase_pct,risk_reduction_pct
0.0,0.0,10,133997.5,0.7071067811865476,7.736092963808187,0.7880347081947865,0.23310085645197082,0.053042279831900074,2.3055222071299797,0.44745336407820674,0.3861785547268976,0.11802262125509633,0.1600770477033022,0.0638339323792153,0.2573374277804107,0.2302630618664218,0.8797341984340402,0.008068650011815793,0.8971637210019967,0.008718598218768376,1.1651382088661193,0.28681333596399683,0.0,0.0
2.0,1.0,10,184943.5,97.25253495696425,2.072320315812976,0.07876208957194401,0.035386166281692666,0.0010401377614360722,1.0228478815581183,0.0004972752249309873,0.10552914452273399,0.0,0.36634200795249344,0.02470926806438601,0.09847999628223944,0.005028932981882369,0.7474711892877208,0.010136469531088748,0.6878596832148776,0.014347092958451449,0.6989073157310486,0.0,0.38020112315528276,0.7321231368975712
