beta,lambda_concentration,runs,pyvrp_cost_mean,pyvrp_cost_std,global_risk_mean,global_risk_std,global_cvar90_mean,global_cvar90_std,max_vehicle_risk_mean,max_vehicle_risk_std,max_vehicle_cvar90_mean,max_vehicle_cvar90_std,vehicle_risk_gini_mean,vehicle_risk_gini_std,risk_variance_mean,risk_variance_std,edge_burden_gini_used_mean,edge_burden_gini_used_std,top10_burden_share_mean,top10_burden_share_std,max_edge_burden_mean,max_edge_burden_std,cost_increase_pct,risk_reduction_pct
0.0,0.0,10,146730.9,582.7275807213293,8.003160241408272,0.6013521638709868,0.2539419007532178,0.02408274541160436,2.6253872782224787,0.44453568294629975,0.4157634600606703,0.10211365199080719,0.22339889970605994,0.04882737808406661,0.46757246052295887,0.22284051892389148,0.8815356424649515,0.005527687852544112,0.9054531878587693,0.00642989185372549,1.0626274824142456,0.33543772561161633,0.0,0.0
3.0,1.0,10,217268.6,550.4782163416339,2.219138113715055,0.05505911152734136,0.04512263752658405,0.001204613963371973,1.018980503895,0.03951759309444368,0.1098914582119693,0.014614810277514163,0.3372704382979901,0.020139178849626856,0.09125861826083545,0.008044108432647312,0.7775922909425133,0.004989870912623455,0.7155805975642654,0.00611581798937782,0.6768922209739685,0.0,0.4807283264806528,0.7227172708308427
