{
  "model": "gcn_teg_concat",
  "split": "B",
  "seed": 8,
  "epochs": 50,
  "risk_mode": "exposure_floor",
  "exposure_delta": 0.01,
  "experiment_tag": "10seed",
  "alpha_ord": 0.3,
  "alpha_hr": 0.5,
  "alpha_topk": 0.1,
  "metrics": {
    "data_2020_train": {
      "macro_f1": 0.46392610877366974,
      "weighted_f1": 0.7236459592522227,
      "mae": 0.7483714996795505,
      "qwk": 0.6555101423913627,
      "recall_6_8": 0.65,
      "precision_6_8": 0.8666666666666667,
      "pr_auc_high": 0.895382135887585,
      "high_fn_rate": 0.35
    },
    "data_2021_train": {
      "macro_f1": 0.5862731011945008,
      "weighted_f1": 0.8162074217527028,
      "mae": 0.5778301299129042,
      "qwk": 0.8246798452247964,
      "recall_6_8": 0.88,
      "precision_6_8": 0.9565217391304348,
      "pr_auc_high": 0.9499485825072478,
      "high_fn_rate": 0.12
    },
    "data_2021_test": {
      "macro_f1": 0.23249364047484453,
      "weighted_f1": 0.5933615214988872,
      "mae": 1.1968361617399308,
      "qwk": 0.19286128127176738,
      "recall_6_8": 0.15384615384615385,
      "precision_6_8": 0.4,
      "pr_auc_high": 0.4035523564014057,
      "high_fn_rate": 0.8461538461538461
    }
  },
  "split_sizes": {
    "data_2020": {
      "train": 419,
      "val": 0,
      "test": 0
    },
    "data_2021": {
      "train": 221,
      "val": 0,
      "test": 222
    }
  },
  "risk_summaries": {
    "data_2020": {
      "edge_count": 6603,
      "risk_min": 1.3794217323948033e-08,
      "risk_max": 0.8952630162239075,
      "risk_mean": 0.01727105677127838,
      "risk_p25": 0.0007070310530252755,
      "risk_p50": 0.0014775084564462304,
      "risk_p75": 0.003324008546769619,
      "risk_p90": 0.00860337819904089,
      "risk_p95": 0.07188157737255096,
      "risk_p99": 0.43349340558052063,
      "zero_risk_edge_count": 0,
      "zero_risk_edge_ratio": 0.0,
      "edge_attribute_zero_ratio": 0.928365894290474,
      "matrix_5x8": [
        [
          0,
          764,
          329,
          100,
          38,
          6,
          55,
          29
        ],
        [
          0,
          693,
          301,
          118,
          46,
          13,
          62,
          88
        ],
        [
          0,
          616,
          356,
          118,
          94,
          40,
          43,
          53
        ],
        [
          0,
          631,
          359,
          95,
          104,
          22,
          48,
          62
        ],
        [
          0,
          705,
          311,
          105,
          59,
          19,
          66,
          55
        ]
      ]
    },
    "data_2021": {
      "edge_count": 7647,
      "risk_min": 1.7029898324860682e-10,
      "risk_max": 0.8695680499076843,
      "risk_mean": 0.014695404097437859,
      "risk_p25": 0.0007141624228097498,
      "risk_p50": 0.001423788140527904,
      "risk_p75": 0.0030598645098507404,
      "risk_p90": 0.0083260303363204,
      "risk_p95": 0.061075516045093536,
      "risk_p99": 0.42046451568603516,
      "zero_risk_edge_count": 0,
      "zero_risk_edge_ratio": 0.0,
      "edge_attribute_zero_ratio": 0.9314763959722767,
      "matrix_5x8": [
        [
          0,
          1055,
          290,
          86,
          36,
          14,
          10,
          39
        ],
        [
          0,
          803,
          343,
          149,
          65,
          32,
          62,
          75
        ],
        [
          0,
          724,
          434,
          153,
          83,
          33,
          43,
          60
        ],
        [
          0,
          734,
          378,
          167,
          104,
          78,
          34,
          34
        ],
        [
          0,
          809,
          370,
          133,
          60,
          31,
          70,
          56
        ]
      ]
    }
  }
}