beta,lambda_concentration,runs,pyvrp_cost_mean,pyvrp_cost_std,global_risk_mean,global_risk_std,global_cvar90_mean,global_cvar90_std,max_vehicle_risk_mean,max_vehicle_risk_std,max_vehicle_cvar90_mean,max_vehicle_cvar90_std,vehicle_risk_gini_mean,vehicle_risk_gini_std,risk_variance_mean,risk_variance_std,edge_burden_gini_used_mean,edge_burden_gini_used_std,top10_burden_share_mean,top10_burden_share_std,max_edge_burden_mean,max_edge_burden_std,cost_increase_pct,risk_reduction_pct
0.0,0.0,10,133997.6,0.6992058987801011,7.593195789209131,0.8886078765965212,0.23931413906874238,0.03621832973784262,2.2656318863610068,0.3353548767214898,0.3616950336991188,0.09764694152581845,0.1727500986027367,0.0545141253282927,0.26222217490935507,0.16228109821040665,0.8787103278061587,0.008366782662961793,0.8953847527100484,0.008616724837779102,1.1549377977848052,0.4011821405721242,0.0,0.0
2.0,1.0,10,175847.8,249.3207661717019,1.6994321563244739,0.046117797738931036,0.028634065910750406,0.0022792843957058504,0.644019130783272,0.027050305364457048,0.0554124436667189,0.004598185628296325,0.2595253132961971,0.008415810719957745,0.028591628195284546,0.002548989736913297,0.6976985534376571,0.009097437425478744,0.6150590698807681,0.012331085621555996,0.3804914951324463,0.0,0.3123205191734776,0.7761901308089074
