beta,lambda_concentration,runs,pyvrp_cost_mean,pyvrp_cost_std,global_risk_mean,global_risk_std,global_cvar90_mean,global_cvar90_std,max_vehicle_risk_mean,max_vehicle_risk_std,max_vehicle_cvar90_mean,max_vehicle_cvar90_std,vehicle_risk_gini_mean,vehicle_risk_gini_std,risk_variance_mean,risk_variance_std,edge_burden_gini_used_mean,edge_burden_gini_used_std,top10_burden_share_mean,top10_burden_share_std,max_edge_burden_mean,max_edge_burden_std,cost_increase_pct,risk_reduction_pct
0.0,0.0,10,146730.9,582.7275807213293,8.003160241408272,0.6013521638709868,0.2539419007532178,0.02408274541160436,2.6253872782224787,0.44453568294629975,0.4157634600606703,0.10211365199080719,0.22339889970605994,0.04882737808406661,0.46757246052295887,0.22284051892389148,0.8815356424649515,0.005527687852544112,0.9054531878587693,0.00642989185372549,1.0626274824142456,0.33543772561161633,0.0,0.0
1.0,0.0,10,176634.0,223.4357973905604,2.9723961267072947,0.3320451347162946,0.0631199935978691,0.007504192279161972,1.0847462504961958,0.1798779075509865,0.12508362971911474,0.01222915399225642,0.291677651957726,0.03712049275785559,0.10582264941570263,0.04520900423247939,0.8196073168872472,0.011183987294318458,0.7901526595014972,0.020346353530707295,0.6768922209739685,0.0,0.2037955195531412,0.6285971994751803
1.0,1.0,10,188305.2,339.39842204831905,2.4143494621059314,0.16324342108512666,0.05117423647938858,0.004887079481191854,0.9910753899477502,0.014204078040537515,0.12192989154053586,0.00024161661800962427,0.2983906941502364,0.03048210228280556,0.07687754592757198,0.008062626338778942,0.7885179438245151,0.014795807359579407,0.737049298179918,0.022027257766758675,0.6768922209739685,0.0,0.2833370476157375,0.6983254877723415
