beta,lambda_concentration,runs,pyvrp_cost_mean,pyvrp_cost_std,global_risk_mean,global_risk_std,global_cvar90_mean,global_cvar90_std,max_vehicle_risk_mean,max_vehicle_risk_std,max_vehicle_cvar90_mean,max_vehicle_cvar90_std,vehicle_risk_gini_mean,vehicle_risk_gini_std,risk_variance_mean,risk_variance_std,edge_burden_gini_used_mean,edge_burden_gini_used_std,top10_burden_share_mean,top10_burden_share_std,max_edge_burden_mean,max_edge_burden_std,cost_increase_pct,risk_reduction_pct
0.0,0.0,10,133997.5,0.7071067811865476,7.736092963808187,0.7880347081947865,0.23310085645197082,0.053042279831900074,2.3055222071299797,0.44745336407820674,0.3861785547268976,0.11802262125509633,0.1600770477033022,0.0638339323792153,0.2573374277804107,0.2302630618664218,0.8797341984340402,0.008068650011815793,0.8971637210019967,0.008718598218768376,1.1651382088661193,0.28681333596399683,0.0,0.0
2.0,2.0,10,192557.9,371.76618996353073,2.0470186487153113,0.0931351128441936,0.03568988801926003,0.002795824014112318,1.023009528176044,0.00041189203783368494,0.10879705180025971,0.010334030179221234,0.3704402512518633,0.023901106051756504,0.09975166833286564,0.005089691870516126,0.7436782927713805,0.012383350008399747,0.6815732297095789,0.01708954834428084,0.6989073157310486,0.0,0.4370260639191029,0.7353937370850341
