{
  "model": "stable_tail_rc_gnn",
  "source_model": "gcn_teg_concat",
  "seed": 9,
  "delta": 0.03,
  "risk_mode": "exposure_floor",
  "exposure_delta": 0.01,
  "posthoc_formula": "clip(S_i_norm + delta * P_high * (1 - S_i_norm), 0, 1)",
  "risk_summaries": {
    "data_2020": {
      "edge_count": 6603,
      "risk_min": 1.7029910695064384e-10,
      "risk_max": 0.8839310502283009,
      "risk_mean": 0.01836369646739502,
      "risk_p25": 0.0006775157549167709,
      "risk_p50": 0.0016549775598518968,
      "risk_p75": 0.0035299579344234703,
      "risk_p90": 0.008582835260264255,
      "risk_p95": 0.0743466966846573,
      "risk_p99": 0.43343318623871674,
      "zero_risk_edge_count": 0,
      "zero_risk_edge_ratio": 0.0,
      "edge_attribute_zero_ratio": 0.928365894290474,
      "matrix_5x8": [
        [
          0,
          535,
          428,
          196,
          66,
          10,
          72,
          14
        ],
        [
          0,
          704,
          280,
          122,
          44,
          22,
          82,
          67
        ],
        [
          0,
          633,
          309,
          169,
          80,
          44,
          40,
          45
        ],
        [
          0,
          646,
          296,
          151,
          48,
          23,
          120,
          37
        ],
        [
          0,
          534,
          413,
          154,
          68,
          27,
          91,
          33
        ]
      ]
    },
    "data_2021": {
      "edge_count": 7647,
      "risk_min": 2.3563133847506876e-18,
      "risk_max": 0.8791492095167294,
      "risk_mean": 0.01592513922934768,
      "risk_p25": 0.000747755400452564,
      "risk_p50": 0.0017437237900660033,
      "risk_p75": 0.003552477405891755,
      "risk_p90": 0.0083985163941231,
      "risk_p95": 0.06094815504189753,
      "risk_p99": 0.42412508337842625,
      "zero_risk_edge_count": 4,
      "zero_risk_edge_ratio": 0.0005230809467765136,
      "edge_attribute_zero_ratio": 0.9314763959722767,
      "matrix_5x8": [
        [
          1,
          622,
          533,
          260,
          35,
          21,
          54,
          4
        ],
        [
          3,
          797,
          316,
          151,
          119,
          28,
          60,
          55
        ],
        [
          0,
          772,
          338,
          183,
          90,
          66,
          51,
          30
        ],
        [
          0,
          679,
          398,
          183,
          92,
          89,
          52,
          36
        ],
        [
          0,
          587,
          541,
          160,
          80,
          56,
          74,
          31
        ]
      ]
    }
  }
}