beta,lambda_concentration,runs,pyvrp_cost_mean,pyvrp_cost_std,global_risk_mean,global_risk_std,global_cvar90_mean,global_cvar90_std,max_vehicle_risk_mean,max_vehicle_risk_std,max_vehicle_cvar90_mean,max_vehicle_cvar90_std,vehicle_risk_gini_mean,vehicle_risk_gini_std,risk_variance_mean,risk_variance_std,edge_burden_gini_used_mean,edge_burden_gini_used_std,top10_burden_share_mean,top10_burden_share_std,max_edge_burden_mean,max_edge_burden_std,cost_increase_pct,risk_reduction_pct
0.0,0.0,10,146730.9,582.7275807213293,7.918000978257274,0.5325529248776086,0.24456675020625102,0.02957111935741866,2.61130073228851,0.35647593368605207,0.38573748466248314,0.08892258862836283,0.23143413859769896,0.0391247767916242,0.47097793723706183,0.17406396111069794,0.8581465861013307,0.006159111205762966,0.8864345072029346,0.01180007423407831,0.9128762602806091,0.31413320553219337,0.0,0.0
1.0,0.0,10,179529.1,575.2888066972198,3.519246708327904,0.28586939045858234,0.0862811278269598,0.008837292805910953,1.2324755342735443,0.1668072825211955,0.13204510251858406,0.026483012748261366,0.30806995932618236,0.054549783077311224,0.17137060886455122,0.06873660821038678,0.8058511041837424,0.012331186135847319,0.798959824755924,0.019385426043519467,0.5993431210517883,0.0,0.22352619659526393,0.555538485282805
1.0,1.0,10,193991.8,307.04860273976897,2.8184535452505264,0.14361680623477668,0.06471905501398126,0.006722305005744658,0.8513386235248763,0.010902007933041762,0.09342070080872092,0.00622695410747791,0.24397682296772888,0.024882255495422945,0.06327767428814349,0.00645059098884905,0.7709652331233362,0.011873063215616363,0.7453145381926006,0.017212737519365622,0.5993431210517883,0.0,0.32209234728336017,0.6440448096696872
