beta,lambda_concentration,runs,pyvrp_cost_mean,pyvrp_cost_std,global_risk_mean,global_risk_std,global_cvar90_mean,global_cvar90_std,max_vehicle_risk_mean,max_vehicle_risk_std,max_vehicle_cvar90_mean,max_vehicle_cvar90_std,vehicle_risk_gini_mean,vehicle_risk_gini_std,risk_variance_mean,risk_variance_std,edge_burden_gini_used_mean,edge_burden_gini_used_std,top10_burden_share_mean,top10_burden_share_std,max_edge_burden_mean,max_edge_burden_std,cost_increase_pct,risk_reduction_pct
0.0,0.0,3,133997.33333333334,0.5773502691896258,10.642406732620051,1.1786595225708998,0.28472557902718204,0.11239665092699344,3.085976220938998,0.13852971791223345,0.41220839569966,0.10839996524184722,0.149251640974332,0.041192404165592736,0.4496031451546036,0.30438851051046817,0.8501107311225814,0.001829632529312399,0.8839153058501098,0.010029482334055376,1.2990610599517822,0.0,0.0,0.0
1.0,0.0,3,161768.66666666666,288.55213278250665,3.9750808856915683,0.3852375269614082,0.08145716679879743,0.008679123057978641,1.5183211381081492,0.23290738649240492,0.1437064481140287,0.02335358690058804,0.31646382699935405,0.08345179766065966,0.22720117610716437,0.0845518518503426,0.7568539392970871,0.014531830189483428,0.7475114678003306,0.019406382261217214,0.6626741488774618,0.022765415732842985,0.20725288065434122,0.6264866598728865
