{
  "model": "graphsage_teg_gate",
  "split": "B",
  "seed": 0,
  "epochs": 50,
  "risk_mode": "exposure_floor",
  "exposure_delta": 0.01,
  "uncertainty_tau": 0.0,
  "experiment_tag": "paper_teg_gate_fusions_10seed",
  "checkpoint_path": "D:\\PyVRP-main\\hazmat_risk_experiments\\outputs_10seed\\models\\checkpoints\\graphsage_teg_gate_splitB_seed0_epochs50_paper_teg_gate_fusions_10seed.pt",
  "best_epoch": 50,
  "model_source": "checkpoint",
  "alpha_ord": 0.5,
  "alpha_hr": 1.0,
  "alpha_topk": 0.3,
  "lambda_nll": 0.0,
  "lambda_var": 0.0,
  "ec_delta_max": 0.05,
  "lambda_edge": 0.0,
  "lambda_edge_high": 0.0,
  "lambda_distill": 0.0,
  "lambda_delta": 0.0,
  "ec_teacher_epochs": 50,
  "gamma_unc": 0.5,
  "logvar_min": -5.0,
  "logvar_max": 2.0,
  "metrics": {
    "data_2020_train": {
      "macro_f1": 0.31373841229579974,
      "weighted_f1": 0.6798435113576852,
      "mae": 0.8442749355449354,
      "qwk": 0.6214634154808263,
      "recall_6_8": 0.675,
      "precision_6_8": 0.7105263157894737,
      "pr_auc_high": 0.776432432073573,
      "high_fn_rate": 0.325,
      "brier": 0.3611617684364319,
      "ece": 0.09075112260326848,
      "high_risk_recall_at_top10pct": 0.75,
      "high_risk_recall_at_top20pct": 0.975,
      "ndcg_at_top20pct": 0.8032912244061697,
      "high_risk_hits_at_10": 9.0,
      "high_risk_hits_at_20": 16.0
    },
    "data_2021_train": {
      "macro_f1": 0.3599611294804045,
      "weighted_f1": 0.6928677133569645,
      "mae": 0.7058147631952771,
      "qwk": 0.7463321975156418,
      "recall_6_8": 0.9,
      "precision_6_8": 0.8181818181818182,
      "pr_auc_high": 0.8751479502590855,
      "high_fn_rate": 0.1,
      "brier": 0.3262450098991394,
      "ece": 0.08778107064691458,
      "high_risk_recall_at_top10pct": 0.75,
      "high_risk_recall_at_top20pct": 1.0,
      "ndcg_at_top20pct": 0.8142373149086629,
      "high_risk_hits_at_10": 8.0,
      "high_risk_hits_at_20": 17.0
    },
    "data_2021_val": {
      "macro_f1": 0.2583333333333333,
      "weighted_f1": 0.6044444444444446,
      "mae": 1.09276089161053,
      "qwk": 0.6213901311301449,
      "recall_6_8": 0.6,
      "precision_6_8": 1.0,
      "pr_auc_high": 0.7051282051282051,
      "high_fn_rate": 0.4,
      "brier": 0.5460038185119629,
      "ece": 0.21736646493275955,
      "high_risk_recall_at_top10pct": 0.6,
      "high_risk_recall_at_top20pct": 0.6,
      "ndcg_at_top20pct": 0.6997948490110252,
      "high_risk_hits_at_10": 3.0,
      "high_risk_hits_at_20": 4.0
    },
    "data_2021_test": {
      "macro_f1": 0.2750271662422974,
      "weighted_f1": 0.6379382500836138,
      "mae": 1.1410669070646764,
      "qwk": 0.34035383319292334,
      "recall_6_8": 0.34615384615384615,
      "precision_6_8": 0.47368421052631576,
      "pr_auc_high": 0.38932839895889476,
      "high_fn_rate": 0.6538461538461539,
      "brier": 0.43572092056274414,
      "ece": 0.08003145825487,
      "high_risk_recall_at_top10pct": 0.34615384615384615,
      "high_risk_recall_at_top20pct": 0.5769230769230769,
      "ndcg_at_top20pct": 0.453826818038144,
      "high_risk_hits_at_10": 5.0,
      "high_risk_hits_at_20": 8.0
    }
  },
  "split_sizes": {
    "data_2020": {
      "train": 419,
      "val": 0,
      "test": 0
    },
    "data_2021": {
      "train": 176,
      "val": 45,
      "test": 222
    }
  },
  "risk_summaries": {
    "data_2020": {
      "edge_count": 6603,
      "risk_min": 0.0,
      "risk_max": 0.8644587397575378,
      "risk_mean": 0.018901437520980835,
      "risk_p25": 0.0006499675218947232,
      "risk_p50": 0.0014763601357117295,
      "risk_p75": 0.003908384125679731,
      "risk_p90": 0.008323311805725098,
      "risk_p95": 0.07748830318450928,
      "risk_p99": 0.4357384741306305,
      "zero_risk_edge_count": 15,
      "zero_risk_edge_ratio": 0.002271694684234439,
      "edge_attribute_zero_ratio": 0.928365894290474,
      "matrix_5x8": [
        [
          8,
          787,
          248,
          119,
          36,
          43,
          65,
          15
        ],
        [
          1,
          714,
          232,
          142,
          67,
          31,
          54,
          80
        ],
        [
          0,
          621,
          259,
          180,
          142,
          52,
          29,
          37
        ],
        [
          2,
          591,
          297,
          189,
          106,
          44,
          66,
          26
        ],
        [
          4,
          672,
          274,
          131,
          69,
          60,
          73,
          37
        ]
      ]
    },
    "data_2021": {
      "edge_count": 7647,
      "risk_min": 0.0,
      "risk_max": 0.8623690605163574,
      "risk_mean": 0.015993379056453705,
      "risk_p25": 0.0006520837196148932,
      "risk_p50": 0.0014877236681059003,
      "risk_p75": 0.0033685662783682346,
      "risk_p90": 0.007894407026469707,
      "risk_p95": 0.07118336111307144,
      "risk_p99": 0.41228652000427246,
      "zero_risk_edge_count": 10,
      "zero_risk_edge_ratio": 0.0013077023669412842,
      "edge_attribute_zero_ratio": 0.9314763959722767,
      "matrix_5x8": [
        [
          2,
          969,
          328,
          99,
          89,
          6,
          4,
          33
        ],
        [
          2,
          835,
          268,
          141,
          134,
          63,
          16,
          70
        ],
        [
          1,
          685,
          391,
          204,
          137,
          45,
          23,
          44
        ],
        [
          2,
          677,
          385,
          187,
          177,
          58,
          25,
          18
        ],
        [
          3,
          711,
          419,
          147,
          89,
          92,
          21,
          47
        ]
      ]
    }
  }
}