beta,lambda_concentration,runs,pyvrp_cost_mean,pyvrp_cost_std,global_risk_mean,global_risk_std,global_cvar90_mean,global_cvar90_std,max_vehicle_risk_mean,max_vehicle_risk_std,max_vehicle_cvar90_mean,max_vehicle_cvar90_std,vehicle_risk_gini_mean,vehicle_risk_gini_std,risk_variance_mean,risk_variance_std,edge_burden_gini_used_mean,edge_burden_gini_used_std,top10_burden_share_mean,top10_burden_share_std,max_edge_burden_mean,max_edge_burden_std,cost_increase_pct,risk_reduction_pct
0.0,0.0,10,146730.9,582.7275807213293,14.779067842359655,0.9409364611940793,0.3519347455493012,0.14286320874696828,4.665054456982761,0.3774600362159712,0.6421038426104047,0.06796829970828693,0.20133945342796117,0.028496408548340655,1.2477623907807394,0.32736922427824533,0.850872892845876,0.005051929658154152,0.889410178267705,0.013579047711770846,1.5257697582244873,0.24994115756620108,0.0,0.0
1.0,0.0,10,182268.3,353.3191978304541,6.8449504933785645,0.5598657567455418,0.11054658106933764,0.011076608166115002,2.4149310388369485,0.4902102172694428,0.19648904214480092,0.06351924161497496,0.2683818692349176,0.07963515869114857,0.5136205593037801,0.31945672479399967,0.7967182034681619,0.008660463045046526,0.8043032348535384,0.015100944381745243,0.9450790286064148,0.08289174950324756,0.24219438441391689,0.5368482933842312
