{
  "model": "ua_gnn",
  "split": "B",
  "seed": 1,
  "epochs": 50,
  "risk_mode": "exposure_floor",
  "exposure_delta": 0.01,
  "uncertainty_tau": 0.5,
  "experiment_tag": "ua_pretest_3seed",
  "alpha_ord": 0.3,
  "alpha_hr": 0.5,
  "alpha_topk": 0.1,
  "lambda_nll": 0.2,
  "lambda_var": 0.01,
  "metrics": {
    "data_2020_train": {
      "macro_f1": 0.489197242647169,
      "weighted_f1": 0.7326355194970771,
      "mae": 0.8763621928662169,
      "qwk": 0.6397083778075934,
      "recall_6_8": 0.65,
      "precision_6_8": 0.7878787878787878,
      "pr_auc_high": 0.7843615106788545,
      "high_fn_rate": 0.35,
      "brier": 0.33115723729133606,
      "ece": 0.0847283507161607,
      "ordinal_nll": 0.6363144541650607,
      "uncertainty_mean": 1.2589274644851685,
      "correct_uncertainty": 1.2307008504867554,
      "error_uncertainty": 1.3578720092773438,
      "error_uncertainty_corr": 0.12834568342755398,
      "high_fn_uncertainty": 1.2772146463394165
    },
    "data_2021_train": {
      "macro_f1": 0.6104024043271234,
      "weighted_f1": 0.776219642820672,
      "mae": 0.7562302621391289,
      "qwk": 0.7092905498376356,
      "recall_6_8": 0.72,
      "precision_6_8": 0.8181818181818182,
      "pr_auc_high": 0.8911084592666745,
      "high_fn_rate": 0.28,
      "brier": 0.26767057180404663,
      "ece": 0.11360042963632092,
      "ordinal_nll": 0.5331368357784813,
      "uncertainty_mean": 1.2306623458862305,
      "correct_uncertainty": 1.2139718532562256,
      "error_uncertainty": 1.3039377927780151,
      "error_uncertainty_corr": 0.0868388806986145,
      "high_fn_uncertainty": 1.2023671865463257
    },
    "data_2021_test": {
      "macro_f1": 0.2452924027826435,
      "weighted_f1": 0.6027774809492442,
      "mae": 1.3554814682272607,
      "qwk": 0.24327789767678054,
      "recall_6_8": 0.19230769230769232,
      "precision_6_8": 0.5,
      "pr_auc_high": 0.3216072422573186,
      "high_fn_rate": 0.8076923076923077,
      "brier": 0.5060563087463379,
      "ece": 0.0974164837384009,
      "ordinal_nll": 1.463394659456123,
      "uncertainty_mean": 1.261582374572754,
      "correct_uncertainty": 1.2141711711883545,
      "error_uncertainty": 1.3564050197601318,
      "error_uncertainty_corr": 0.16569775029569198,
      "high_fn_uncertainty": 1.3690599203109741
    }
  },
  "split_sizes": {
    "data_2020": {
      "train": 419,
      "val": 0,
      "test": 0
    },
    "data_2021": {
      "train": 221,
      "val": 0,
      "test": 222
    }
  },
  "risk_summaries": {
    "data_2020": {
      "edge_count": 6603,
      "risk_min": 0.0005808045389130712,
      "risk_max": 1.0,
      "risk_mean": 0.03336368501186371,
      "risk_p25": 0.003140714718028903,
      "risk_p50": 0.00419975258409977,
      "risk_p75": 0.006323852110654116,
      "risk_p90": 0.009999999776482582,
      "risk_p95": 0.244416743516922,
      "risk_p99": 0.545212984085083,
      "zero_risk_edge_count": 0,
      "zero_risk_edge_ratio": 0.0,
      "edge_attribute_zero_ratio": 0.928365894290474,
      "matrix_5x8": [
        [
          6,
          459,
          525,
          183,
          33,
          38,
          59,
          18
        ],
        [
          0,
          489,
          458,
          121,
          76,
          46,
          63,
          68
        ],
        [
          0,
          423,
          455,
          211,
          86,
          44,
          73,
          28
        ],
        [
          2,
          429,
          475,
          167,
          85,
          48,
          96,
          19
        ],
        [
          0,
          382,
          507,
          194,
          58,
          60,
          90,
          29
        ]
      ]
    },
    "data_2021": {
      "edge_count": 7647,
      "risk_min": 0.0007032218272797763,
      "risk_max": 0.9999998807907104,
      "risk_mean": 0.02974945306777954,
      "risk_p25": 0.0027697663754224777,
      "risk_p50": 0.0037502096965909004,
      "risk_p75": 0.006098234560340643,
      "risk_p90": 0.009999999776482582,
      "risk_p95": 0.19320733845233917,
      "risk_p99": 0.5454791188240051,
      "zero_risk_edge_count": 0,
      "zero_risk_edge_ratio": 0.0,
      "edge_attribute_zero_ratio": 0.9314763959722767,
      "matrix_5x8": [
        [
          1,
          574,
          676,
          167,
          33,
          28,
          46,
          5
        ],
        [
          3,
          563,
          496,
          190,
          109,
          53,
          69,
          46
        ],
        [
          1,
          449,
          600,
          233,
          106,
          45,
          68,
          28
        ],
        [
          2,
          495,
          555,
          216,
          144,
          41,
          64,
          12
        ],
        [
          3,
          435,
          608,
          220,
          78,
          61,
          103,
          21
        ]
      ]
    }
  }
}