beta,lambda_concentration,runs,pyvrp_cost_mean,pyvrp_cost_std,global_risk_mean,global_risk_std,global_cvar90_mean,global_cvar90_std,max_vehicle_risk_mean,max_vehicle_risk_std,max_vehicle_cvar90_mean,max_vehicle_cvar90_std,vehicle_risk_gini_mean,vehicle_risk_gini_std,risk_variance_mean,risk_variance_std,edge_burden_gini_used_mean,edge_burden_gini_used_std,top10_burden_share_mean,top10_burden_share_std,max_edge_burden_mean,max_edge_burden_std,cost_increase_pct,risk_reduction_pct
0.0,0.0,5,133997.4,0.5477225575051661,8.40722750519053,1.12325614639404,0.25876835023650513,0.05169941719530501,2.4702539802412504,0.49596437447458647,0.38915754842416694,0.13797806107557223,0.1403714652240135,0.05023956949559946,0.24905136658966892,0.20044519049087606,0.8723894072921927,0.006553269203282137,0.8976640587369863,0.006538808925976482,1.1821094274520874,0.31788397831873455,0.0,0.0
1.0,0.0,5,160005.2,221.9734218324347,3.378905230172677,0.07071296118979195,0.07267995548000727,0.004530963374797863,1.3075596979993862,0.10289552538347756,0.1618887869907277,0.00683299025216254,0.3668318699970961,0.04407321997370323,0.2036777427587292,0.04142358435980632,0.8094964962091111,0.004471696081901459,0.7871836449850517,0.0066521175996368045,0.8629782199859619,0.0,0.1940918256622891,0.598095183211448
