{
  "model": "stable_tail_ec_gnn",
  "split": "B",
  "seed": 1,
  "epochs": 50,
  "risk_mode": "exposure_floor",
  "exposure_delta": 0.01,
  "uncertainty_tau": 0.0,
  "experiment_tag": "EC1_d0p05_le0p05",
  "alpha_ord": 0.3,
  "alpha_hr": 0.5,
  "alpha_topk": 0.1,
  "lambda_nll": 0.0,
  "lambda_var": 0.0,
  "ec_delta_max": 0.05,
  "lambda_edge": 0.05,
  "lambda_edge_high": 0.05,
  "lambda_distill": 0.2,
  "lambda_delta": 0.02,
  "ec_teacher_epochs": 50,
  "gamma_unc": 0.5,
  "logvar_min": -5.0,
  "logvar_max": 2.0,
  "metrics": {
    "data_2020_train": {
      "macro_f1": 0.2517603267603268,
      "weighted_f1": 0.6346194818748517,
      "mae": 1.099171714207798,
      "qwk": 0.5149698646217725,
      "recall_6_8": 0.6,
      "precision_6_8": 0.47058823529411764,
      "pr_auc_high": 0.4766384413564693,
      "high_fn_rate": 0.4,
      "brier": 0.43872231245040894,
      "ece": 0.11394811679469088
    },
    "data_2021_train": {
      "macro_f1": 0.2559236822785408,
      "weighted_f1": 0.6219485871940619,
      "mae": 1.030167568091667,
      "qwk": 0.4852457284707,
      "recall_6_8": 0.52,
      "precision_6_8": 0.48148148148148145,
      "pr_auc_high": 0.5256275263257479,
      "high_fn_rate": 0.48,
      "brier": 0.4129444658756256,
      "ece": 0.10785960288069368
    },
    "data_2021_test": {
      "macro_f1": 0.19955598946643927,
      "weighted_f1": 0.5575785184592079,
      "mae": 1.3581569862459384,
      "qwk": 0.26279684530181546,
      "recall_6_8": 0.2692307692307692,
      "precision_6_8": 0.3333333333333333,
      "pr_auc_high": 0.3388976904652795,
      "high_fn_rate": 0.7307692307692307,
      "brier": 0.5403128266334534,
      "ece": 0.09302187086762607
    }
  },
  "split_sizes": {
    "data_2020": {
      "train": 419,
      "val": 0,
      "test": 0
    },
    "data_2021": {
      "train": 221,
      "val": 0,
      "test": 222
    }
  },
  "risk_summaries": {
    "data_2020": {
      "edge_count": 6603,
      "risk_min": 0.0,
      "risk_max": 0.8238357901573181,
      "risk_mean": 0.02024518884718418,
      "risk_p25": 0.0007533056777901947,
      "risk_p50": 0.0016005446668714285,
      "risk_p75": 0.004567405674606562,
      "risk_p90": 0.007866326719522476,
      "risk_p95": 0.10404682904481888,
      "risk_p99": 0.47779738903045654,
      "zero_risk_edge_count": 340,
      "zero_risk_edge_ratio": 0.05149174617598062,
      "edge_attribute_zero_ratio": 0.928365894290474,
      "matrix_5x8": [
        [
          0,
          586,
          396,
          98,
          73,
          78,
          74,
          16
        ],
        [
          0,
          595,
          328,
          104,
          63,
          93,
          72,
          66
        ],
        [
          0,
          512,
          353,
          129,
          91,
          146,
          62,
          27
        ],
        [
          0,
          505,
          401,
          125,
          78,
          119,
          74,
          19
        ],
        [
          0,
          422,
          446,
          122,
          102,
          117,
          86,
          25
        ]
      ]
    },
    "data_2021": {
      "edge_count": 7647,
      "risk_min": 0.0,
      "risk_max": 0.831147313117981,
      "risk_mean": 0.01869243010878563,
      "risk_p25": 0.0007697890396229923,
      "risk_p50": 0.0016462256899103522,
      "risk_p75": 0.0045602573081851006,
      "risk_p90": 0.007468683645129204,
      "risk_p95": 0.08795644342899323,
      "risk_p99": 0.4517143666744232,
      "zero_risk_edge_count": 320,
      "zero_risk_edge_ratio": 0.041846475742121095,
      "edge_attribute_zero_ratio": 0.9314763959722767,
      "matrix_5x8": [
        [
          0,
          691,
          488,
          107,
          101,
          82,
          56,
          5
        ],
        [
          0,
          706,
          377,
          100,
          120,
          127,
          53,
          46
        ],
        [
          0,
          558,
          472,
          145,
          142,
          129,
          56,
          28
        ],
        [
          0,
          576,
          426,
          136,
          179,
          123,
          77,
          12
        ],
        [
          0,
          495,
          513,
          159,
          121,
          130,
          90,
          21
        ]
      ]
    }
  }
}