{
  "year": "data_2021",
  "risk_dir": "D:\\PyVRP-main\\hazmat_risk_experiments\\outputs\\risk_matrices\\teg_gnn_splitB_seed0_epochs20_floor_0p05",
  "num_pairs": 3,
  "num_successful_pairs": 3,
  "num_failures": 0,
  "pairs_per_group": 1,
  "k_paths": 5,
  "lambda_re": 1.0,
  "cvar_alpha": 0.9,
  "re_threshold": "mean",
  "re_threshold_value": 0.04289633211285255,
  "risk_floor": 0.0,
  "seed": 0,
  "largest_component_nodes": 4357,
  "largest_component_edges": 6650,
  "risk_diagnostics": {
    "edge_count": 6650,
    "zero_risk_edge_count": 0,
    "zero_risk_edge_ratio": 0.0,
    "risk_min": 5.793571290269028e-06,
    "risk_p25": 0.021477757021784782,
    "risk_p50": 0.023023441433906555,
    "risk_p75": 0.024947531521320343,
    "risk_p90": 0.04266836494207382,
    "risk_p95": 0.20901842489838574,
    "risk_p99": 0.4497355818748474,
    "risk_max": 0.8566391468048096,
    "edge_attribute_zero_ratio": 0.0,
    "S_i_norm_zero_or_near_zero_ratio": 0.00022951572182694515
  }
}