{
  "name": "fusion_gcn_teg_low_rho075_splitB_seed8_epochs50_10seed_floor_0p01",
  "risk_dirs": [
    "D:\\PyVRP-main\\hazmat_risk_experiments\\outputs_10seed\\risk_matrices\\gcn_splitB_seed8_epochs50_10seed_floor_0p01",
    "D:\\PyVRP-main\\hazmat_risk_experiments\\outputs_10seed\\risk_matrices\\teg_gnn_splitB_seed8_epochs50_teg_low_tail_10seed_floor_0p01"
  ],
  "weights": [
    0.25,
    0.75
  ],
  "ensemble": "mean node probabilities",
  "summaries": [
    {
      "year": "data_2020",
      "edge_count": 6603,
      "risk_mean": 0.019772340278941865,
      "risk_p95": 0.10132984156319087,
      "risk_p99": 0.432689828658343,
      "risk_max": 0.9590912319358073
    },
    {
      "year": "data_2021",
      "edge_count": 7647,
      "risk_mean": 0.017698168546660644,
      "risk_p95": 0.08795213522679049,
      "risk_p99": 0.40574739359756584,
      "risk_max": 0.8951321678168249
    }
  ]
}