beta,lambda_concentration,runs,pyvrp_cost_mean,pyvrp_cost_std,global_risk_mean,global_risk_std,global_cvar90_mean,global_cvar90_std,max_vehicle_risk_mean,max_vehicle_risk_std,max_vehicle_cvar90_mean,max_vehicle_cvar90_std,vehicle_risk_gini_mean,vehicle_risk_gini_std,risk_variance_mean,risk_variance_std,edge_burden_gini_used_mean,edge_burden_gini_used_std,top10_burden_share_mean,top10_burden_share_std,max_edge_burden_mean,max_edge_burden_std,cost_increase_pct,risk_reduction_pct
0.0,0.0,10,133997.6,0.6992058987801011,7.3912862303554,0.8909377443926846,0.21274239338996206,0.051321941022992534,2.195053426487175,0.39012642334913583,0.3616055274102837,0.09430236848452565,0.16703500400862123,0.060759726271671886,0.2440896461752134,0.1826266325956246,0.8618865750837322,0.009650130422808689,0.8802070827923976,0.010922486444928556,1.1125756680965424,0.41239517439238227,0.0,0.0
1.0,0.0,10,155279.1,247.16950998589343,2.769873166732759,0.19607770223897258,0.06943660802331077,0.009901412258803987,0.8713280680138269,0.13213573010217208,0.10478893519113106,0.016535251645432812,0.19787473060637334,0.06195403649876984,0.04415905484782111,0.027211079629520248,0.7586545658986997,0.012380169068033426,0.73111803876397,0.017312843452731128,0.3745075136423111,0.01760481224200152,0.15882000871657403,0.6252515353338982
