beta,lambda_concentration,runs,pyvrp_cost_mean,pyvrp_cost_std,global_risk_mean,global_risk_std,global_cvar90_mean,global_cvar90_std,max_vehicle_risk_mean,max_vehicle_risk_std,max_vehicle_cvar90_mean,max_vehicle_cvar90_std,vehicle_risk_gini_mean,vehicle_risk_gini_std,risk_variance_mean,risk_variance_std,edge_burden_gini_used_mean,edge_burden_gini_used_std,top10_burden_share_mean,top10_burden_share_std,max_edge_burden_mean,max_edge_burden_std,cost_increase_pct,risk_reduction_pct
0.0,0.0,10,133997.6,0.6992058987801011,8.51911015502119,0.7906864794262337,0.26676540979165475,0.03823484816333612,2.3331437778499096,0.2508046091019938,0.36995692912295153,0.07314098981340962,0.14259021801072475,0.025852374640125873,0.21211010926493024,0.09298049639845422,0.8675466069303697,0.0075345281647101695,0.8960735073336339,0.012206525309974509,1.068271768093109,0.323181785647803,0.0,0.0
1.0,0.0,10,160658.2,261.19332984507,3.590506630789605,0.18817602319263044,0.092146663502209,0.014115869932647728,1.1963648492877836,0.1416967285617009,0.15082594438056862,0.0236373129783978,0.2559941682635844,0.06350221413575916,0.11885078221802947,0.04894261084790088,0.8198153982525571,0.007128346629531201,0.8039239408924415,0.010681862325317511,0.6979225277900696,0.0,0.19896326501370176,0.5785350153414875
