beta,lambda_concentration,runs,pyvrp_cost_mean,pyvrp_cost_std,global_risk_mean,global_risk_std,global_cvar90_mean,global_cvar90_std,max_vehicle_risk_mean,max_vehicle_risk_std,max_vehicle_cvar90_mean,max_vehicle_cvar90_std,vehicle_risk_gini_mean,vehicle_risk_gini_std,risk_variance_mean,risk_variance_std,edge_burden_gini_used_mean,edge_burden_gini_used_std,top10_burden_share_mean,top10_burden_share_std,max_edge_burden_mean,max_edge_burden_std,cost_increase_pct,risk_reduction_pct
0.0,0.0,3,133997.33333333334,0.5773502691896258,7.306865649215372,1.0171786300023373,0.2359652933471109,0.05098136014963629,2.309936893172562,0.03851690337445815,0.37000243910070924,0.029049105728384025,0.18384511099255688,0.02098974128778605,0.29507502649228295,0.10480056291975204,0.856699801428248,0.0031062105297130654,0.8844067400101286,0.005326692669025189,0.8572050929069519,0.0,0.0,0.0
1.0,0.0,3,158015.0,336.94658330364473,2.6822701016741726,0.12024776647813973,0.06672804886261675,0.007019924465611494,0.8943548802247582,0.1504933243231561,0.10726651373422809,0.019300094112415726,0.2313050404887261,0.0869106572205337,0.05414249059718192,0.035073239498081214,0.7684731876195047,0.009232486880509561,0.7569978833927701,0.015241776203384115,0.37898150086402893,0.0,0.17923988537085306,0.6329109866741789
