{
  "model": "gcn_teg_concat",
  "split": "B",
  "seed": 6,
  "epochs": 50,
  "risk_mode": "exposure_floor",
  "exposure_delta": 0.01,
  "experiment_tag": "",
  "alpha_ord": 0.5,
  "alpha_hr": 1.0,
  "alpha_topk": 0.3,
  "metrics": {
    "data_2020_train": {
      "macro_f1": 0.4821861313637629,
      "weighted_f1": 0.7032098836928632,
      "mae": 0.8505537734247313,
      "qwk": 0.6591248097834482,
      "recall_6_8": 0.725,
      "precision_6_8": 0.6744186046511628,
      "pr_auc_high": 0.8256276620213647,
      "high_fn_rate": 0.275
    },
    "data_2021_train": {
      "macro_f1": 0.658141725020128,
      "weighted_f1": 0.7691566765944081,
      "mae": 0.7316686921896576,
      "qwk": 0.7470485563685387,
      "recall_6_8": 0.88,
      "precision_6_8": 0.7586206896551724,
      "pr_auc_high": 0.9087380281746347,
      "high_fn_rate": 0.12
    },
    "data_2021_test": {
      "macro_f1": 0.2888325144199957,
      "weighted_f1": 0.5997038879756248,
      "mae": 1.2379876769617164,
      "qwk": 0.36939311134392505,
      "recall_6_8": 0.34615384615384615,
      "precision_6_8": 0.45,
      "pr_auc_high": 0.3261938481251715,
      "high_fn_rate": 0.6538461538461539
    }
  },
  "split_sizes": {
    "data_2020": {
      "train": 419,
      "val": 0,
      "test": 0
    },
    "data_2021": {
      "train": 221,
      "val": 0,
      "test": 222
    }
  },
  "risk_summaries": {
    "data_2020": {
      "edge_count": 6603,
      "risk_min": 1.8732887241412755e-08,
      "risk_max": 0.8495144248008728,
      "risk_mean": 0.01946786232292652,
      "risk_p25": 0.0009796421509236097,
      "risk_p50": 0.0018924395553767681,
      "risk_p75": 0.004237680230289698,
      "risk_p90": 0.008438476361334324,
      "risk_p95": 0.08064325898885727,
      "risk_p99": 0.42628103494644165,
      "zero_risk_edge_count": 0,
      "zero_risk_edge_ratio": 0.0,
      "edge_attribute_zero_ratio": 0.928365894290474,
      "matrix_5x8": [
        [
          0,
          599,
          412,
          142,
          54,
          38,
          76,
          0
        ],
        [
          0,
          572,
          301,
          147,
          74,
          90,
          134,
          3
        ],
        [
          0,
          495,
          354,
          188,
          93,
          80,
          109,
          1
        ],
        [
          0,
          537,
          331,
          144,
          115,
          70,
          121,
          3
        ],
        [
          0,
          554,
          357,
          139,
          93,
          50,
          122,
          5
        ]
      ]
    },
    "data_2021": {
      "edge_count": 7647,
      "risk_min": 3.201621012749456e-08,
      "risk_max": 0.8460670113563538,
      "risk_mean": 0.01695776917040348,
      "risk_p25": 0.001006809063255787,
      "risk_p50": 0.0018045059405267239,
      "risk_p75": 0.004022211767733097,
      "risk_p90": 0.008019905537366867,
      "risk_p95": 0.06684889644384384,
      "risk_p99": 0.41806408762931824,
      "zero_risk_edge_count": 0,
      "zero_risk_edge_ratio": 0.0,
      "edge_attribute_zero_ratio": 0.9314763959722767,
      "matrix_5x8": [
        [
          0,
          717,
          519,
          149,
          48,
          32,
          60,
          5
        ],
        [
          0,
          698,
          351,
          184,
          82,
          81,
          128,
          5
        ],
        [
          0,
          617,
          418,
          194,
          97,
          70,
          128,
          6
        ],
        [
          0,
          615,
          348,
          167,
          133,
          123,
          120,
          23
        ],
        [
          0,
          610,
          475,
          131,
          78,
          81,
          147,
          7
        ]
      ]
    }
  }
}