beta,lambda_concentration,runs,pyvrp_cost_mean,pyvrp_cost_std,global_risk_mean,global_risk_std,global_cvar90_mean,global_cvar90_std,max_vehicle_risk_mean,max_vehicle_risk_std,max_vehicle_cvar90_mean,max_vehicle_cvar90_std,vehicle_risk_gini_mean,vehicle_risk_gini_std,risk_variance_mean,risk_variance_std,edge_burden_gini_used_mean,edge_burden_gini_used_std,top10_burden_share_mean,top10_burden_share_std,max_edge_burden_mean,max_edge_burden_std,cost_increase_pct,risk_reduction_pct
0.0,0.0,3,133997.33333333334,0.5773502691896258,8.581311919668224,1.112740259753515,0.27517468904137105,0.06288314223644971,2.4379273658172074,0.2118193777907602,0.4065288795779149,0.08473143453825084,0.13123400571770052,0.016974335695121086,0.19800517862196654,0.08726201079098915,0.872452623410144,0.0008634298654769867,0.8990477929493496,0.00011414612999357258,0.9099960923194885,0.0,0.0,0.0
1.0,0.0,3,158011.66666666666,318.16086078167024,3.3562022288582134,0.0630079296077766,0.0846797021624387,0.013402379400077255,1.1690363346230395,0.11993230131949077,0.14716824448652685,0.02240663841671723,0.32902648694547504,0.05967005828253541,0.16516190113567064,0.05367999010386715,0.8272846203688088,0.0036209986886170404,0.8008979708446988,0.006252995787279864,0.9099960923194885,0.0,0.17921500925391534,0.6088940408789403
