beta,lambda_concentration,runs,pyvrp_cost_mean,pyvrp_cost_std,global_risk_mean,global_risk_std,global_cvar90_mean,global_cvar90_std,max_vehicle_risk_mean,max_vehicle_risk_std,max_vehicle_cvar90_mean,max_vehicle_cvar90_std,vehicle_risk_gini_mean,vehicle_risk_gini_std,risk_variance_mean,risk_variance_std,edge_burden_gini_used_mean,edge_burden_gini_used_std,top10_burden_share_mean,top10_burden_share_std,max_edge_burden_mean,max_edge_burden_std,cost_increase_pct,risk_reduction_pct
0.0,0.0,5,133997.4,0.5477225575051661,7.9866847349039745,0.9304343872549855,0.15487455395373334,0.08830520720892732,2.5913470231578684,0.531523295434808,0.41277998492121704,0.15372814362799672,0.1990149192600288,0.050355629400315745,0.38494223716403553,0.22742804294770513,0.8409041376533887,0.011307624870276563,0.8627959808998631,0.011911862988500539,1.1508570909500122,0.31496605180190373,0.0,0.0
1.0,0.0,5,158914.0,252.1715685798064,3.9759913617526763,0.06632091134928302,0.05749865165355551,0.00043855316246464113,1.5169695473116007,0.25283951944998806,0.1617687782228348,0.06455106014533814,0.2645613603517462,0.084539237637831,0.17878119890628766,0.10759999736983025,0.7679824682193764,0.004676149364664193,0.7521552790776336,0.00495758063710508,1.0099999904632568,0.0,0.18594838407312386,0.5021724916250895
