beta,lambda_concentration,runs,pyvrp_cost_mean,pyvrp_cost_std,global_risk_mean,global_risk_std,global_cvar90_mean,global_cvar90_std,max_vehicle_risk_mean,max_vehicle_risk_std,max_vehicle_cvar90_mean,max_vehicle_cvar90_std,vehicle_risk_gini_mean,vehicle_risk_gini_std,risk_variance_mean,risk_variance_std,edge_burden_gini_used_mean,edge_burden_gini_used_std,top10_burden_share_mean,top10_burden_share_std,max_edge_burden_mean,max_edge_burden_std,cost_increase_pct,risk_reduction_pct
0.0,0.0,10,146730.9,582.7275807213293,8.516464091605679,0.77128020845339,0.20802399018208173,0.048026088709345514,2.9089315974881176,0.5458619989532975,0.4287957426125096,0.09043865983131484,0.23521023522592896,0.050161375840301024,0.6020582852366346,0.3193772211479372,0.8793932128363883,0.007408444286834717,0.8953104519183652,0.009328240066160225,1.2171489238739013,0.4125986192210984,0.0,0.0
1.0,0.0,10,173758.3,347.90613357309144,3.475471419871698,0.2115091487337772,0.08058246375932758,0.006019321741538578,1.4518640777922525,0.18971591793009382,0.1517154334801885,0.024020894041683116,0.36426781308333644,0.06105865775048835,0.23462188915817234,0.09802933872398253,0.8127740442799514,0.009040535819249382,0.7797911731214038,0.01406841525435479,0.7022223770618439,0.028349208255934417,0.18419705733420838,0.5919114573267659
2.0,0.0,10,188722.5,210.77542024101808,2.8883608857725536,0.09787082342007332,0.06758214163334944,0.003328610373301022,1.1411786010736251,0.1550393864323463,0.13007501173498376,0.010881372159429008,0.3363980242715635,0.05397826504090809,0.13615081732606799,0.048863734380574946,0.7875529815052117,0.007498033420277782,0.7396886950169097,0.011790520091188625,0.7739408314228058,0.028349208255934417,0.28618102935373535,0.6608497546980617
