{
  "model": "gcn_teg_concat",
  "split": "B",
  "seed": 2,
  "epochs": 50,
  "risk_mode": "exposure_floor",
  "exposure_delta": 0.01,
  "uncertainty_tau": 0.0,
  "experiment_tag": "st_v1_formal_10seed",
  "checkpoint_path": "D:\\PyVRP-main\\hazmat_risk_experiments\\outputs_10seed\\st_v1_formal_10seed\\models\\checkpoints\\gcn_teg_concat_splitB_seed2_epochs50_st_v1_formal_10seed.pt",
  "best_epoch": 50,
  "model_source": "checkpoint",
  "alpha_ord": 0.5,
  "alpha_hr": 1.0,
  "alpha_topk": 0.3,
  "lambda_nll": 0.0,
  "lambda_var": 0.0,
  "ec_delta_max": 0.05,
  "lambda_edge": 0.0,
  "lambda_edge_high": 0.0,
  "lambda_distill": 0.0,
  "lambda_delta": 0.0,
  "ec_teacher_epochs": 50,
  "gamma_unc": 0.5,
  "logvar_min": -5.0,
  "logvar_max": 2.0,
  "metrics": {
    "data_2020_train": {
      "macro_f1": 0.4013037867399375,
      "weighted_f1": 0.7075436070169003,
      "mae": 0.8287249638118435,
      "qwk": 0.6605868980114453,
      "recall_6_8": 0.725,
      "precision_6_8": 0.6444444444444445,
      "pr_auc_high": 0.7804405934883852,
      "high_fn_rate": 0.275,
      "brier": 0.33969423174858093,
      "ece": 0.08242345240349418
    },
    "data_2021_train": {
      "macro_f1": 0.47227060258384246,
      "weighted_f1": 0.7397311327764368,
      "mae": 0.6545978789137209,
      "qwk": 0.713691020798632,
      "recall_6_8": 0.8,
      "precision_6_8": 0.7692307692307693,
      "pr_auc_high": 0.8888723557144611,
      "high_fn_rate": 0.2,
      "brier": 0.2912481725215912,
      "ece": 0.1008235959176025
    },
    "data_2021_test": {
      "macro_f1": 0.29815072725311154,
      "weighted_f1": 0.6494878483658287,
      "mae": 1.136757583576487,
      "qwk": 0.3644300658285886,
      "recall_6_8": 0.34615384615384615,
      "precision_6_8": 0.42857142857142855,
      "pr_auc_high": 0.39854729241197756,
      "high_fn_rate": 0.6538461538461539,
      "brier": 0.4472254812717438,
      "ece": 0.05374841727651991
    }
  },
  "split_sizes": {
    "data_2020": {
      "train": 419,
      "val": 0,
      "test": 0
    },
    "data_2021": {
      "train": 221,
      "val": 0,
      "test": 222
    }
  },
  "risk_summaries": {
    "data_2020": {
      "edge_count": 6603,
      "risk_min": 3.097738385804405e-07,
      "risk_max": 0.9310484528541565,
      "risk_mean": 0.019495785236358643,
      "risk_p25": 0.0007315741968341172,
      "risk_p50": 0.0016250970074906945,
      "risk_p75": 0.0038032233715057373,
      "risk_p90": 0.008495851419866085,
      "risk_p95": 0.08034616708755493,
      "risk_p99": 0.42904049158096313,
      "zero_risk_edge_count": 0,
      "zero_risk_edge_ratio": 0.0,
      "edge_attribute_zero_ratio": 0.928365894290474,
      "matrix_5x8": [
        [
          0,
          667,
          303,
          174,
          48,
          46,
          60,
          23
        ],
        [
          0,
          722,
          215,
          127,
          66,
          39,
          80,
          72
        ],
        [
          0,
          619,
          244,
          191,
          72,
          95,
          70,
          29
        ],
        [
          0,
          623,
          303,
          137,
          58,
          55,
          98,
          47
        ],
        [
          0,
          573,
          330,
          170,
          65,
          54,
          101,
          27
        ]
      ]
    },
    "data_2021": {
      "edge_count": 7647,
      "risk_min": 3.4059796649721363e-10,
      "risk_max": 0.9009861350059509,
      "risk_mean": 0.017853250727057457,
      "risk_p25": 0.0007695020758546889,
      "risk_p50": 0.0017067972803488374,
      "risk_p75": 0.004010530188679695,
      "risk_p90": 0.00848927441984415,
      "risk_p95": 0.07138009369373322,
      "risk_p99": 0.427132248878479,
      "zero_risk_edge_count": 0,
      "zero_risk_edge_ratio": 0.0,
      "edge_attribute_zero_ratio": 0.9314763959722767,
      "matrix_5x8": [
        [
          0,
          749,
          449,
          150,
          110,
          8,
          48,
          16
        ],
        [
          0,
          783,
          336,
          106,
          103,
          41,
          92,
          68
        ],
        [
          0,
          689,
          346,
          188,
          145,
          29,
          94,
          39
        ],
        [
          0,
          672,
          334,
          164,
          139,
          49,
          108,
          63
        ],
        [
          0,
          639,
          437,
          136,
          94,
          41,
          116,
          66
        ]
      ]
    }
  }
}