beta,lambda_concentration,runs,pyvrp_cost_mean,pyvrp_cost_std,global_risk_mean,global_risk_std,global_cvar90_mean,global_cvar90_std,max_vehicle_risk_mean,max_vehicle_risk_std,max_vehicle_cvar90_mean,max_vehicle_cvar90_std,vehicle_risk_gini_mean,vehicle_risk_gini_std,risk_variance_mean,risk_variance_std,edge_burden_gini_used_mean,edge_burden_gini_used_std,top10_burden_share_mean,top10_burden_share_std,max_edge_burden_mean,max_edge_burden_std,cost_increase_pct,risk_reduction_pct
0.0,0.0,10,146730.9,582.7275807213293,9.275490823406267,0.690845394229281,0.2919173036967665,0.032638321440659354,3.0214392695619607,0.22840468854616325,0.42975468585533755,0.04904012343695053,0.20901896113610957,0.03673628868773554,0.5452269665600438,0.16867427074659977,0.8771108453190795,0.005478350594996758,0.8984824339939586,0.0075074339845464825,1.1844574332237243,0.3022662490930271,0.0,0.0
3.0,1.0,10,226961.5,728.056354656393,2.8446320385542547,0.018913479675632318,0.05428643916457385,0.001337752649986004,1.2700922305840323,0.1817087657175778,0.1330188478634815,0.01685287683677179,0.3536574691382499,0.06493223151322397,0.15568540061777908,0.060437502339443845,0.7792711407243865,0.0035988632295482865,0.7307632572566563,0.003959724490249665,0.8629770874977112,0.0,0.5467873501764114,0.6933173572468367
