{
  "model": "teg_only",
  "split": "B",
  "seed": 5,
  "epochs": 50,
  "risk_mode": "exposure_floor",
  "exposure_delta": 0.01,
  "uncertainty_tau": 0.0,
  "experiment_tag": "paper_comparison_10seed",
  "checkpoint_path": "D:\\PyVRP-main\\hazmat_risk_experiments\\outputs_10seed\\models\\checkpoints\\teg_only_splitB_seed5_epochs50_paper_comparison_10seed.pt",
  "best_epoch": 50,
  "model_source": "checkpoint",
  "alpha_ord": 0.5,
  "alpha_hr": 1.0,
  "alpha_topk": 0.3,
  "lambda_nll": 0.0,
  "lambda_var": 0.0,
  "ec_delta_max": 0.05,
  "lambda_edge": 0.0,
  "lambda_edge_high": 0.0,
  "lambda_distill": 0.0,
  "lambda_delta": 0.0,
  "ec_teacher_epochs": 50,
  "gamma_unc": 0.5,
  "logvar_min": -5.0,
  "logvar_max": 2.0,
  "metrics": {
    "data_2020_train": {
      "macro_f1": 0.538754404032614,
      "weighted_f1": 0.7027537032385017,
      "mae": 1.366838609894938,
      "qwk": 0.6626570272006214,
      "recall_6_8": 0.85,
      "precision_6_8": 0.5862068965517241,
      "pr_auc_high": 0.8256688934228479,
      "high_fn_rate": 0.15,
      "brier": 0.46827998757362366,
      "ece": 0.21316625537052925,
      "high_risk_recall_at_top10pct": 0.7,
      "high_risk_recall_at_top20pct": 0.925,
      "ndcg_at_top20pct": 0.8005051512870124,
      "high_risk_hits_at_10": 10.0,
      "high_risk_hits_at_20": 18.0
    },
    "data_2021_train": {
      "macro_f1": 0.790444009511893,
      "weighted_f1": 0.8015400476573942,
      "mae": 1.2477615871451153,
      "qwk": 0.8372017212152824,
      "recall_6_8": 0.9,
      "precision_6_8": 0.8571428571428571,
      "pr_auc_high": 0.9604747270703153,
      "high_fn_rate": 0.1,
      "brier": 0.39941346645355225,
      "ece": 0.28173121293498715,
      "high_risk_recall_at_top10pct": 0.75,
      "high_risk_recall_at_top20pct": 1.0,
      "ndcg_at_top20pct": 0.90147332239904,
      "high_risk_hits_at_10": 10.0,
      "high_risk_hits_at_20": 16.0
    },
    "data_2021_val": {
      "macro_f1": 0.26670597484276726,
      "weighted_f1": 0.5468553459119496,
      "mae": 1.8329349437108653,
      "qwk": 0.21395395799676908,
      "recall_6_8": 0.4,
      "precision_6_8": 0.2222222222222222,
      "pr_auc_high": 0.3855028735632184,
      "high_fn_rate": 0.6,
      "brier": 0.5830978155136108,
      "ece": 0.14426860941780942,
      "high_risk_recall_at_top10pct": 0.4,
      "high_risk_recall_at_top20pct": 0.6,
      "ndcg_at_top20pct": 0.41126679490727797,
      "high_risk_hits_at_10": 3.0,
      "high_risk_hits_at_20": 3.0
    },
    "data_2021_test": {
      "macro_f1": 0.32659963759101696,
      "weighted_f1": 0.5624332722033871,
      "mae": 1.6360832388219682,
      "qwk": 0.4566807132041364,
      "recall_6_8": 0.46153846153846156,
      "precision_6_8": 0.6,
      "pr_auc_high": 0.4620898797947802,
      "high_fn_rate": 0.5384615384615384,
      "brier": 0.6281726360321045,
      "ece": 0.18429508409253115,
      "high_risk_recall_at_top10pct": 0.5384615384615384,
      "high_risk_recall_at_top20pct": 0.5769230769230769,
      "ndcg_at_top20pct": 0.4721913398471546,
      "high_risk_hits_at_10": 7.0,
      "high_risk_hits_at_20": 13.0
    }
  },
  "split_sizes": {
    "data_2020": {
      "train": 419,
      "val": 0,
      "test": 0
    },
    "data_2021": {
      "train": 176,
      "val": 45,
      "test": 222
    }
  },
  "risk_summaries": {
    "data_2020": {
      "edge_count": 6603,
      "risk_min": 0.00010148609726456925,
      "risk_max": 0.880743145942688,
      "risk_mean": 0.022778624668717384,
      "risk_p25": 0.0032467935234308243,
      "risk_p50": 0.004057049285620451,
      "risk_p75": 0.0049318233504891396,
      "risk_p90": 0.008554809726774693,
      "risk_p95": 0.13973842561244965,
      "risk_p99": 0.4324861168861389,
      "zero_risk_edge_count": 0,
      "zero_risk_edge_ratio": 0.0,
      "edge_attribute_zero_ratio": 0.928365894290474,
      "matrix_5x8": [
        [
          0,
          29,
          136,
          643,
          402,
          26,
          73,
          12
        ],
        [
          0,
          37,
          242,
          539,
          308,
          49,
          137,
          9
        ],
        [
          0,
          38,
          243,
          551,
          335,
          76,
          75,
          2
        ],
        [
          0,
          34,
          230,
          567,
          286,
          86,
          82,
          36
        ],
        [
          0,
          70,
          287,
          500,
          295,
          46,
          110,
          12
        ]
      ]
    },
    "data_2021": {
      "edge_count": 7647,
      "risk_min": 7.936442852951586e-05,
      "risk_max": 0.8502311110496521,
      "risk_mean": 0.01899252086877823,
      "risk_p25": 0.0031955863814800978,
      "risk_p50": 0.003977679647505283,
      "risk_p75": 0.0047764903865754604,
      "risk_p90": 0.008372470736503601,
      "risk_p95": 0.11606989055871964,
      "risk_p99": 0.36717256903648376,
      "zero_risk_edge_count": 0,
      "zero_risk_edge_ratio": 0.0,
      "edge_attribute_zero_ratio": 0.9314763959722767,
      "matrix_5x8": [
        [
          0,
          21,
          172,
          709,
          532,
          41,
          54,
          1
        ],
        [
          0,
          24,
          292,
          714,
          314,
          69,
          113,
          3
        ],
        [
          0,
          38,
          323,
          687,
          341,
          58,
          82,
          1
        ],
        [
          0,
          21,
          249,
          712,
          363,
          104,
          64,
          16
        ],
        [
          0,
          87,
          367,
          584,
          311,
          71,
          106,
          3
        ]
      ]
    }
  }
}