{
  "model": "gcn_teg_concat",
  "split": "A",
  "seed": 3,
  "epochs": 50,
  "risk_mode": "exposure_floor",
  "exposure_delta": 0.01,
  "experiment_tag": "",
  "alpha_ord": 0.3,
  "alpha_hr": 0.5,
  "alpha_topk": 0.1,
  "metrics": {
    "data_2020_train": {
      "macro_f1": 0.5408842078090337,
      "weighted_f1": 0.7415924867307432,
      "mae": 0.5753887149246016,
      "qwk": 0.7837017771998266,
      "recall_6_8": 0.9354838709677419,
      "precision_6_8": 0.8529411764705882,
      "pr_auc_high": 0.9412827608951504,
      "high_fn_rate": 0.06451612903225806
    },
    "data_2020_val": {
      "macro_f1": 0.2708818958818959,
      "weighted_f1": 0.6332445332445333,
      "mae": 1.2692836319996934,
      "qwk": 0.33571428571428574,
      "recall_6_8": 0.3333333333333333,
      "precision_6_8": 0.42857142857142855,
      "pr_auc_high": 0.3868708452041785,
      "high_fn_rate": 0.6666666666666666
    },
    "data_2021_test": {
      "macro_f1": 0.33252194255858747,
      "weighted_f1": 0.6324374651390628,
      "mae": 1.1745968677382943,
      "qwk": 0.3714722545653394,
      "recall_6_8": 0.3333333333333333,
      "precision_6_8": 0.5483870967741935,
      "pr_auc_high": 0.3803702212046697,
      "high_fn_rate": 0.6666666666666666
    }
  },
  "split_sizes": {
    "data_2020": {
      "train": 335,
      "val": 84,
      "test": 0
    },
    "data_2021": {
      "train": 0,
      "val": 0,
      "test": 443
    }
  },
  "risk_summaries": {
    "data_2020": {
      "edge_count": 6603,
      "risk_min": 1.3981546942432033e-07,
      "risk_max": 0.8560294508934021,
      "risk_mean": 0.018382765352725983,
      "risk_p25": 0.0006518698064610362,
      "risk_p50": 0.001476823235861957,
      "risk_p75": 0.003580961376428604,
      "risk_p90": 0.008388953283429146,
      "risk_p95": 0.08739292621612549,
      "risk_p99": 0.42498886585235596,
      "zero_risk_edge_count": 0,
      "zero_risk_edge_ratio": 0.0,
      "edge_attribute_zero_ratio": 0.928365894290474,
      "matrix_5x8": [
        [
          0,
          719,
          284,
          145,
          59,
          47,
          67,
          0
        ],
        [
          0,
          701,
          252,
          110,
          76,
          41,
          141,
          0
        ],
        [
          0,
          641,
          297,
          161,
          79,
          56,
          86,
          0
        ],
        [
          0,
          640,
          302,
          136,
          76,
          36,
          131,
          0
        ],
        [
          0,
          662,
          314,
          110,
          65,
          51,
          118,
          0
        ]
      ]
    },
    "data_2021": {
      "edge_count": 7647,
      "risk_min": 3.4059797204832876e-09,
      "risk_max": 0.8545097708702087,
      "risk_mean": 0.016518551856279373,
      "risk_p25": 0.0007460336782969534,
      "risk_p50": 0.0016079081688076258,
      "risk_p75": 0.003375920234248042,
      "risk_p90": 0.007593899965286255,
      "risk_p95": 0.08303368091583252,
      "risk_p99": 0.38986703753471375,
      "zero_risk_edge_count": 0,
      "zero_risk_edge_ratio": 0.0,
      "edge_attribute_zero_ratio": 0.9314763959722767,
      "matrix_5x8": [
        [
          0,
          829,
          433,
          171,
          38,
          21,
          38,
          0
        ],
        [
          0,
          710,
          399,
          162,
          94,
          79,
          85,
          0
        ],
        [
          0,
          722,
          423,
          139,
          105,
          60,
          81,
          0
        ],
        [
          0,
          674,
          430,
          157,
          140,
          70,
          58,
          0
        ],
        [
          0,
          681,
          493,
          125,
          73,
          72,
          83,
          2
        ]
      ]
    }
  }
}