{
  "pairs": "D:\\PyVRP-main\\hazmat_risk_experiments\\outputs_10seed\\od_paths\\fixed_od_pairs_150.csv",
  "num_pairs": 150,
  "year": "data_2021",
  "k_paths": 50,
  "cvar_alpha": 0.9,
  "re_threshold": "p75",
  "sources": [
    {
      "risk_source": "Stable-Tail-MatrixEnsRaw-r030_seed0",
      "risk_dir": "D:\\PyVRP-main\\hazmat_risk_experiments\\outputs_10seed\\risk_matrices\\stable_tail_matrix_ens_raw_r030_splitB_seed0_floor_0p01",
      "largest_component_nodes": 4357,
      "largest_component_edges": 6650,
      "re_threshold": "p75",
      "re_threshold_value": 0.0026179325650446117,
      "risk_diagnostics": {
        "edge_count": 6650,
        "zero_risk_edge_count": 1,
        "zero_risk_edge_ratio": 0.00015037593984962405,
        "risk_min": 0.0,
        "risk_p25": 0.0004907305119559169,
        "risk_p50": 0.0011897766962647438,
        "risk_p75": 0.0026179325650446117,
        "risk_p90": 0.006021848879754543,
        "risk_p95": 0.05204167664051055,
        "risk_p99": 0.3056448698043823,
        "risk_max": 0.644571840763092,
        "edge_attribute_zero_ratio": 0.0,
        "S_i_norm_zero_or_near_zero_ratio": 0.005278861602019738
      }
    },
    {
      "risk_source": "Stable-Tail-MatrixEnsRaw-r030_seed1",
      "risk_dir": "D:\\PyVRP-main\\hazmat_risk_experiments\\outputs_10seed\\risk_matrices\\stable_tail_matrix_ens_raw_r030_splitB_seed1_floor_0p01",
      "largest_component_nodes": 4357,
      "largest_component_edges": 6650,
      "re_threshold": "p75",
      "re_threshold_value": 0.003288285108283162,
      "risk_diagnostics": {
        "edge_count": 6650,
        "zero_risk_edge_count": 0,
        "zero_risk_edge_ratio": 0.0,
        "risk_min": 8.344649971014917e-10,
        "risk_p25": 0.0007098614005371928,
        "risk_p50": 0.0013309204368852079,
        "risk_p75": 0.003288285108283162,
        "risk_p90": 0.006007160991430283,
        "risk_p95": 0.059951344877480536,
        "risk_p99": 0.32051682472229004,
        "risk_max": 0.6435259580612183,
        "edge_attribute_zero_ratio": 0.0,
        "S_i_norm_zero_or_near_zero_ratio": 0.0006885471654808355
      }
    },
    {
      "risk_source": "Stable-Tail-MatrixEnsRaw-r030_seed2",
      "risk_dir": "D:\\PyVRP-main\\hazmat_risk_experiments\\outputs_10seed\\risk_matrices\\stable_tail_matrix_ens_raw_r030_splitB_seed2_floor_0p01",
      "largest_component_nodes": 4357,
      "largest_component_edges": 6650,
      "re_threshold": "p75",
      "re_threshold_value": 0.002992052584886551,
      "risk_diagnostics": {
        "edge_count": 6650,
        "zero_risk_edge_count": 0,
        "zero_risk_edge_ratio": 0.0,
        "risk_min": 2.1648405379437463e-07,
        "risk_p25": 0.0007018155883997679,
        "risk_p50": 0.0013648628955706954,
        "risk_p75": 0.002992052584886551,
        "risk_p90": 0.0058955722488462925,
        "risk_p95": 0.05581437256187186,
        "risk_p99": 0.31159844994544983,
        "risk_max": 0.686348557472229,
        "edge_attribute_zero_ratio": 0.0,
        "S_i_norm_zero_or_near_zero_ratio": 0.0004590314436538903
      }
    },
    {
      "risk_source": "Stable-Tail-MatrixEnsRaw-r030_seed3",
      "risk_dir": "D:\\PyVRP-main\\hazmat_risk_experiments\\outputs_10seed\\risk_matrices\\stable_tail_matrix_ens_raw_r030_splitB_seed3_floor_0p01",
      "largest_component_nodes": 4357,
      "largest_component_edges": 6650,
      "re_threshold": "p75",
      "re_threshold_value": 0.002432445762678981,
      "risk_diagnostics": {
        "edge_count": 6650,
        "zero_risk_edge_count": 0,
        "zero_risk_edge_ratio": 0.0,
        "risk_min": 3.588199604109832e-08,
        "risk_p25": 0.0005910657200729474,
        "risk_p50": 0.0011817760532721877,
        "risk_p75": 0.002432445762678981,
        "risk_p90": 0.005573144787922508,
        "risk_p95": 0.049845184758305384,
        "risk_p99": 0.28742665380239596,
        "risk_max": 0.6294265389442444,
        "edge_attribute_zero_ratio": 0.0,
        "S_i_norm_zero_or_near_zero_ratio": 0.0009180628873077806
      }
    },
    {
      "risk_source": "Stable-Tail-MatrixEnsRaw-r030_seed4",
      "risk_dir": "D:\\PyVRP-main\\hazmat_risk_experiments\\outputs_10seed\\risk_matrices\\stable_tail_matrix_ens_raw_r030_splitB_seed4_floor_0p01",
      "largest_component_nodes": 4357,
      "largest_component_edges": 6650,
      "re_threshold": "p75",
      "re_threshold_value": 0.0027270513237453997,
      "risk_diagnostics": {
        "edge_count": 6650,
        "zero_risk_edge_count": 0,
        "zero_risk_edge_ratio": 0.0,
        "risk_min": 5.9604643443123e-10,
        "risk_p25": 0.0007332873647101223,
        "risk_p50": 0.0014123149449005723,
        "risk_p75": 0.0027270513237453997,
        "risk_p90": 0.006057743914425373,
        "risk_p95": 0.05053473282605381,
        "risk_p99": 0.32256683707237244,
        "risk_max": 0.6648792028427124,
        "edge_attribute_zero_ratio": 0.0,
        "S_i_norm_zero_or_near_zero_ratio": 0.0009180628873077806
      }
    },
    {
      "risk_source": "Stable-Tail-MatrixEnsRaw-r030_seed5",
      "risk_dir": "D:\\PyVRP-main\\hazmat_risk_experiments\\outputs_10seed\\risk_matrices\\stable_tail_matrix_ens_raw_r030_splitB_seed5_floor_0p01",
      "largest_component_nodes": 4357,
      "largest_component_edges": 6650,
      "re_threshold": "p75",
      "re_threshold_value": 0.0026717139407992363,
      "risk_diagnostics": {
        "edge_count": 6650,
        "zero_risk_edge_count": 0,
        "zero_risk_edge_ratio": 0.0,
        "risk_min": 1.0013580187262505e-08,
        "risk_p25": 0.0005770745628979057,
        "risk_p50": 0.001131189987063408,
        "risk_p75": 0.0026717139407992363,
        "risk_p90": 0.005712025798857212,
        "risk_p95": 0.04992221388965845,
        "risk_p99": 0.3063356876373291,
        "risk_max": 0.6466006636619568,
        "edge_attribute_zero_ratio": 0.0,
        "S_i_norm_zero_or_near_zero_ratio": 0.0006885471654808355
      }
    },
    {
      "risk_source": "Stable-Tail-MatrixEnsRaw-r030_seed6",
      "risk_dir": "D:\\PyVRP-main\\hazmat_risk_experiments\\outputs_10seed\\risk_matrices\\stable_tail_matrix_ens_raw_r030_splitB_seed6_floor_0p01",
      "largest_component_nodes": 4357,
      "largest_component_edges": 6650,
      "re_threshold": "p75",
      "re_threshold_value": 0.003072207560762763,
      "risk_diagnostics": {
        "edge_count": 6650,
        "zero_risk_edge_count": 0,
        "zero_risk_edge_ratio": 0.0,
        "risk_min": 1.7881391922713874e-09,
        "risk_p25": 0.0008963255677372217,
        "risk_p50": 0.0015015561948530376,
        "risk_p75": 0.003072207560762763,
        "risk_p90": 0.005265571642667055,
        "risk_p95": 0.06051690131425847,
        "risk_p99": 0.3145795166492462,
        "risk_max": 0.6232205033302307,
        "edge_attribute_zero_ratio": 0.0,
        "S_i_norm_zero_or_near_zero_ratio": 0.0009180628873077806
      }
    },
    {
      "risk_source": "Stable-Tail-MatrixEnsRaw-r030_seed7",
      "risk_dir": "D:\\PyVRP-main\\hazmat_risk_experiments\\outputs_10seed\\risk_matrices\\stable_tail_matrix_ens_raw_r030_splitB_seed7_floor_0p01",
      "largest_component_nodes": 4357,
      "largest_component_edges": 6650,
      "re_threshold": "p75",
      "re_threshold_value": 0.003440072061493993,
      "risk_diagnostics": {
        "edge_count": 6650,
        "zero_risk_edge_count": 0,
        "zero_risk_edge_ratio": 0.0,
        "risk_min": 2.2888182016345127e-08,
        "risk_p25": 0.0005682715709554031,
        "risk_p50": 0.0012968667433597147,
        "risk_p75": 0.003440072061493993,
        "risk_p90": 0.006065815687179565,
        "risk_p95": 0.05038974154740571,
        "risk_p99": 0.3167484700679779,
        "risk_max": 0.6328732967376709,
        "edge_attribute_zero_ratio": 0.0,
        "S_i_norm_zero_or_near_zero_ratio": 0.001606610052788616
      }
    },
    {
      "risk_source": "Stable-Tail-MatrixEnsRaw-r030_seed8",