beta,lambda_concentration,runs,pyvrp_cost_mean,pyvrp_cost_std,global_risk_mean,global_risk_std,global_cvar90_mean,global_cvar90_std,max_vehicle_risk_mean,max_vehicle_risk_std,max_vehicle_cvar90_mean,max_vehicle_cvar90_std,vehicle_risk_gini_mean,vehicle_risk_gini_std,risk_variance_mean,risk_variance_std,edge_burden_gini_used_mean,edge_burden_gini_used_std,top10_burden_share_mean,top10_burden_share_std,max_edge_burden_mean,max_edge_burden_std,cost_increase_pct,risk_reduction_pct
0.0,0.0,10,133997.6,0.6992058987801011,6.695491768369538,0.8878957080283635,0.1955704078282173,0.042244842039667746,2.18940932792284,0.44041228150349326,0.3696592786832757,0.10791721365638818,0.21691455591151287,0.07516606195867434,0.32272182426011287,0.2317130865498975,0.8758152178682609,0.010542993498890261,0.8924968612444129,0.010809339344978441,1.1110070586204528,0.4097443116374253,0.0,0.0
3.0,1.0,10,181984.1,112.6878185273122,1.4851571186874934,0.010277471325529147,0.022530760073355333,0.000756157160421543,0.46971806512447073,0.0027882986712915517,0.04381809190381318,7.253053957920497e-07,0.22649368524451874,0.006318727102994626,0.014686804198705222,0.0005969526173759425,0.6667650535847663,0.002534122797090193,0.5901555221664635,0.002710484302247086,0.26533424854278564,0.0,0.3581146229484707,0.7781855059990713
