beta,lambda_concentration,runs,pyvrp_cost_mean,pyvrp_cost_std,global_risk_mean,global_risk_std,global_cvar90_mean,global_cvar90_std,max_vehicle_risk_mean,max_vehicle_risk_std,max_vehicle_cvar90_mean,max_vehicle_cvar90_std,vehicle_risk_gini_mean,vehicle_risk_gini_std,risk_variance_mean,risk_variance_std,edge_burden_gini_used_mean,edge_burden_gini_used_std,top10_burden_share_mean,top10_burden_share_std,max_edge_burden_mean,max_edge_burden_std,cost_increase_pct,risk_reduction_pct
0.0,0.0,10,133997.6,0.6992058987801011,7.481776232182165,0.8378066482709092,0.21962451301996952,0.04774618540153266,2.23880661808289,0.39332624998912863,0.38111902465356423,0.0994850503202455,0.1591023552359919,0.06117642089146695,0.24544232997041612,0.17378543894855136,0.88440046098426,0.0077633012878152675,0.9022285132554938,0.006709771775872623,1.175433737039566,0.37215588155034446,0.0,0.0
2.0,1.0,10,185004.6,629.2768689359064,1.9813901088877173,0.09147547580725925,0.035899885955110594,0.0023968243654738388,0.9088610284175956,0.005937518130892475,0.0987798292733108,0.0118853415513258,0.3353550825275503,0.0080289829513745,0.07271634082920242,0.0028998883517681678,0.7549925029527695,0.008641039166972465,0.6894527021166439,0.011942525337207684,0.6722076535224915,0.0,0.380656071452026,0.7351711615798281
