beta,lambda_concentration,runs,pyvrp_cost_mean,pyvrp_cost_std,global_risk_mean,global_risk_std,global_cvar90_mean,global_cvar90_std,max_vehicle_risk_mean,max_vehicle_risk_std,max_vehicle_cvar90_mean,max_vehicle_cvar90_std,vehicle_risk_gini_mean,vehicle_risk_gini_std,risk_variance_mean,risk_variance_std,edge_burden_gini_used_mean,edge_burden_gini_used_std,top10_burden_share_mean,top10_burden_share_std,max_edge_burden_mean,max_edge_burden_std,cost_increase_pct,risk_reduction_pct
0.0,0.0,10,146930.6,561.251815141831,7.043991133648852,0.5674548780641221,0.21398204240800922,0.03384709296987015,2.344310636676951,0.4050762482438066,0.34278948991256175,0.07138793512223793,0.22307113417830707,0.047112579054487735,0.36373941281942224,0.19661437846434063,0.8755762282058528,0.005904550339908722,0.893219164604736,0.007447178679549825,0.9486429076197054,0.27271566129481545,0.0,0.0
1.0,0.0,10,174685.4,382.0166372176886,2.9768119951094087,0.2279586272240444,0.06804843320639442,0.0041587679843695935,1.1751396232736675,0.06373918675423258,0.1484185843462717,0.007328866129130736,0.3296660050154931,0.049314866500237094,0.1333291919420973,0.04332034672418718,0.8099759171476457,0.00903391809973323,0.7818725949455935,0.013735990084782015,0.5510827999938176,1.1702778228589004e-16,0.1888973433716325,0.5773969701793236
