{
  "model": "stable_tail_rc_gnn",
  "source_model": "gcn_teg_concat",
  "seed": 1,
  "delta": 0.05,
  "risk_mode": "exposure_floor",
  "exposure_delta": 0.01,
  "posthoc_formula": "clip(S_i_norm + delta * P_high * (1 - S_i_norm), 0, 1)",
  "risk_summaries": {
    "data_2020": {
      "edge_count": 6603,
      "risk_min": 7.538388583019731e-20,
      "risk_max": 0.9008935123501111,
      "risk_mean": 0.019643030964934038,
      "risk_p25": 0.0006349919507977733,
      "risk_p50": 0.0015082896827768807,
      "risk_p75": 0.0038895040042715868,
      "risk_p90": 0.008637472028803078,
      "risk_p95": 0.07986864659545488,
      "risk_p99": 0.44039829203100445,
      "zero_risk_edge_count": 4,
      "zero_risk_edge_ratio": 0.0006057852491291837,
      "edge_attribute_zero_ratio": 0.928365894290474,
      "matrix_5x8": [
        [
          4,
          697,
          334,
          103,
          67,
          33,
          67,
          16
        ],
        [
          0,
          693,
          265,
          99,
          73,
          39,
          82,
          70
        ],
        [
          0,
          652,
          274,
          124,
          120,
          27,
          75,
          48
        ],
        [
          0,
          668,
          292,
          117,
          62,
          35,
          99,
          48
        ],
        [
          0,
          573,
          373,
          127,
          74,
          29,
          99,
          45
        ]
      ]
    },
    "data_2021": {
      "edge_count": 7647,
      "risk_min": 5.24903162394662e-21,
      "risk_max": 0.8746748205999215,
      "risk_mean": 0.01663160145926533,
      "risk_p25": 0.000644508568769728,
      "risk_p50": 0.0014805254859440254,
      "risk_p75": 0.0035115402559836163,
      "risk_p90": 0.008559885264825885,
      "risk_p95": 0.06037192482050225,
      "risk_p99": 0.4322742114541173,
      "zero_risk_edge_count": 10,
      "zero_risk_edge_ratio": 0.0013077023669412842,
      "edge_attribute_zero_ratio": 0.9314763959722767,
      "matrix_5x8": [
        [
          1,
          845,
          379,
          190,
          28,
          22,
          62,
          3
        ],
        [
          3,
          854,
          275,
          113,
          62,
          91,
          83,
          48
        ],
        [
          1,
          766,
          327,
          161,
          89,
          68,
          83,
          35
        ],
        [
          2,
          745,
          332,
          161,
          125,
          48,
          80,
          36
        ],
        [
          3,
          735,
          387,
          130,
          56,
          69,
          124,
          25
        ]
      ]
    }
  }
}