beta,lambda_concentration,runs,pyvrp_cost_mean,pyvrp_cost_std,global_risk_mean,global_risk_std,global_cvar90_mean,global_cvar90_std,max_vehicle_risk_mean,max_vehicle_risk_std,max_vehicle_cvar90_mean,max_vehicle_cvar90_std,vehicle_risk_gini_mean,vehicle_risk_gini_std,risk_variance_mean,risk_variance_std,edge_burden_gini_used_mean,edge_burden_gini_used_std,top10_burden_share_mean,top10_burden_share_std,max_edge_burden_mean,max_edge_burden_std,cost_increase_pct,risk_reduction_pct
0.0,0.0,10,146730.9,582.7275807213293,8.111521727916301,0.6108490467552742,0.2365815687675123,0.028291762449978806,2.7588870162260717,0.27509907760676994,0.39304793601234755,0.05379406736605499,0.23555820735093236,0.03569353471836888,0.5261584905784555,0.17330804004821415,0.8653532569660497,0.005763385001276907,0.8915949355705584,0.007956294635064589,1.0200842142105102,0.35842105800981244,0.0,0.0
1.0,0.0,10,181576.9,367.8077547366891,3.824150085510586,0.25131360097781014,0.09236878859187755,0.018551943141439455,1.3714634919684614,0.1538404960070418,0.16361165601826672,0.025251592847922645,0.32801769486961646,0.05251040060711508,0.20765521496028114,0.05872498590046793,0.8150949461831353,0.004966704258225015,0.8008946508131963,0.009638417600022995,0.842739462852478,0.0,0.2374823571585808,0.5285533080247979
