{
  "model": "gcn_teg_concat",
  "split": "B",
  "seed": 9,
  "epochs": 50,
  "risk_mode": "exposure_floor",
  "exposure_delta": 0.01,
  "experiment_tag": "10seed",
  "alpha_ord": 0.3,
  "alpha_hr": 0.5,
  "alpha_topk": 0.1,
  "metrics": {
    "data_2020_train": {
      "macro_f1": 0.4742429597284907,
      "weighted_f1": 0.7369517380886467,
      "mae": 0.7278050082569307,
      "qwk": 0.6673907601781717,
      "recall_6_8": 0.675,
      "precision_6_8": 0.7297297297297297,
      "pr_auc_high": 0.8184464484587455,
      "high_fn_rate": 0.325
    },
    "data_2021_train": {
      "macro_f1": 0.6552310890112426,
      "weighted_f1": 0.8088057789763617,
      "mae": 0.5183638826299652,
      "qwk": 0.7551448574998232,
      "recall_6_8": 0.8,
      "precision_6_8": 0.8,
      "pr_auc_high": 0.9377768205421458,
      "high_fn_rate": 0.2
    },
    "data_2021_test": {
      "macro_f1": 0.2910286958924857,
      "weighted_f1": 0.6159859041167302,
      "mae": 1.265489946672882,
      "qwk": 0.20580552054218948,
      "recall_6_8": 0.19230769230769232,
      "precision_6_8": 0.35714285714285715,
      "pr_auc_high": 0.28938169385182344,
      "high_fn_rate": 0.8076923076923077
    }
  },
  "split_sizes": {
    "data_2020": {
      "train": 419,
      "val": 0,
      "test": 0
    },
    "data_2021": {
      "train": 221,
      "val": 0,
      "test": 222
    }
  },
  "risk_summaries": {
    "data_2020": {
      "edge_count": 6603,
      "risk_min": 1.7029898324860682e-10,
      "risk_max": 0.8803922533988953,
      "risk_mean": 0.018204083666205406,
      "risk_p25": 0.0006696601049043238,
      "risk_p50": 0.0016339016146957874,
      "risk_p75": 0.0034729798790067434,
      "risk_p90": 0.008539814502000809,
      "risk_p95": 0.07347820699214935,
      "risk_p99": 0.4312606453895569,
      "zero_risk_edge_count": 0,
      "zero_risk_edge_ratio": 0.0,
      "edge_attribute_zero_ratio": 0.928365894290474,
      "matrix_5x8": [
        [
          0,
          535,
          428,
          196,
          66,
          10,
          72,
          14
        ],
        [
          0,
          704,
          280,
          122,
          44,
          22,
          82,
          67
        ],
        [
          0,
          633,
          309,
          169,
          80,
          44,
          40,
          45
        ],
        [
          0,
          646,
          296,
          151,
          48,
          23,
          120,
          37
        ],
        [
          0,
          534,
          413,
          154,
          68,
          27,
          91,
          33
        ]
      ]
    },
    "data_2021": {
      "edge_count": 7647,
      "risk_min": 0.0,
      "risk_max": 0.8755898475646973,
      "risk_mean": 0.015773646533489227,
      "risk_p25": 0.0007403573836199939,
      "risk_p50": 0.0017256784485653043,
      "risk_p75": 0.0035024257376790047,
      "risk_p90": 0.008351588621735573,
      "risk_p95": 0.06006116047501564,
      "risk_p99": 0.42175522446632385,
      "zero_risk_edge_count": 4,
      "zero_risk_edge_ratio": 0.0005230809467765136,
      "edge_attribute_zero_ratio": 0.9314763959722767,
      "matrix_5x8": [
        [
          1,
          622,
          533,
          260,
          35,
          21,
          54,
          4
        ],
        [
          3,
          797,
          316,
          151,
          119,
          28,
          60,
          55
        ],
        [
          0,
          772,
          338,
          183,
          90,
          66,
          51,
          30
        ],
        [
          0,
          679,
          398,
          183,
          92,
          89,
          52,
          36
        ],
        [
          0,
          587,
          541,
          160,
          80,
          56,
          74,
          31
        ]
      ]
    }
  }
}