beta,lambda_concentration,runs,pyvrp_cost_mean,pyvrp_cost_std,global_risk_mean,global_risk_std,global_cvar90_mean,global_cvar90_std,max_vehicle_risk_mean,max_vehicle_risk_std,max_vehicle_cvar90_mean,max_vehicle_cvar90_std,vehicle_risk_gini_mean,vehicle_risk_gini_std,risk_variance_mean,risk_variance_std,edge_burden_gini_used_mean,edge_burden_gini_used_std,top10_burden_share_mean,top10_burden_share_std,max_edge_burden_mean,max_edge_burden_std,cost_increase_pct,risk_reduction_pct
0.0,0.0,10,134064.9,210.5033385852955,8.102040173529593,0.9931563749575614,0.25590756738140696,0.055188632453876736,2.325646939942502,0.3208787581651771,0.4122786138405923,0.08827608547795915,0.17121552118637634,0.050866368013677145,0.302284773025981,0.19618372479690405,0.8856622635881122,0.007270075017414528,0.903283850790857,0.008835174671999292,1.3399915171701011,0.40380905801833433,0.0,0.0
1.0,0.0,10,158190.8,174.96463134651594,3.032220550467967,0.24499644047446525,0.0696523572057419,0.01171442629693967,0.9102712181684426,0.06506458941739149,0.10829775179170383,0.017659404873537673,0.22835757084572122,0.06339314615042024,0.06499169332092668,0.026137904765427614,0.8194248274572986,0.009235073455708145,0.7964686017142575,0.014224238327927772,0.6786520173188179,0.0,0.17995687163455903,0.6257460484613188
