beta,lambda_concentration,runs,pyvrp_cost_mean,pyvrp_cost_std,global_risk_mean,global_risk_std,global_cvar90_mean,global_cvar90_std,max_vehicle_risk_mean,max_vehicle_risk_std,max_vehicle_cvar90_mean,max_vehicle_cvar90_std,vehicle_risk_gini_mean,vehicle_risk_gini_std,risk_variance_mean,risk_variance_std,edge_burden_gini_used_mean,edge_burden_gini_used_std,top10_burden_share_mean,top10_burden_share_std,max_edge_burden_mean,max_edge_burden_std,cost_increase_pct,risk_reduction_pct
0.0,0.0,10,133997.5,0.7071067811865476,7.634359459279222,0.7569065934968594,0.22940545393112005,0.0488305727532225,2.3850960514530017,0.5412785152561177,0.4157186182209157,0.12664737713114307,0.16646369443657227,0.070886162005009,0.3151727784179542,0.2739723559910893,0.8857831307147078,0.007955478707785636,0.903934278523716,0.006752502441223812,1.2524773240089417,0.3978513723526327,0.0,0.0
3.0,1.0,10,196831.1,690.5700463304855,1.942651747205673,0.009217823392918136,0.03519655116178657,0.0006677510177453454,0.9086754574527731,0.007756492333910444,0.11533626117743553,0.011750417694311753,0.33064579366162516,0.007222496224193744,0.07182809414421613,0.0021196448798315474,0.751180178286487,0.002678070195928669,0.6832455000278084,0.0033131766270937703,0.6722076535224915,0.0,0.4689162111233419,0.7455383444323921
