beta,lambda_concentration,runs,pyvrp_cost_mean,pyvrp_cost_std,global_risk_mean,global_risk_std,global_cvar90_mean,global_cvar90_std,max_vehicle_risk_mean,max_vehicle_risk_std,max_vehicle_cvar90_mean,max_vehicle_cvar90_std,vehicle_risk_gini_mean,vehicle_risk_gini_std,risk_variance_mean,risk_variance_std,edge_burden_gini_used_mean,edge_burden_gini_used_std,top10_burden_share_mean,top10_burden_share_std,max_edge_burden_mean,max_edge_burden_std,cost_increase_pct,risk_reduction_pct
0.0,0.0,10,133997.6,0.6992058987801011,8.69287802648689,0.8377087577147349,0.27013975032027615,0.04820810533516325,2.466839912419892,0.25996244197654,0.4122041536611373,0.09025045278194833,0.14537717539044656,0.029095567184553375,0.2483218849615371,0.09657540956246775,0.8617401712132609,0.008445607720864319,0.8918449027152724,0.010354026976777312,1.144476120914256,0.4065463138524971,0.0,0.0
1.0,0.0,10,160276.1,262.6719331113327,3.8416972264926015,0.15863636118241844,0.10553627771466612,0.010046913016413205,1.1342598869007101,0.07657280516948275,0.14751999911078598,0.012639471762461385,0.22761529134804698,0.05938159764641204,0.10471362370699537,0.04606172623740933,0.7990953504167362,0.003720987782843835,0.7942861026770021,0.006536699001535002,0.8919868723937798,0.0,0.19611172140396543,0.5580638294029152
