beta,lambda_concentration,runs,pyvrp_cost_mean,pyvrp_cost_std,global_risk_mean,global_risk_std,global_cvar90_mean,global_cvar90_std,max_vehicle_risk_mean,max_vehicle_risk_std,max_vehicle_cvar90_mean,max_vehicle_cvar90_std,vehicle_risk_gini_mean,vehicle_risk_gini_std,risk_variance_mean,risk_variance_std,edge_burden_gini_used_mean,edge_burden_gini_used_std,top10_burden_share_mean,top10_burden_share_std,max_edge_burden_mean,max_edge_burden_std,cost_increase_pct,risk_reduction_pct
0.0,0.0,5,133997.4,0.5477225575051661,8.026111638976726,0.9169736618679274,0.24151226369326667,0.04629504935972341,2.5899298932170494,0.4153080849906341,0.40234159131534397,0.12671189808699845,0.21925246558515657,0.05115039423287242,0.4628129810925398,0.2660510385894174,0.8408365721872453,0.010395113239415199,0.8700129096843241,0.009245415291265506,1.1622605562210082,0.3073576808936218,0.0,0.0
1.0,0.0,5,159904.8,404.19327060207223,3.2071646863012573,0.09660700010073027,0.06519023625862577,0.009317010492801056,1.1480218550073915,0.14091186955144022,0.12267198842018842,0.00993678628573834,0.27738160808703904,0.04560360169237631,0.1134932060087382,0.03112452423461211,0.7132858159032615,0.009560894719776883,0.704388801143424,0.010569632832515826,0.5124030113220215,0.0,0.1933425573929046,0.60040866230578
