beta,lambda_concentration,runs,pyvrp_cost_mean,pyvrp_cost_std,global_risk_mean,global_risk_std,global_cvar90_mean,global_cvar90_std,max_vehicle_risk_mean,max_vehicle_risk_std,max_vehicle_cvar90_mean,max_vehicle_cvar90_std,vehicle_risk_gini_mean,vehicle_risk_gini_std,risk_variance_mean,risk_variance_std,edge_burden_gini_used_mean,edge_burden_gini_used_std,top10_burden_share_mean,top10_burden_share_std,max_edge_burden_mean,max_edge_burden_std,cost_increase_pct,risk_reduction_pct
0.0,0.0,3,146220.66666666666,383.9379290111011,11.74964018682173,1.3195896508023113,0.20968623511426632,0.011875824476964985,3.956832905377572,0.27501524074590206,0.6265905532572004,0.0602936352353778,0.2240361991560568,0.029553221656111062,0.9227266003692017,0.13500097189074373,0.8627521636381791,0.006940060740260857,0.8994359662983543,0.009833933639837126,1.5442407131195068,0.3946989139726407,0.0,0.0
1.0,0.0,3,179037.0,95.28378665859161,5.785073530588609,0.6529057904497098,0.11011104746602629,0.010569576634396631,1.9780756590965514,0.24455523737539667,0.1985798735644609,0.02479046615132383,0.28763291384551515,0.05777417003483168,0.4271404088894564,0.22214622718324806,0.8111288433788825,0.010954095112897045,0.8170186363734043,0.020015841792729337,0.8692386945088705,0.07484241403315733,0.2244301991054617,0.5076382392477352
