{
  "name": "fusion_gcn_teg_low_rho050_splitB_seed1_epochs50_10seed_floor_0p01",
  "risk_dirs": [
    "D:\\PyVRP-main\\hazmat_risk_experiments\\outputs_10seed\\risk_matrices\\gcn_splitB_seed1_epochs50_10seed_floor_0p01",
    "D:\\PyVRP-main\\hazmat_risk_experiments\\outputs_10seed\\risk_matrices\\teg_gnn_splitB_seed1_epochs50_teg_low_tail_10seed_floor_0p01"
  ],
  "weights": [
    0.5,
    0.5
  ],
  "ensemble": "mean node probabilities",
  "summaries": [
    {
      "year": "data_2020",
      "edge_count": 6603,
      "risk_mean": 0.02007792812137404,
      "risk_p95": 0.11064503010415459,
      "risk_p99": 0.4324778865146351,
      "risk_max": 0.8696422543642777
    },
    {
      "year": "data_2021",
      "edge_count": 7647,
      "risk_mean": 0.017030465424074784,
      "risk_p95": 0.09505862859058983,
      "risk_p99": 0.39158034741522285,
      "risk_max": 0.855213088372416
    }
  ]
}