{
  "model": "edge_gat",
  "split": "B",
  "seed": 5,
  "epochs": 50,
  "risk_mode": "exposure_floor",
  "exposure_delta": 0.01,
  "experiment_tag": "10seed",
  "alpha_ord": 0.5,
  "alpha_hr": 1.0,
  "alpha_topk": 0.3,
  "metrics": {
    "data_2020_train": {
      "macro_f1": 0.6008009736240804,
      "weighted_f1": 0.7832315422218742,
      "mae": 0.9820324071085972,
      "qwk": 0.6755784295864455,
      "recall_6_8": 0.7,
      "precision_6_8": 0.8484848484848485,
      "pr_auc_high": 0.8894249735638416,
      "high_fn_rate": 0.3
    },
    "data_2021_train": {
      "macro_f1": 0.7730609668109669,
      "weighted_f1": 0.8560501589913355,
      "mae": 0.8725827749293759,
      "qwk": 0.768858209435541,
      "recall_6_8": 0.8,
      "precision_6_8": 0.8695652173913043,
      "pr_auc_high": 0.9210856620025636,
      "high_fn_rate": 0.2
    },
    "data_2021_test": {
      "macro_f1": 0.32897400218828793,
      "weighted_f1": 0.6422452279595138,
      "mae": 1.3553286868846568,
      "qwk": 0.27770809790505047,
      "recall_6_8": 0.23076923076923078,
      "precision_6_8": 0.46153846153846156,
      "pr_auc_high": 0.39289751495763336,
      "high_fn_rate": 0.7692307692307693
    }
  },
  "split_sizes": {
    "data_2020": {
      "train": 419,
      "val": 0,
      "test": 0
    },
    "data_2021": {
      "train": 221,
      "val": 0,
      "test": 222
    }
  },
  "risk_summaries": {
    "data_2020": {
      "edge_count": 6603,
      "risk_min": 3.286770322574739e-08,
      "risk_max": 0.9117392301559448,
      "risk_mean": 0.02220246009528637,
      "risk_p25": 0.0017988497857004404,
      "risk_p50": 0.002738167531788349,
      "risk_p75": 0.0038912587333470583,
      "risk_p90": 0.008521818555891514,
      "risk_p95": 0.15304571390151978,
      "risk_p99": 0.43041908740997314,
      "zero_risk_edge_count": 0,
      "zero_risk_edge_ratio": 0.0,
      "edge_attribute_zero_ratio": 0.928365894290474,
      "matrix_5x8": [
        [
          0,
          165,
          586,
          401,
          71,
          35,
          46,
          17
        ],
        [
          0,
          313,
          504,
          249,
          63,
          67,
          116,
          9
        ],
        [
          0,
          216,
          510,
          326,
          144,
          48,
          74,
          2
        ],
        [
          0,
          224,
          554,
          298,
          92,
          55,
          70,
          28
        ],
        [
          0,
          145,
          473,
          472,
          70,
          50,
          98,
          12
        ]
      ]
    },
    "data_2021": {
      "edge_count": 7647,
      "risk_min": 0.0,
      "risk_max": 0.852575957775116,
      "risk_mean": 0.019142834469676018,
      "risk_p25": 0.0018292937893420458,
      "risk_p50": 0.0027199103496968746,
      "risk_p75": 0.0037153949961066246,
      "risk_p90": 0.00805230438709259,
      "risk_p95": 0.1322174072265625,
      "risk_p99": 0.3946783244609833,
      "zero_risk_edge_count": 1,
      "zero_risk_edge_ratio": 0.0001307702366941284,
      "edge_attribute_zero_ratio": 0.9314763959722767,
      "matrix_5x8": [
        [
          0,
          217,
          690,
          502,
          49,
          27,
          43,
          2
        ],
        [
          0,
          369,
          575,
          384,
          43,
          45,
          112,
          1
        ],
        [
          0,
          216,
          666,
          438,
          83,
          46,
          79,
          2
        ],
        [
          0,
          240,
          640,
          414,
          123,
          46,
          55,
          11
        ],
        [
          1,
          203,
          562,
          546,
          72,
          65,
          76,
          4
        ]
      ]
    }
  }
}