{
  "model": "gcn_teg_concat",
  "split": "B",
  "seed": 4,
  "epochs": 50,
  "risk_mode": "exposure_floor",
  "exposure_delta": 0.01,
  "experiment_tag": "10seed",
  "alpha_ord": 0.3,
  "alpha_hr": 0.5,
  "alpha_topk": 0.1,
  "metrics": {
    "data_2020_train": {
      "macro_f1": 0.4443261454465125,
      "weighted_f1": 0.7333884105432714,
      "mae": 0.730369263353128,
      "qwk": 0.7112038701116328,
      "recall_6_8": 0.8,
      "precision_6_8": 0.7272727272727273,
      "pr_auc_high": 0.8835753141620363,
      "high_fn_rate": 0.2
    },
    "data_2021_train": {
      "macro_f1": 0.5174731085843256,
      "weighted_f1": 0.770493465875132,
      "mae": 0.6303654821443909,
      "qwk": 0.7454102855474818,
      "recall_6_8": 0.8,
      "precision_6_8": 0.8,
      "pr_auc_high": 0.9250818022706568,
      "high_fn_rate": 0.2
    },
    "data_2021_test": {
      "macro_f1": 0.31579677239694215,
      "weighted_f1": 0.6155844380236005,
      "mae": 1.2170471496265307,
      "qwk": 0.3036142609527923,
      "recall_6_8": 0.3076923076923077,
      "precision_6_8": 0.47058823529411764,
      "pr_auc_high": 0.4352692508810207,
      "high_fn_rate": 0.6923076923076923
    }
  },
  "split_sizes": {
    "data_2020": {
      "train": 419,
      "val": 0,
      "test": 0
    },
    "data_2021": {
      "train": 221,
      "val": 0,
      "test": 222
    }
  },
  "risk_summaries": {
    "data_2020": {
      "edge_count": 6603,
      "risk_min": 5.108969247658024e-09,
      "risk_max": 0.9131183624267578,
      "risk_mean": 0.019630303606390953,
      "risk_p25": 0.0008398313075304031,
      "risk_p50": 0.0018447936745360494,
      "risk_p75": 0.0039820256642997265,
      "risk_p90": 0.00867845956236124,
      "risk_p95": 0.08537370711565018,
      "risk_p99": 0.4382622241973877,
      "zero_risk_edge_count": 0,
      "zero_risk_edge_ratio": 0.0,
      "edge_attribute_zero_ratio": 0.928365894290474,
      "matrix_5x8": [
        [
          0,
          605,
          394,
          165,
          38,
          25,
          21,
          73
        ],
        [
          0,
          608,
          324,
          124,
          75,
          21,
          41,
          128
        ],
        [
          0,
          558,
          311,
          210,
          84,
          43,
          47,
          67
        ],
        [
          0,
          563,
          344,
          186,
          36,
          46,
          66,
          80
        ],
        [
          0,
          513,
          398,
          174,
          64,
          26,
          43,
          102
        ]
      ]
    },
    "data_2021": {
      "edge_count": 7647,
      "risk_min": 1.19209286886246e-09,
      "risk_max": 0.901222288608551,
      "risk_mean": 0.018122117966413498,
      "risk_p25": 0.0008803981472738087,
      "risk_p50": 0.001874821144156158,
      "risk_p75": 0.003694303799420595,
      "risk_p90": 0.008579960092902184,
      "risk_p95": 0.07173348218202591,
      "risk_p99": 0.43328800797462463,
      "zero_risk_edge_count": 0,
      "zero_risk_edge_ratio": 0.0,
      "edge_attribute_zero_ratio": 0.9314763959722767,
      "matrix_5x8": [
        [
          0,
          681,
          529,
          185,
          49,
          15,
          30,
          41
        ],
        [
          0,
          742,
          340,
          166,
          71,
          71,
          45,
          94
        ],
        [
          0,
          649,
          408,
          207,
          69,
          92,
          44,
          61
        ],
        [
          0,
          609,
          378,
          176,
          91,
          143,
          81,
          51
        ],
        [
          0,
          570,
          485,
          178,
          69,
          88,
          54,
          85
        ]
      ]
    }
  }
}