beta,lambda_concentration,runs,pyvrp_cost_mean,pyvrp_cost_std,global_risk_mean,global_risk_std,global_cvar90_mean,global_cvar90_std,max_vehicle_risk_mean,max_vehicle_risk_std,max_vehicle_cvar90_mean,max_vehicle_cvar90_std,vehicle_risk_gini_mean,vehicle_risk_gini_std,risk_variance_mean,risk_variance_std,edge_burden_gini_used_mean,edge_burden_gini_used_std,top10_burden_share_mean,top10_burden_share_std,max_edge_burden_mean,max_edge_burden_std,cost_increase_pct,risk_reduction_pct
0.0,0.0,10,146730.9,582.7275807213293,7.8967481224292255,0.6427201839793081,0.22610579484779808,0.021253480222623893,2.69367231487995,0.2778745869439648,0.410067822627191,0.08030268328060897,0.24727153575414906,0.03203458092313613,0.5373846773019701,0.16287586749714159,0.8804099425880038,0.005973689723189332,0.9032409184674867,0.006880401504475616,1.0408714771270753,0.3657249576917124,0.0,0.0
1.0,0.0,10,172466.1,246.51547168033446,2.534511814634822,0.2939892232601544,0.05308979497993739,0.007996616423607831,0.9233293153956765,0.18989112609047404,0.093069728042206,0.025862511650328376,0.2877985466129348,0.05921557381785146,0.07859231185755486,0.04491968805160652,0.7881447770382877,0.025949016766356008,0.744286020215665,0.03785367194525485,0.3597573280334473,0.03489061852616641,0.17539045967822736,0.6790436043620668
1.0,1.0,10,180717.2,321.0094494974668,2.1388227112890057,0.10108401767650706,0.043044427982405396,0.002145411925905949,0.7384198709114571,0.0654468280035774,0.07132080550017278,0.005313054826788839,0.2302459431258317,0.044486008938864494,0.03451197340231595,0.010242952872812587,0.7535996008636131,0.008115231407489714,0.6960218890576799,0.012370358462175374,0.3396504521369934,0.0,0.23162333223608672,0.7291514585333155
