beta,lambda_concentration,runs,pyvrp_cost_mean,pyvrp_cost_std,global_risk_mean,global_risk_std,global_cvar90_mean,global_cvar90_std,max_vehicle_risk_mean,max_vehicle_risk_std,max_vehicle_cvar90_mean,max_vehicle_cvar90_std,vehicle_risk_gini_mean,vehicle_risk_gini_std,risk_variance_mean,risk_variance_std,edge_burden_gini_used_mean,edge_burden_gini_used_std,top10_burden_share_mean,top10_burden_share_std,max_edge_burden_mean,max_edge_burden_std,cost_increase_pct,risk_reduction_pct
0.0,0.0,10,146730.9,582.7275807213293,12.702123707614373,0.8220766027144195,0.3202768101940402,0.1025802481144553,3.9989465730381197,0.3372616381133524,0.5621474661216849,0.08747377205614089,0.19878903544348495,0.0359146709143377,0.8931229948225976,0.29591720920591796,0.8574195354193241,0.005151077292936103,0.8902633197609692,0.012036388332537803,1.5359803676605224,0.24455969388015467,0.0,0.0
1.0,0.0,10,182755.7,346.09569967471907,5.6266581623232925,0.40487751007184053,0.11283001948497726,0.01128352121702031,1.815681276866235,0.3266852994649706,0.2056096903602814,0.05200159153794608,0.21561171534826049,0.08608770563230943,0.23283027415649676,0.15389975529305733,0.7991746307039407,0.01048745238925166,0.7991168306710057,0.015401492375342904,0.966844916343689,0.0,0.24551611146663735,0.5570301241082298
