beta,lambda_concentration,runs,pyvrp_cost_mean,pyvrp_cost_std,global_risk_mean,global_risk_std,global_cvar90_mean,global_cvar90_std,max_vehicle_risk_mean,max_vehicle_risk_std,max_vehicle_cvar90_mean,max_vehicle_cvar90_std,vehicle_risk_gini_mean,vehicle_risk_gini_std,risk_variance_mean,risk_variance_std,edge_burden_gini_used_mean,edge_burden_gini_used_std,top10_burden_share_mean,top10_burden_share_std,max_edge_burden_mean,max_edge_burden_std,cost_increase_pct,risk_reduction_pct
0.0,0.0,10,146730.9,582.7275807213293,8.642029390211565,0.49351263972220594,0.2556245275734846,0.03297261630841039,3.1965254044276663,0.20540177549203767,0.44589601900605924,0.06043896034036566,0.3176284731158459,0.01898826247391084,1.009513371347895,0.17235996333575868,0.8679115504922266,0.005545891354412363,0.8972020004605655,0.005859691047019498,1.0455425262451172,0.3492240005585465,0.0,0.0
1.0,0.0,10,179293.4,298.2244494038378,4.756926689275446,0.21504008685156736,0.12701490392588505,0.015161231501305971,1.7909921391010812,0.20111021290806164,0.1962946654962642,0.033712932887696404,0.26741353861878475,0.04441079236494946,0.2377280728704886,0.09940174349411449,0.8415182221333378,0.004910954647376831,0.8376556875158169,0.008349357505854598,0.879891037940979,0.0,0.22191985464547687,0.44955907062016587
