{
  "model": "stable_tail_ec_gnn",
  "split": "B",
  "seed": 1,
  "epochs": 50,
  "risk_mode": "exposure_floor",
  "exposure_delta": 0.01,
  "uncertainty_tau": 0.0,
  "experiment_tag": "EC2_d0p10_le0p05",
  "alpha_ord": 0.3,
  "alpha_hr": 0.5,
  "alpha_topk": 0.1,
  "lambda_nll": 0.0,
  "lambda_var": 0.0,
  "ec_delta_max": 0.1,
  "lambda_edge": 0.05,
  "lambda_edge_high": 0.05,
  "lambda_distill": 0.2,
  "lambda_delta": 0.02,
  "ec_teacher_epochs": 50,
  "gamma_unc": 0.5,
  "logvar_min": -5.0,
  "logvar_max": 2.0,
  "metrics": {
    "data_2020_train": {
      "macro_f1": 0.2517603267603268,
      "weighted_f1": 0.6346194818748517,
      "mae": 1.0991704537909197,
      "qwk": 0.5149698646217725,
      "recall_6_8": 0.6,
      "precision_6_8": 0.47058823529411764,
      "pr_auc_high": 0.4766384413564693,
      "high_fn_rate": 0.4,
      "brier": 0.438725084066391,
      "ece": 0.11395522034538104
    },
    "data_2021_train": {
      "macro_f1": 0.2559236822785408,
      "weighted_f1": 0.6219485871940619,
      "mae": 1.0301643794782054,
      "qwk": 0.4852457284707,
      "recall_6_8": 0.52,
      "precision_6_8": 0.48148148148148145,
      "pr_auc_high": 0.5256275263257479,
      "high_fn_rate": 0.48,
      "brier": 0.41293632984161377,
      "ece": 0.10786248507542849
    },
    "data_2021_test": {
      "macro_f1": 0.19955598946643927,
      "weighted_f1": 0.5575785184592079,
      "mae": 1.3581521914789392,
      "qwk": 0.26279684530181546,
      "recall_6_8": 0.2692307692307692,
      "precision_6_8": 0.3333333333333333,
      "pr_auc_high": 0.33915341877951843,
      "high_fn_rate": 0.7307692307692307,
      "brier": 0.540305495262146,
      "ece": 0.09301874920860066
    }
  },
  "split_sizes": {
    "data_2020": {
      "train": 419,
      "val": 0,
      "test": 0
    },
    "data_2021": {
      "train": 221,
      "val": 0,
      "test": 222
    }
  },
  "risk_summaries": {
    "data_2020": {
      "edge_count": 6603,
      "risk_min": 0.0,
      "risk_max": 0.7791567444801331,
      "risk_mean": 0.019846413284540176,
      "risk_p25": 0.0007647529128007591,
      "risk_p50": 0.0016247301828116179,
      "risk_p75": 0.00453147292137146,
      "risk_p90": 0.0074803768657147884,
      "risk_p95": 0.10638254135847092,
      "risk_p99": 0.4755626618862152,
      "zero_risk_edge_count": 361,
      "zero_risk_edge_ratio": 0.05467211873390883,
      "edge_attribute_zero_ratio": 0.928365894290474,
      "matrix_5x8": [
        [
          0,
          586,
          396,
          98,
          73,
          78,
          74,
          16
        ],
        [
          0,
          595,
          328,
          104,
          63,
          93,
          72,
          66
        ],
        [
          0,
          512,
          353,
          129,
          91,
          146,
          62,
          27
        ],
        [
          0,
          505,
          401,
          125,
          78,
          119,
          74,
          19
        ],
        [
          0,
          422,
          446,
          122,
          102,
          117,
          86,
          25
        ]
      ]
    },
    "data_2021": {
      "edge_count": 7647,
      "risk_min": 0.0,
      "risk_max": 0.7843290567398071,
      "risk_mean": 0.018365658819675446,
      "risk_p25": 0.0007862265920266509,
      "risk_p50": 0.0016804317710921168,
      "risk_p75": 0.004547248128801584,
      "risk_p90": 0.007055180612951517,
      "risk_p95": 0.08921325951814651,
      "risk_p99": 0.4499909281730652,
      "zero_risk_edge_count": 350,
      "zero_risk_edge_ratio": 0.045769582842944946,
      "edge_attribute_zero_ratio": 0.9314763959722767,
      "matrix_5x8": [
        [
          0,
          691,
          488,
          107,
          101,
          82,
          56,
          5
        ],
        [
          0,
          706,
          377,
          100,
          120,
          127,
          53,
          46
        ],
        [
          0,
          558,
          472,
          145,
          142,
          129,
          56,
          28
        ],
        [
          0,
          576,
          426,
          136,
          179,
          123,
          77,
          12
        ],
        [
          0,
          495,
          513,
          159,
          121,
          130,
          90,
          21
        ]
      ]
    }
  }
}