beta,lambda_concentration,runs,pyvrp_cost_mean,pyvrp_cost_std,global_risk_mean,global_risk_std,global_cvar90_mean,global_cvar90_std,max_vehicle_risk_mean,max_vehicle_risk_std,max_vehicle_cvar90_mean,max_vehicle_cvar90_std,vehicle_risk_gini_mean,vehicle_risk_gini_std,risk_variance_mean,risk_variance_std,edge_burden_gini_used_mean,edge_burden_gini_used_std,top10_burden_share_mean,top10_burden_share_std,max_edge_burden_mean,max_edge_burden_std,cost_increase_pct,risk_reduction_pct
0.0,0.0,10,146730.9,582.7275807213293,13.040231893176525,0.8742292911458084,0.2569159689213166,0.12902906378078452,4.381839232938364,0.5069324061740108,0.6088076673731917,0.056847288103117594,0.2370012774650408,0.035874055766801506,1.3803446027308741,0.40336811445094733,0.876822005370688,0.004954773241977957,0.9103508523174382,0.008712367760028197,1.2179493665695191,0.4133425755657637,0.0,0.0
1.0,0.0,10,178054.0,272.24539583904,5.633449659608976,0.3672164332236843,0.08237556827500607,0.00861484121751814,1.9910585082907346,0.14809562910340127,0.16172238086999363,0.039166043350010636,0.29975813616153774,0.06844470642093038,0.40664259426230825,0.16633485094560327,0.8479489219858036,0.004642619188541813,0.8275218858333637,0.010423456564237828,1.0099999904632568,0.0,0.2134730993948787,0.5679946717391336
2.0,0.0,10,195721.9,374.4282901230146,4.660804250941067,0.17851599897300446,0.06532298591088558,0.002981237251056865,1.8222570038487902,0.019909820514713315,0.09568302784381169,0.012729777255698776,0.32546253717633766,0.057051753294464644,0.32458274233120793,0.08556580512921702,0.8280206386610676,0.005536147685926123,0.791652630330372,0.008374929350817871,1.0099999904632568,0.0,0.3338833197370152,0.6425827171539383
