{
  "model": "ua_gnn",
  "split": "B",
  "seed": 0,
  "epochs": 50,
  "risk_mode": "exposure_floor",
  "exposure_delta": 0.01,
  "uncertainty_tau": 0.25,
  "experiment_tag": "ua_pretest_3seed",
  "alpha_ord": 0.3,
  "alpha_hr": 0.5,
  "alpha_topk": 0.1,
  "lambda_nll": 0.2,
  "lambda_var": 0.01,
  "metrics": {
    "data_2020_train": {
      "macro_f1": 0.38805212975592984,
      "weighted_f1": 0.7035923896220633,
      "mae": 0.9744804879981326,
      "qwk": 0.569554866249701,
      "recall_6_8": 0.55,
      "precision_6_8": 0.7333333333333333,
      "pr_auc_high": 0.8112805064881222,
      "high_fn_rate": 0.45,
      "brier": 0.3537216782569885,
      "ece": 0.10184905366852061,
      "ordinal_nll": 0.7471529819148408,
      "uncertainty_mean": 1.3691917657852173,
      "correct_uncertainty": 1.3537874221801758,
      "error_uncertainty": 1.418331503868103,
      "error_uncertainty_corr": 0.06694898126631954,
      "high_fn_uncertainty": 1.3592029809951782
    },
    "data_2021_train": {
      "macro_f1": 0.5665882384596703,
      "weighted_f1": 0.7461369170710029,
      "mae": 0.828353282580583,
      "qwk": 0.6163205753614431,
      "recall_6_8": 0.6,
      "precision_6_8": 0.8823529411764706,
      "pr_auc_high": 0.9105703698198915,
      "high_fn_rate": 0.4,
      "brier": 0.29057881236076355,
      "ece": 0.10417706515994007,
      "ordinal_nll": 0.6626916992168641,
      "uncertainty_mean": 1.294331669807434,
      "correct_uncertainty": 1.308131456375122,
      "error_uncertainty": 1.2432435750961304,
      "error_uncertainty_corr": -0.06992648542231604,
      "high_fn_uncertainty": 1.193110704421997
    },
    "data_2021_test": {
      "macro_f1": 0.2968948643487527,
      "weighted_f1": 0.6091661737225048,
      "mae": 1.2746043493477874,
      "qwk": 0.2844979043119007,
      "recall_6_8": 0.2692307692307692,
      "precision_6_8": 0.5,
      "pr_auc_high": 0.4467901982009747,
      "high_fn_rate": 0.7307692307692307,
      "brier": 0.4679650068283081,
      "ece": 0.09239476758080557,
      "ordinal_nll": 1.0864471461921372,
      "uncertainty_mean": 1.324331521987915,
      "correct_uncertainty": 1.265190601348877,
      "error_uncertainty": 1.44754159450531,
      "error_uncertainty_corr": 0.20420166855150143,
      "high_fn_uncertainty": 1.5423976182937622
    }
  },
  "split_sizes": {
    "data_2020": {
      "train": 419,
      "val": 0,
      "test": 0
    },
    "data_2021": {
      "train": 221,
      "val": 0,
      "test": 222
    }
  },
  "risk_summaries": {
    "data_2020": {
      "edge_count": 6603,
      "risk_min": 0.0005265743238851428,
      "risk_max": 1.0,
      "risk_mean": 0.026743190363049507,
      "risk_p25": 0.0022041965276002884,
      "risk_p50": 0.0031215178314596415,
      "risk_p75": 0.004675723146647215,
      "risk_p90": 0.009999999776482582,
      "risk_p95": 0.1736200451850891,
      "risk_p99": 0.5049999952316284,
      "zero_risk_edge_count": 0,
      "zero_risk_edge_ratio": 0.0,
      "edge_attribute_zero_ratio": 0.928365894290474,
      "matrix_5x8": [
        [
          0,
          470,
          564,
          172,
          19,
          33,
          40,
          23
        ],
        [
          0,
          437,
          494,
          182,
          58,
          27,
          51,
          72
        ],
        [
          0,
          323,
          531,
          290,
          67,
          42,
          37,
          30
        ],
        [
          0,
          350,
          556,
          208,
          45,
          84,
          31,
          47
        ],
        [
          0,
          358,
          550,
          229,
          40,
          43,
          73,
          27
        ]
      ]
    },
    "data_2021": {
      "edge_count": 7647,
      "risk_min": 0.000547416100744158,
      "risk_max": 0.9999998807907104,
      "risk_mean": 0.024322472512722015,
      "risk_p25": 0.002321968786418438,
      "risk_p50": 0.0031742420978844166,
      "risk_p75": 0.00467847241088748,
      "risk_p90": 0.009399889968335629,
      "risk_p95": 0.1580626517534256,
      "risk_p99": 0.5049999952316284,
      "zero_risk_edge_count": 0,
      "zero_risk_edge_ratio": 0.0,
      "edge_attribute_zero_ratio": 0.9314763959722767,
      "matrix_5x8": [
        [
          0,
          596,
          676,
          200,
          14,
          2,
          39,
          3
        ],
        [
          0,
          477,
          547,
          319,
          57,
          44,
          40,
          45
        ],
        [
          0,
          300,
          722,
          337,
          65,
          33,
          52,
          21
        ],
        [
          0,
          338,
          665,
          323,
          88,
          55,
          39,
          21
        ],
        [
          0,
          384,
          696,
          251,
          50,
          72,
          57,
          19
        ]
      ]
    }
  }
}