{
  "model": "ua_gnn",
  "split": "B",
  "seed": 2,
  "epochs": 50,
  "risk_mode": "exposure_floor",
  "exposure_delta": 0.01,
  "uncertainty_tau": 0.25,
  "experiment_tag": "ua_pretest_3seed",
  "alpha_ord": 0.3,
  "alpha_hr": 0.5,
  "alpha_topk": 0.1,
  "lambda_nll": 0.2,
  "lambda_var": 0.01,
  "metrics": {
    "data_2020_train": {
      "macro_f1": 0.344147500297695,
      "weighted_f1": 0.6466538848634594,
      "mae": 1.129902366363444,
      "qwk": 0.39462675874146746,
      "recall_6_8": 0.35,
      "precision_6_8": 0.7,
      "pr_auc_high": 0.6335379404653769,
      "high_fn_rate": 0.65,
      "brier": 0.4141736328601837,
      "ece": 0.09346689515011405,
      "ordinal_nll": 0.8571361905982715,
      "uncertainty_mean": 1.5636309385299683,
      "correct_uncertainty": 1.5105751752853394,
      "error_uncertainty": 1.6989681720733643,
      "error_uncertainty_corr": 0.15060348016990652,
      "high_fn_uncertainty": 1.8701239824295044
    },
    "data_2021_train": {
      "macro_f1": 0.3449269991015274,
      "weighted_f1": 0.6451289369158404,
      "mae": 1.0166937785060197,
      "qwk": 0.4100162983328496,
      "recall_6_8": 0.36,
      "precision_6_8": 0.75,
      "pr_auc_high": 0.782014196987677,
      "high_fn_rate": 0.64,
      "brier": 0.3807520866394043,
      "ece": 0.106871648476674,
      "ordinal_nll": 0.7406696613649646,
      "uncertainty_mean": 1.5090768337249756,
      "correct_uncertainty": 1.4483426809310913,
      "error_uncertainty": 1.6580655574798584,
      "error_uncertainty_corr": 0.17067429124954428,
      "high_fn_uncertainty": 1.655153751373291
    },
    "data_2021_test": {
      "macro_f1": 0.23707989637078664,
      "weighted_f1": 0.5732676134677515,
      "mae": 1.37210604570136,
      "qwk": 0.12241142489106804,
      "recall_6_8": 0.11538461538461539,
      "precision_6_8": 0.375,
      "pr_auc_high": 0.3810236918792229,
      "high_fn_rate": 0.8846153846153846,
      "brier": 0.5103453397750854,
      "ece": 0.06129031460564416,
      "ordinal_nll": 1.0895558186069287,
      "uncertainty_mean": 1.4665569067001343,
      "correct_uncertainty": 1.3546257019042969,
      "error_uncertainty": 1.6815822124481201,
      "error_uncertainty_corr": 0.27114644402143284,
      "high_fn_uncertainty": 1.8409357070922852
    }
  },
  "split_sizes": {
    "data_2020": {
      "train": 419,
      "val": 0,
      "test": 0
    },
    "data_2021": {
      "train": 221,
      "val": 0,
      "test": 222
    }
  },
  "risk_summaries": {
    "data_2020": {
      "edge_count": 6603,
      "risk_min": 0.00015801354311406612,
      "risk_max": 1.0,
      "risk_mean": 0.02719811722636223,
      "risk_p25": 0.002818118780851364,
      "risk_p50": 0.0037154131568968296,
      "risk_p75": 0.004813292995095253,
      "risk_p90": 0.008914313279092312,
      "risk_p95": 0.2043185532093048,
      "risk_p99": 0.5049999952316284,
      "zero_risk_edge_count": 0,
      "zero_risk_edge_ratio": 0.0,
      "edge_attribute_zero_ratio": 0.928365894290474,
      "matrix_5x8": [
        [
          0,
          286,
          672,
          302,
          23,
          27,
          11,
          0
        ],
        [
          0,
          388,
          529,
          266,
          37,
          35,
          66,
          0
        ],
        [
          0,
          280,
          593,
          299,
          58,
          47,
          43,
          0
        ],
        [
          0,
          262,
          603,
          305,
          50,
          74,
          27,
          0
        ],
        [
          0,
          228,
          606,
          344,
          51,
          64,
          27,
          0
        ]
      ]
    },
    "data_2021": {
      "edge_count": 7647,
      "risk_min": 0.0005588720669038594,
      "risk_max": 0.9999998807907104,
      "risk_mean": 0.02573520876467228,
      "risk_p25": 0.002897062338888645,
      "risk_p50": 0.0037269010208547115,
      "risk_p75": 0.004745678976178169,
      "risk_p90": 0.009112679399549961,
      "risk_p95": 0.19234830141067505,
      "risk_p99": 0.4745856523513794,
      "zero_risk_edge_count": 0,
      "zero_risk_edge_ratio": 0.0,
      "edge_attribute_zero_ratio": 0.9314763959722767,
      "matrix_5x8": [
        [
          0,
          325,
          783,
          366,
          7,
          43,
          4,
          2
        ],
        [
          0,
          391,
          677,
          307,
          56,
          41,
          57,
          0
        ],
        [
          0,
          283,
          722,
          378,
          60,
          56,
          31,
          0
        ],
        [
          0,
          285,
          676,
          359,
          131,
          38,
          30,
          10
        ],
        [
          0,
          282,
          623,
          436,
          85,
          72,
          31,
          0
        ]
      ]
    }
  }
}