{
  "model": "stable_tail_rc_gnn",
  "source_model": "gcn_teg_concat",
  "seed": 6,
  "delta": 0.25,
  "risk_mode": "exposure_floor",
  "exposure_delta": 0.01,
  "posthoc_formula": "clip(S_i_norm + delta * P_high * (1 - S_i_norm), 0, 1)",
  "risk_summaries": {
    "data_2020": {
      "edge_count": 6603,
      "risk_min": 3.405979844422635e-10,
      "risk_max": 0.8829246545394076,
      "risk_mean": 0.02066556226514099,
      "risk_p25": 0.0008898400403013707,
      "risk_p50": 0.0019376670872392266,
      "risk_p75": 0.004509842011663649,
      "risk_p90": 0.008651564490325359,
      "risk_p95": 0.08068021502327134,
      "risk_p99": 0.4423106764799136,
      "zero_risk_edge_count": 0,
      "zero_risk_edge_ratio": 0.0,
      "edge_attribute_zero_ratio": 0.928365894290474,
      "matrix_5x8": [
        [
          0,
          663,
          359,
          140,
          51,
          45,
          63,
          0
        ],
        [
          0,
          626,
          272,
          132,
          81,
          74,
          135,
          1
        ],
        [
          0,
          576,
          306,
          154,
          95,
          78,
          111,
          0
        ],
        [
          0,
          609,
          283,
          134,
          89,
          93,
          113,
          0
        ],
        [
          0,
          597,
          322,
          118,
          102,
          65,
          115,
          1
        ]
      ]
    },
    "data_2021": {
      "edge_count": 7647,
      "risk_min": 1.1721719176928176e-17,
      "risk_max": 0.883660211870893,
      "risk_mean": 0.018125184337566495,
      "risk_p25": 0.0009227264827087825,
      "risk_p50": 0.0018850354598259397,
      "risk_p75": 0.004495282608683737,
      "risk_p90": 0.008092728004452085,
      "risk_p95": 0.06441200928630011,
      "risk_p99": 0.4349364128612321,
      "zero_risk_edge_count": 6,
      "zero_risk_edge_ratio": 0.0007846214201647705,
      "edge_attribute_zero_ratio": 0.9314763959722767,
      "matrix_5x8": [
        [
          1,
          783,
          467,
          123,
          67,
          32,
          57,
          0
        ],
        [
          2,
          755,
          348,
          124,
          103,
          86,
          111,
          0
        ],
        [
          0,
          703,
          374,
          167,
          100,
          81,
          104,
          1
        ],
        [
          0,
          680,
          316,
          151,
          134,
          138,
          99,
          11
        ],
        [
          3,
          672,
          424,
          111,
          94,
          103,
          119,
          3
        ]
      ]
    }
  }
}