beta,lambda_concentration,runs,pyvrp_cost_mean,pyvrp_cost_std,global_risk_mean,global_risk_std,global_cvar90_mean,global_cvar90_std,max_vehicle_risk_mean,max_vehicle_risk_std,max_vehicle_cvar90_mean,max_vehicle_cvar90_std,vehicle_risk_gini_mean,vehicle_risk_gini_std,risk_variance_mean,risk_variance_std,edge_burden_gini_used_mean,edge_burden_gini_used_std,top10_burden_share_mean,top10_burden_share_std,max_edge_burden_mean,max_edge_burden_std,cost_increase_pct,risk_reduction_pct
0.0,0.0,10,146730.9,582.7275807213293,7.609167330857952,0.6599826951282021,0.22330940749220413,0.04262524099449642,2.4149668818825134,0.4013552700044373,0.3826260761767722,0.08220467877172911,0.19253498151357964,0.061129592664519165,0.3248762023140105,0.17630045335799968,0.8779742856688451,0.006440300394287037,0.8906401673171265,0.008224148969222174,1.1343109215447904,0.3297277490749103,0.0,0.0
1.0,0.0,10,175516.2,389.1520125720653,3.3775076155960226,0.2614427161763049,0.08702776080327626,0.008183278517485511,1.3320104191164863,0.08622522986648858,0.16037223152454153,0.029194729421244205,0.3208935600952486,0.048068854164259496,0.16984042315618628,0.045252866114772805,0.8212569535878573,0.009780183901730792,0.7939582014726219,0.015039428782003516,0.6893926223037659,1.1702778228589004e-16,0.19617749226645526,0.5561265157227451
