{
  "pairs": "D:\\PyVRP-main\\hazmat_risk_experiments\\outputs_10seed\\od_paths\\fixed_od_pairs_150.csv",
  "num_pairs": 150,
  "year": "data_2021",
  "k_paths": 50,
  "cvar_alpha": 0.9,
  "re_threshold": "p75",
  "sources": [
    {
      "risk_source": "Stable-Tail-MatrixEns-r010_seed0",
      "risk_dir": "D:\\PyVRP-main\\hazmat_risk_experiments\\outputs_10seed\\risk_matrices\\stable_tail_matrix_ensemble_rho010_splitB_seed0_floor_0p01",
      "largest_component_nodes": 4357,
      "largest_component_edges": 6650,
      "re_threshold": "p75",
      "re_threshold_value": 0.0033659132313914597,
      "risk_diagnostics": {
        "edge_count": 6650,
        "zero_risk_edge_count": 1,
        "zero_risk_edge_ratio": 0.00015037593984962405,
        "risk_min": 0.0,
        "risk_p25": 0.000630939204711467,
        "risk_p50": 0.0015297128120437264,
        "risk_p75": 0.0033659132313914597,
        "risk_p90": 0.0077423774637281895,
        "risk_p95": 0.06506821513175964,
        "risk_p99": 0.3775814175605774,
        "risk_max": 0.7851248383522034,
        "edge_attribute_zero_ratio": 0.0,
        "S_i_norm_zero_or_near_zero_ratio": 0.005278861602019738
      }
    },
    {
      "risk_source": "Stable-Tail-MatrixEns-r010_seed1",
      "risk_dir": "D:\\PyVRP-main\\hazmat_risk_experiments\\outputs_10seed\\risk_matrices\\stable_tail_matrix_ensemble_rho010_splitB_seed1_floor_0p01",
      "largest_component_nodes": 4357,
      "largest_component_edges": 6650,
      "re_threshold": "p75",
      "re_threshold_value": 0.004227795172482729,
      "risk_diagnostics": {
        "edge_count": 6650,
        "zero_risk_edge_count": 0,
        "zero_risk_edge_ratio": 0.0,
        "risk_min": 1.0728835597717534e-09,
        "risk_p25": 0.0009126789518631995,
        "risk_p50": 0.0017111834604293108,
        "risk_p75": 0.004227795172482729,
        "risk_p90": 0.007723493035882711,
        "risk_p95": 0.0758420579135409,
        "risk_p99": 0.3957526981830597,
        "risk_max": 0.7939308285713196,
        "edge_attribute_zero_ratio": 0.0,
        "S_i_norm_zero_or_near_zero_ratio": 0.0006885471654808355
      }
    },
    {
      "risk_source": "Stable-Tail-MatrixEns-r010_seed2",
      "risk_dir": "D:\\PyVRP-main\\hazmat_risk_experiments\\outputs_10seed\\risk_matrices\\stable_tail_matrix_ensemble_rho010_splitB_seed2_floor_0p01",
      "largest_component_nodes": 4357,
      "largest_component_edges": 6650,
      "re_threshold": "p75",
      "re_threshold_value": 0.003846924751996994,
      "risk_diagnostics": {
        "edge_count": 6650,
        "zero_risk_edge_count": 0,
        "zero_risk_edge_ratio": 0.0,
        "risk_min": 2.783366426228895e-07,
        "risk_p25": 0.000902334286365658,
        "risk_p50": 0.0017548237228766084,
        "risk_p75": 0.003846924751996994,
        "risk_p90": 0.007580021396279335,
        "risk_p95": 0.07093416638672337,
        "risk_p99": 0.38986462354660034,
        "risk_max": 0.8584644794464111,
        "edge_attribute_zero_ratio": 0.0,
        "S_i_norm_zero_or_near_zero_ratio": 0.0004590314436538903
      }
    },
    {
      "risk_source": "Stable-Tail-MatrixEns-r010_seed3",
      "risk_dir": "D:\\PyVRP-main\\hazmat_risk_experiments\\outputs_10seed\\risk_matrices\\stable_tail_matrix_ensemble_rho010_splitB_seed3_floor_0p01",
      "largest_component_nodes": 4357,
      "largest_component_edges": 6650,
      "re_threshold": "p75",
      "re_threshold_value": 0.003127430332824588,
      "risk_diagnostics": {
        "edge_count": 6650,
        "zero_risk_edge_count": 0,
        "zero_risk_edge_ratio": 0.0,
        "risk_min": 4.613399084973935e-08,
        "risk_p25": 0.0007599416276207194,
        "risk_p50": 0.0015194263542070985,
        "risk_p75": 0.003127430332824588,
        "risk_p90": 0.00716402027755976,
        "risk_p95": 0.06376037076115601,
        "risk_p99": 0.3563071611523644,
        "risk_max": 0.7779895663261414,
        "edge_attribute_zero_ratio": 0.0,
        "S_i_norm_zero_or_near_zero_ratio": 0.0009180628873077806
      }
    },
    {
      "risk_source": "Stable-Tail-MatrixEns-r010_seed4",
      "risk_dir": "D:\\PyVRP-main\\hazmat_risk_experiments\\outputs_10seed\\risk_matrices\\stable_tail_matrix_ensemble_rho010_splitB_seed4_floor_0p01",
      "largest_component_nodes": 4357,
      "largest_component_edges": 6650,
      "re_threshold": "p75",
      "re_threshold_value": 0.0035062088863924146,
      "risk_diagnostics": {
        "edge_count": 6650,
        "zero_risk_edge_count": 0,
        "zero_risk_edge_ratio": 0.0,
        "risk_min": 7.663454315576246e-10,
        "risk_p25": 0.0009427980403415859,
        "risk_p50": 0.00181583350058645,
        "risk_p75": 0.0035062088863924146,
        "risk_p90": 0.007788528222590685,
        "risk_p95": 0.06436862796545029,
        "risk_p99": 0.39680561423301697,
        "risk_max": 0.8191401958465576,
        "edge_attribute_zero_ratio": 0.0,
        "S_i_norm_zero_or_near_zero_ratio": 0.0009180628873077806
      }
    },
    {
      "risk_source": "Stable-Tail-MatrixEns-r010_seed5",
      "risk_dir": "D:\\PyVRP-main\\hazmat_risk_experiments\\outputs_10seed\\risk_matrices\\stable_tail_matrix_ensemble_rho010_splitB_seed5_floor_0p01",
      "largest_component_nodes": 4357,
      "largest_component_edges": 6650,
      "re_threshold": "p75",
      "re_threshold_value": 0.003435060614719987,
      "risk_diagnostics": {
        "edge_count": 6650,
        "zero_risk_edge_count": 0,
        "zero_risk_edge_ratio": 0.0,
        "risk_min": 1.2874602717261041e-08,
        "risk_p25": 0.0007419529429171234,
        "risk_p50": 0.0014543872093781829,
        "risk_p75": 0.003435060614719987,
        "risk_p90": 0.007344033103436232,
        "risk_p95": 0.06325220316648483,
        "risk_p99": 0.3794652813673043,
        "risk_max": 0.7873127460479736,
        "edge_attribute_zero_ratio": 0.0,
        "S_i_norm_zero_or_near_zero_ratio": 0.0006885471654808355
      }
    },
    {
      "risk_source": "Stable-Tail-MatrixEns-r010_seed6",
      "risk_dir": "D:\\PyVRP-main\\hazmat_risk_experiments\\outputs_10seed\\risk_matrices\\stable_tail_matrix_ensemble_rho010_splitB_seed6_floor_0p01",
      "largest_component_nodes": 4357,
      "largest_component_edges": 6650,
      "re_threshold": "p75",
      "re_threshold_value": 0.003949981182813644,
      "risk_diagnostics": {
        "edge_count": 6650,
        "zero_risk_edge_count": 0,
        "zero_risk_edge_ratio": 0.0,
        "risk_min": 2.299036072628269e-09,
        "risk_p25": 0.001152418612036854,
        "risk_p50": 0.0019305722089484334,
        "risk_p75": 0.003949981182813644,
        "risk_p90": 0.006770020350813866,
        "risk_p95": 0.07648367881774894,
        "risk_p99": 0.38967078924179077,
        "risk_max": 0.7717062830924988,
        "edge_attribute_zero_ratio": 0.0,
        "S_i_norm_zero_or_near_zero_ratio": 0.0009180628873077806
      }
    },
    {
      "risk_source": "Stable-Tail-MatrixEns-r010_seed7",
      "risk_dir": "D:\\PyVRP-main\\hazmat_risk_experiments\\outputs_10seed\\risk_matrices\\stable_tail_matrix_ensemble_rho010_splitB_seed7_floor_0p01",
      "largest_component_nodes": 4357,
      "largest_component_edges": 6650,
      "re_threshold": "p75",
      "re_threshold_value": 0.004422949627041817,
      "risk_diagnostics": {
        "edge_count": 6650,
        "zero_risk_edge_count": 0,
        "zero_risk_edge_ratio": 0.0,
        "risk_min": 2.9427663861270048e-08,
        "risk_p25": 0.0007306348707061261,
        "risk_p50": 0.001667400123551488,
        "risk_p75": 0.004422949627041817,
        "risk_p90": 0.007798905950039625,
        "risk_p95": 0.06469620764255524,
        "risk_p99": 0.3950330317020416,
        "risk_max": 0.7883662581443787,
        "edge_attribute_zero_ratio": 0.0,
        "S_i_norm_zero_or_near_zero_ratio": 0.001606610052788616
      }
    },
    {
      "risk_source": "Stable-Tail-MatrixEns-r010_seed8",