beta,lambda_concentration,runs,pyvrp_cost_mean,pyvrp_cost_std,global_risk_mean,global_risk_std,global_cvar90_mean,global_cvar90_std,max_vehicle_risk_mean,max_vehicle_risk_std,max_vehicle_cvar90_mean,max_vehicle_cvar90_std,vehicle_risk_gini_mean,vehicle_risk_gini_std,risk_variance_mean,risk_variance_std,edge_burden_gini_used_mean,edge_burden_gini_used_std,top10_burden_share_mean,top10_burden_share_std,max_edge_burden_mean,max_edge_burden_std,cost_increase_pct,risk_reduction_pct
0.0,0.0,10,133997.6,0.6992058987801011,7.397524895367678,0.8888862824466577,0.2329727313788501,0.04321337950165736,2.390638297916303,0.2729003879664542,0.3879380096316648,0.09521379568797705,0.2236776838426998,0.05841252657181893,0.40798037711280666,0.18467903801425273,0.8803600949911037,0.009603763979461553,0.9006652986899173,0.009576515342232627,1.1407795131206513,0.3820315192538754,0.0,0.0
3.0,1.0,10,182133.0,56.6725487143271,1.4170782525354297,0.0027318485963922453,0.02334945980374786,0.00013637944599633617,0.38056862372613975,0.019747332311935373,0.036853749118745324,2.8763422907600008e-05,0.14359512069373304,0.010756494170664847,0.0056954453705185025,0.0009212132161008872,0.6638855682996206,0.003214751757799859,0.5714261445469331,0.003651306141079655,0.1595465987920761,0.0,0.3592258368806605,0.8084388667047797
