{
  "pairs": "hazmat_risk_experiments\\outputs\\od_paths\\od_formal_floor001_p50_k50_cached_floor_0p01_a0p9_l1_p75\\od_pairs.csv",
  "num_pairs": 150,
  "year": "data_2021",
  "k_paths": 50,
  "cvar_alpha": 0.9,
  "re_threshold": "p75",
  "sources": [
    {
      "risk_source": "GCN",
      "risk_dir": "hazmat_risk_experiments\\outputs\\risk_matrices\\gcn_splitB_seed0_epochs50_floor_0p01",
      "largest_component_nodes": 4357,
      "largest_component_edges": 6650,
      "re_threshold": "p75",
      "re_threshold_value": 0.003649165155366063,
      "risk_diagnostics": {
        "edge_count": 6650,
        "zero_risk_edge_count": 6,
        "zero_risk_edge_ratio": 0.0009022556390977444,
        "risk_min": 0.0,
        "risk_p25": 0.0014404518296942115,
        "risk_p50": 0.0023346813395619392,
        "risk_p75": 0.003649165155366063,
        "risk_p90": 0.008469457738101482,
        "risk_p95": 0.11309035122394562,
        "risk_p99": 0.41633906960487366,
        "risk_max": 0.8528011441230774,
        "edge_attribute_zero_ratio": 0.0,
        "S_i_norm_zero_or_near_zero_ratio": 0.005278861602019738
      }
    },
    {
      "risk_source": "Weighted-GCN",
      "risk_dir": "hazmat_risk_experiments\\outputs\\risk_matrices\\weighted_gcn_splitB_seed0_epochs50_floor_0p01",
      "largest_component_nodes": 4357,
      "largest_component_edges": 6650,
      "re_threshold": "p75",
      "re_threshold_value": 0.004762327764183283,
      "risk_diagnostics": {
        "edge_count": 6650,
        "zero_risk_edge_count": 0,
        "zero_risk_edge_ratio": 0.0,
        "risk_min": 4.15308113588253e-06,
        "risk_p25": 0.00324310822179541,
        "risk_p50": 0.003939501941204071,
        "risk_p75": 0.004762327764183283,
        "risk_p90": 0.008059149608016014,
        "risk_p95": 0.1106849562376736,
        "risk_p99": 0.38054934263229545,
        "risk_max": 0.8541135787963867,
        "edge_attribute_zero_ratio": 0.0,
        "S_i_norm_zero_or_near_zero_ratio": 0.00022951572182694515
      }
    },
    {
      "risk_source": "Edge-GAT",
      "risk_dir": "hazmat_risk_experiments\\outputs\\risk_matrices\\edge_gat_splitB_seed0_epochs50_floor_0p01",
      "largest_component_nodes": 4357,
      "largest_component_edges": 6650,
      "re_threshold": "p75",
      "re_threshold_value": 0.0036628027446568012,
      "risk_diagnostics": {
        "edge_count": 6650,
        "zero_risk_edge_count": 19,
        "zero_risk_edge_ratio": 0.002857142857142857,
        "risk_min": 0.0,
        "risk_p25": 0.001347982877632603,
        "risk_p50": 0.0022773246746510267,
        "risk_p75": 0.0036628027446568012,
        "risk_p90": 0.008544903248548508,
        "risk_p95": 0.11024198718368962,
        "risk_p99": 0.431517630815506,
        "risk_max": 0.8581410050392151,
        "edge_attribute_zero_ratio": 0.0,
        "S_i_norm_zero_or_near_zero_ratio": 0.00803305026394308
      }
    },
    {
      "risk_source": "TEG-GNN",
      "risk_dir": "hazmat_risk_experiments\\outputs\\risk_matrices\\teg_gnn_splitB_seed0_epochs50_floor_0p01",
      "largest_component_nodes": 4357,
      "largest_component_edges": 6650,
      "re_threshold": "p75",
      "re_threshold_value": 0.005017534480430186,
      "risk_diagnostics": {
        "edge_count": 6650,
        "zero_risk_edge_count": 0,
        "zero_risk_edge_ratio": 0.0,
        "risk_min": 8.514948746096707e-09,
        "risk_p25": 0.0029855972388759255,
        "risk_p50": 0.003805560292676091,
        "risk_p75": 0.005017534480430186,
        "risk_p90": 0.008558443747460842,
        "risk_p95": 0.10677983611822128,
        "risk_p99": 0.43220144510269165,
        "risk_max": 0.8626388907432556,
        "edge_attribute_zero_ratio": 0.0,
        "S_i_norm_zero_or_near_zero_ratio": 0.0009180628873077806
      }
    },
    {
      "risk_source": "Label-Oracle",
      "risk_dir": "hazmat_risk_experiments\\outputs\\risk_matrices\\label_oracle_splitB_seed0_epochs50_floor_0p01",
      "largest_component_nodes": 4357,
      "largest_component_edges": 6650,
      "re_threshold": "p75",
      "re_threshold_value": 0.005094270687550306,
      "risk_diagnostics": {
        "edge_count": 6650,
        "zero_risk_edge_count": 50,
        "zero_risk_edge_ratio": 0.007518796992481203,
        "risk_min": 0.0,
        "risk_p25": 0.0028571428265422583,
        "risk_p50": 0.00382197427097708,
        "risk_p75": 0.005094270687550306,
        "risk_p90": 0.008571428246796131,
        "risk_p95": 0.0910436429083342,
        "risk_p99": 0.4328571557998657,
        "risk_max": 0.9999998807907104,
        "edge_attribute_zero_ratio": 0.0,
        "S_i_norm_zero_or_near_zero_ratio": 0.05210006885471655
      }
    }
  ]
}