beta,lambda_concentration,runs,pyvrp_cost_mean,pyvrp_cost_std,global_risk_mean,global_risk_std,global_cvar90_mean,global_cvar90_std,max_vehicle_risk_mean,max_vehicle_risk_std,max_vehicle_cvar90_mean,max_vehicle_cvar90_std,vehicle_risk_gini_mean,vehicle_risk_gini_std,risk_variance_mean,risk_variance_std,edge_burden_gini_used_mean,edge_burden_gini_used_std,top10_burden_share_mean,top10_burden_share_std,max_edge_burden_mean,max_edge_burden_std,cost_increase_pct,risk_reduction_pct
0.0,0.0,10,133997.5,0.7071067811865476,10.780756396141806,1.0899389045743708,0.18886038755795567,0.12658839619221984,3.1700295725895558,0.5014797997692746,0.5013288530255002,0.16445133417942864,0.16218903734202542,0.056601649228076034,0.48653526654563084,0.3853707032139347,0.8788026886214884,0.007946749984630559,0.8945679175784702,0.008606725481247704,1.6999737977981568,0.25822123581386924,0.0,0.0
1.0,0.0,10,160587.9,254.94289120855632,3.4648953111514857,0.3167335879901274,0.03910612144968009,0.00525942145321602,1.3223930677399038,0.04877546872695049,0.06519642784112384,0.007396201537371238,0.3218990952976507,0.031016229321925232,0.16882742481437568,0.04181797146186672,0.7783782140260154,0.017494428214532114,0.7324613939678196,0.02497714525786763,1.0099999904632568,0.0,0.1984395231254314,0.6786036912593467
2.0,0.0,10,175175.0,137.60167957631268,3.1782389595311544,0.15873809542388478,0.0356800419526993,0.0020136699594609803,1.3087390351109207,0.03183240286109987,0.06310190414492453,0.005807423543829105,0.3271566947612282,0.03695189139093895,0.14934669415211654,0.02044702762243312,0.7661252055903046,0.007070528901669105,0.7149755477364617,0.011307854542960306,1.0099999904632568,0.0,0.3073005093378608,0.7051933238497735
