{
  "model": "stable_tail_rc_gnn",
  "source_model": "gcn_teg_concat",
  "seed": 1,
  "delta": 0.08,
  "risk_mode": "exposure_floor",
  "exposure_delta": 0.01,
  "posthoc_formula": "clip(S_i_norm + delta * P_high * (1 - S_i_norm), 0, 1)",
  "risk_summaries": {
    "data_2020": {
      "edge_count": 6603,
      "risk_min": 1.206142173283157e-19,
      "risk_max": 0.9038385081001741,
      "risk_mean": 0.019802690389165382,
      "risk_p25": 0.0006412137011003692,
      "risk_p50": 0.0015155828371806936,
      "risk_p75": 0.003944886092976392,
      "risk_p90": 0.008680439841819898,
      "risk_p95": 0.08093583402292714,
      "risk_p99": 0.4424192948839585,
      "zero_risk_edge_count": 4,
      "zero_risk_edge_ratio": 0.0006057852491291837,
      "edge_attribute_zero_ratio": 0.928365894290474,
      "matrix_5x8": [
        [
          4,
          697,
          334,
          103,
          67,
          33,
          67,
          16
        ],
        [
          0,
          693,
          265,
          99,
          73,
          39,
          82,
          70
        ],
        [
          0,
          652,
          274,
          124,
          120,
          27,
          75,
          48
        ],
        [
          0,
          668,
          292,
          117,
          62,
          35,
          99,
          48
        ],
        [
          0,
          573,
          373,
          127,
          74,
          29,
          99,
          45
        ]
      ]
    },
    "data_2021": {
      "edge_count": 7647,
      "risk_min": 8.398450598314593e-21,
      "risk_max": 0.8785879179078058,
      "risk_mean": 0.0167725913574416,
      "risk_p25": 0.0006510069822609695,
      "risk_p50": 0.0014935089863980693,
      "risk_p75": 0.003551258073027985,
      "risk_p90": 0.00860103668854619,
      "risk_p95": 0.06114775208499087,
      "risk_p99": 0.4343523583788204,
      "zero_risk_edge_count": 10,
      "zero_risk_edge_ratio": 0.0013077023669412842,
      "edge_attribute_zero_ratio": 0.9314763959722767,
      "matrix_5x8": [
        [
          1,
          845,
          379,
          190,
          28,
          22,
          62,
          3
        ],
        [
          3,
          854,
          275,
          113,
          62,
          91,
          83,
          48
        ],
        [
          1,
          766,
          327,
          161,
          89,
          68,
          83,
          35
        ],
        [
          2,
          745,
          332,
          161,
          125,
          48,
          80,
          36
        ],
        [
          3,
          735,
          387,
          130,
          56,
          69,
          124,
          25
        ]
      ]
    }
  }
}