beta,lambda_concentration,runs,pyvrp_cost_mean,pyvrp_cost_std,global_risk_mean,global_risk_std,global_cvar90_mean,global_cvar90_std,max_vehicle_risk_mean,max_vehicle_risk_std,max_vehicle_cvar90_mean,max_vehicle_cvar90_std,vehicle_risk_gini_mean,vehicle_risk_gini_std,risk_variance_mean,risk_variance_std,edge_burden_gini_used_mean,edge_burden_gini_used_std,top10_burden_share_mean,top10_burden_share_std,max_edge_burden_mean,max_edge_burden_std,cost_increase_pct,risk_reduction_pct
0.0,0.0,5,133997.4,0.5477225575051661,6.902469819248654,0.8964646420790245,0.19940297219006017,0.04865719211818473,2.335172007093206,0.36623932827675115,0.36480949882595315,0.11013344863383509,0.2259886158982674,0.052220353594172715,0.3755985331838649,0.2076824726721981,0.8598215371121164,0.009715525549883025,0.8845069170255027,0.01021331625766229,1.0167761087417602,0.37852731926144695,0.0,0.0
1.0,0.0,5,157005.4,339.58474641832777,2.6025140112149527,0.16362317303483884,0.05733475593556614,0.006716293848640028,0.7939438562490977,0.08793295157252655,0.09033623735996939,0.014723603017067084,0.18451581775523165,0.033962914347895924,0.032647530238600654,0.007579100470110566,0.7634230610968468,0.00745894579280169,0.7483660410143632,0.012303324844669119,0.30023813247680664,0.0,0.17170482412345314,0.6229590162121326
