{
  "model": "graphsage",
  "split": "B",
  "seed": 0,
  "epochs": 50,
  "risk_mode": "exposure_floor",
  "exposure_delta": 0.01,
  "uncertainty_tau": 0.0,
  "experiment_tag": "paper_comparison_10seed",
  "checkpoint_path": "D:\\PyVRP-main\\hazmat_risk_experiments\\outputs_10seed\\models\\checkpoints\\graphsage_splitB_seed0_epochs50_paper_comparison_10seed.pt",
  "best_epoch": 50,
  "model_source": "checkpoint",
  "alpha_ord": 0.5,
  "alpha_hr": 1.0,
  "alpha_topk": 0.3,
  "lambda_nll": 0.0,
  "lambda_var": 0.0,
  "ec_delta_max": 0.05,
  "lambda_edge": 0.0,
  "lambda_edge_high": 0.0,
  "lambda_distill": 0.0,
  "lambda_delta": 0.0,
  "ec_teacher_epochs": 50,
  "gamma_unc": 0.5,
  "logvar_min": -5.0,
  "logvar_max": 2.0,
  "metrics": {
    "data_2020_train": {
      "macro_f1": 0.6289258339475754,
      "weighted_f1": 0.7848023757232736,
      "mae": 0.644722234025412,
      "qwk": 0.7859987462819688,
      "recall_6_8": 0.925,
      "precision_6_8": 0.8809523809523809,
      "pr_auc_high": 0.9684642507020197,
      "high_fn_rate": 0.075,
      "brier": 0.2743775248527527,
      "ece": 0.09442885920654333,
      "high_risk_recall_at_top10pct": 0.9,
      "high_risk_recall_at_top20pct": 1.0,
      "ndcg_at_top20pct": 0.9280223445189747,
      "high_risk_hits_at_10": 10.0,
      "high_risk_hits_at_20": 19.0
    },
    "data_2021_train": {
      "macro_f1": 0.7521345049877658,
      "weighted_f1": 0.8620016779169447,
      "mae": 0.46464805718340574,
      "qwk": 0.8476521857783691,
      "recall_6_8": 0.95,
      "precision_6_8": 0.9047619047619048,
      "pr_auc_high": 0.9934782608695651,
      "high_fn_rate": 0.05,
      "brier": 0.19377802312374115,
      "ece": 0.11653431699695911,
      "high_risk_recall_at_top10pct": 0.9,
      "high_risk_recall_at_top20pct": 1.0,
      "ndcg_at_top20pct": 0.9716288738352357,
      "high_risk_hits_at_10": 10.0,
      "high_risk_hits_at_20": 19.0
    },
    "data_2021_val": {
      "macro_f1": 0.4554827940421161,
      "weighted_f1": 0.6929840780688238,
      "mae": 0.9790236973036326,
      "qwk": 0.7556501320810096,
      "recall_6_8": 0.6,
      "precision_6_8": 1.0,
      "pr_auc_high": 0.7733333333333332,
      "high_fn_rate": 0.4,
      "brier": 0.47167423367500305,
      "ece": 0.22941079868210687,
      "high_risk_recall_at_top10pct": 0.8,
      "high_risk_recall_at_top20pct": 0.8,
      "ndcg_at_top20pct": 0.8096526993007848,
      "high_risk_hits_at_10": 4.0,
      "high_risk_hits_at_20": 4.0
    },
    "data_2021_test": {
      "macro_f1": 0.34369904289259134,
      "weighted_f1": 0.6443957960086995,
      "mae": 1.1105283457711959,
      "qwk": 0.3393345656192236,
      "recall_6_8": 0.3076923076923077,
      "precision_6_8": 0.6153846153846154,
      "pr_auc_high": 0.4100974372368166,
      "high_fn_rate": 0.6923076923076923,
      "brier": 0.4414643347263336,
      "ece": 0.07647575478296023,
      "high_risk_recall_at_top10pct": 0.34615384615384615,
      "high_risk_recall_at_top20pct": 0.6153846153846154,
      "ndcg_at_top20pct": 0.4692229626061803,
      "high_risk_hits_at_10": 6.0,
      "high_risk_hits_at_20": 8.0
    }
  },
  "split_sizes": {
    "data_2020": {
      "train": 419,
      "val": 0,
      "test": 0
    },
    "data_2021": {
      "train": 176,
      "val": 45,
      "test": 222
    }
  },
  "risk_summaries": {
    "data_2020": {
      "edge_count": 6603,
      "risk_min": 0.0,
      "risk_max": 0.925563633441925,
      "risk_mean": 0.018177175894379616,
      "risk_p25": 0.0007912882138043642,
      "risk_p50": 0.0016574753681197762,
      "risk_p75": 0.004077478311955929,
      "risk_p90": 0.008540811017155647,
      "risk_p95": 0.07723129540681839,
      "risk_p99": 0.4280981719493866,
      "zero_risk_edge_count": 1,
      "zero_risk_edge_ratio": 0.00015144631228229593,
      "edge_attribute_zero_ratio": 0.928365894290474,
      "matrix_5x8": [
        [
          0,
          707,
          306,
          162,
          40,
          22,
          72,
          12
        ],
        [
          0,
          633,
          275,
          134,
          70,
          49,
          152,
          8
        ],
        [
          0,
          584,
          247,
          199,
          90,
          71,
          123,
          6
        ],
        [
          0,
          539,
          286,
          193,
          61,
          108,
          106,
          28
        ],
        [
          1,
          577,
          366,
          156,
          53,
          35,
          123,
          9
        ]
      ]
    },
    "data_2021": {
      "edge_count": 7647,
      "risk_min": 0.0,
      "risk_max": 0.8561466336250305,
      "risk_mean": 0.015194947831332684,
      "risk_p25": 0.0008403510437346995,
      "risk_p50": 0.0017282554181292653,
      "risk_p75": 0.0037470830138772726,
      "risk_p90": 0.008376632817089558,
      "risk_p95": 0.07283321768045425,
      "risk_p99": 0.3643661141395569,
      "zero_risk_edge_count": 6,
      "zero_risk_edge_ratio": 0.0007846214201647705,
      "edge_attribute_zero_ratio": 0.9314763959722767,
      "matrix_5x8": [
        [
          2,
          871,
          403,
          126,
          34,
          43,
          48,
          3
        ],
        [
          2,
          758,
          301,
          181,
          74,
          78,
          135,
          0
        ],
        [
          1,
          626,
          392,
          188,
          92,
          104,
          125,
          2
        ],
        [
          1,
          627,
          409,
          204,
          119,
          74,
          85,
          10
        ],
        [
          0,
          680,
          449,
          183,
          50,
          52,
          113,
          2
        ]
      ]
    }
  }
}