beta,lambda_concentration,runs,pyvrp_cost_mean,pyvrp_cost_std,global_risk_mean,global_risk_std,global_cvar90_mean,global_cvar90_std,max_vehicle_risk_mean,max_vehicle_risk_std,max_vehicle_cvar90_mean,max_vehicle_cvar90_std,vehicle_risk_gini_mean,vehicle_risk_gini_std,risk_variance_mean,risk_variance_std,edge_burden_gini_used_mean,edge_burden_gini_used_std,top10_burden_share_mean,top10_burden_share_std,max_edge_burden_mean,max_edge_burden_std,cost_increase_pct,risk_reduction_pct
0.0,0.0,10,133997.6,0.6992058987801011,8.651667671860196,0.9645151570371865,0.2691166370303995,0.045433364536573415,2.4773265401367097,0.35732392452602874,0.40680523025725657,0.09677511925963576,0.14243282754833256,0.042200224537786796,0.2443208523709252,0.1558845729482092,0.8745999368017525,0.007403908510657347,0.8996749273931034,0.006318594033171503,1.2531844139099122,0.34335785495891763,0.0,0.0
1.5,1.0,10,181686.7,71.76048123212851,2.346825358318165,0.013544266604070649,0.043157709708923964,0.0015134137432128352,1.14566302135936,0.0067205540414065805,0.10499725596979262,0.011275034102244754,0.37288794774815326,0.0057186914226850264,0.12516144450763922,0.0028917881106557968,0.7343231005078896,0.0017031412115790505,0.6811647701422572,0.0022553046509603066,0.8629770874977112,0.0,0.3558951802121829,0.7287430068595893
