{
  "model": "stable_tail_rc_gnn",
  "source_model": "gcn_teg_concat",
  "seed": 8,
  "delta": 0.08,
  "risk_mode": "exposure_floor",
  "exposure_delta": 0.01,
  "posthoc_formula": "clip(S_i_norm + delta * P_high * (1 - S_i_norm), 0, 1)",
  "risk_summaries": {
    "data_2020": {
      "edge_count": 6603,
      "risk_min": 1.3794217159103596e-08,
      "risk_max": 0.9033776073744775,
      "risk_mean": 0.017652494005833595,
      "risk_p25": 0.0007213846391308528,
      "risk_p50": 0.0015222919744258354,
      "risk_p75": 0.003447839749339661,
      "risk_p90": 0.008715074492339613,
      "risk_p95": 0.07201124264770145,
      "risk_p99": 0.4400932808680635,
      "zero_risk_edge_count": 0,
      "zero_risk_edge_ratio": 0.0,
      "edge_attribute_zero_ratio": 0.928365894290474,
      "matrix_5x8": [
        [
          0,
          764,
          329,
          100,
          38,
          6,
          55,
          29
        ],
        [
          0,
          693,
          301,
          118,
          46,
          13,
          62,
          88
        ],
        [
          0,
          616,
          356,
          118,
          94,
          40,
          43,
          53
        ],
        [
          0,
          631,
          359,
          95,
          104,
          22,
          48,
          62
        ],
        [
          0,
          705,
          311,
          105,
          59,
          19,
          66,
          55
        ]
      ]
    },
    "data_2021": {
      "edge_count": 7647,
      "risk_min": 1.702998851125963e-10,
      "risk_max": 0.8799626692235534,
      "risk_mean": 0.015058666019462746,
      "risk_p25": 0.0007297601075376408,
      "risk_p50": 0.0014404175625489135,
      "risk_p75": 0.0031367509689527286,
      "risk_p90": 0.008445871209555334,
      "risk_p95": 0.06308332865808607,
      "risk_p99": 0.42651650158862586,
      "zero_risk_edge_count": 0,
      "zero_risk_edge_ratio": 0.0,
      "edge_attribute_zero_ratio": 0.9314763959722767,
      "matrix_5x8": [
        [
          0,
          1055,
          290,
          86,
          36,
          14,
          10,
          39
        ],
        [
          0,
          803,
          343,
          149,
          65,
          32,
          62,
          75
        ],
        [
          0,
          724,
          434,
          153,
          83,
          33,
          43,
          60
        ],
        [
          0,
          734,
          378,
          167,
          104,
          78,
          34,
          34
        ],
        [
          0,
          809,
          370,
          133,
          60,
          31,
          70,
          56
        ]
      ]
    }
  }
}