beta,lambda_concentration,runs,pyvrp_cost_mean,pyvrp_cost_std,global_risk_mean,global_risk_std,global_cvar90_mean,global_cvar90_std,max_vehicle_risk_mean,max_vehicle_risk_std,max_vehicle_cvar90_mean,max_vehicle_cvar90_std,vehicle_risk_gini_mean,vehicle_risk_gini_std,risk_variance_mean,risk_variance_std,edge_burden_gini_used_mean,edge_burden_gini_used_std,top10_burden_share_mean,top10_burden_share_std,max_edge_burden_mean,max_edge_burden_std,cost_increase_pct,risk_reduction_pct
0.0,0.0,10,133997.6,0.6992058987801011,7.397524895367678,0.8888862824466577,0.2329727313788501,0.04321337950165736,2.390638297916303,0.2729003879664542,0.3879380096316648,0.09521379568797705,0.2236776838426998,0.05841252657181893,0.40798037711280666,0.18467903801425273,0.8803600949911037,0.009603763979461553,0.9006652986899173,0.009576515342232627,1.1407795131206513,0.3820315192538754,0.0,0.0
1.0,0.0,10,156818.2,297.16542344103374,2.4079331960434502,0.14075158637134758,0.05224887001696251,0.00559269941187224,0.8740883829785162,0.10433976763611588,0.09504274998344334,0.021773933704737094,0.25402244746296077,0.0364768619519408,0.05343578426372316,0.020595884474978135,0.7895439581854877,0.009473944765337953,0.7538250633066989,0.015149622244156544,0.4518386125564575,0.0002558703377055272,0.17030603533197614,0.6744947492434976
1.0,1.0,10,164428.8,140.0220617537743,1.6218160225027531,0.07508684880274984,0.027247723679250678,0.001797409957728888,0.43110097660319296,0.02246657323844549,0.04167792798640827,0.0027267642306236708,0.1705332218458428,0.01711505933036962,0.011063886197221416,0.0018452919242517272,0.6967449627255089,0.016557225994148782,0.6188502157535292,0.02248565151163458,0.219609734416008,0.021104034664802592,0.2271025749714919,0.7807623434266354
