beta,lambda_concentration,runs,pyvrp_cost_mean,pyvrp_cost_std,global_risk_mean,global_risk_std,global_cvar90_mean,global_cvar90_std,max_vehicle_risk_mean,max_vehicle_risk_std,max_vehicle_cvar90_mean,max_vehicle_cvar90_std,vehicle_risk_gini_mean,vehicle_risk_gini_std,risk_variance_mean,risk_variance_std,edge_burden_gini_used_mean,edge_burden_gini_used_std,top10_burden_share_mean,top10_burden_share_std,max_edge_burden_mean,max_edge_burden_std,cost_increase_pct,risk_reduction_pct
0.0,0.0,10,146730.9,582.7275807213293,14.309233080898412,0.8940587013219294,0.3651314873895551,0.11061715504476861,4.2517411964247005,0.3328532348581851,0.6018954453014193,0.079033674711527,0.1752203906446452,0.038326335205436504,0.8745669350249006,0.2902395360039502,0.8455588925585451,0.004976041689114747,0.8826274117150046,0.017609299453552087,1.585974633693695,0.21830722509786246,0.0,0.0
1.0,0.0,10,185539.8,322.35342922533545,6.592555441544391,0.3498583002936955,0.13413512388148505,0.010718082008719088,2.383520462270826,0.2940070425452522,0.2591752757058139,0.04125269752645892,0.3077942931605115,0.05464911814192156,0.5526265883510366,0.21175312051487996,0.7889783329710441,0.007668583257555671,0.7998799355751721,0.0134601776334653,0.9713510870933533,0.04688021379109811,0.26449030163380716,0.5392796102856539
