beta,lambda_concentration,runs,pyvrp_cost_mean,pyvrp_cost_std,global_risk_mean,global_risk_std,global_cvar90_mean,global_cvar90_std,max_vehicle_risk_mean,max_vehicle_risk_std,max_vehicle_cvar90_mean,max_vehicle_cvar90_std,vehicle_risk_gini_mean,vehicle_risk_gini_std,risk_variance_mean,risk_variance_std,edge_burden_gini_used_mean,edge_burden_gini_used_std,top10_burden_share_mean,top10_burden_share_std,max_edge_burden_mean,max_edge_burden_std,cost_increase_pct,risk_reduction_pct
0.0,0.0,10,146730.9,582.7275807213293,6.8833670732215975,0.6189916252945383,0.20433968181882176,0.03999315636351772,2.3700415394283483,0.47958203367814406,0.3840576494955236,0.10547323241525115,0.2261366017758438,0.04895745976588882,0.38470811678926625,0.20982198686103387,0.8730104038318325,0.007063301886045819,0.8891930497556887,0.008431701896386487,1.0272974252700806,0.360955522031119,0.0,0.0
1.5,1.0,10,193641.6,358.19026601328335,2.049973605203559,0.028364716195930624,0.03896318479738032,0.003961844829851017,0.8530679167306516,0.022648273469582307,0.09110735445209438,0.010805518777875953,0.3063629527158828,0.010017650009903723,0.05870194656212766,0.003141760948641107,0.7455918582748693,0.006707846548124144,0.6852787810733086,0.007976501391865872,0.5730152726173401,0.0,0.31970566526886984,0.7021844711464996
