beta,lambda_concentration,runs,pyvrp_cost_mean,pyvrp_cost_std,global_risk_mean,global_risk_std,global_cvar90_mean,global_cvar90_std,max_vehicle_risk_mean,max_vehicle_risk_std,max_vehicle_cvar90_mean,max_vehicle_cvar90_std,vehicle_risk_gini_mean,vehicle_risk_gini_std,risk_variance_mean,risk_variance_std,edge_burden_gini_used_mean,edge_burden_gini_used_std,top10_burden_share_mean,top10_burden_share_std,max_edge_burden_mean,max_edge_burden_std,cost_increase_pct,risk_reduction_pct
0.0,0.0,10,146730.9,582.7275807213293,7.896748289063934,0.6427201589181647,0.22610580003276587,0.021253480304926933,2.6936723553953925,0.27787443293121167,0.41006782125149455,0.08030265999655321,0.24727153850120934,0.03203457761091064,0.5373846979785305,0.16287583315880202,0.8804099418862107,0.005973688921466033,0.9032409193475829,0.0068804008382466544,1.0408713340759277,0.3657249074286627,0.0,0.0
1.5,1.0,10,189377.8,656.8376765482727,2.0441406440333045,0.05262358980065051,0.04021204577035679,0.001884572653678768,0.7493731795053463,0.022781321584893884,0.07967321984469891,0.012917954956401608,0.2677080771872341,0.021613861879810646,0.04142177426516999,0.003641436309597481,0.7528873279258272,0.006878662784672714,0.6897228857221072,0.009697110766573298,0.3396504521369934,0.0,0.290647027994785,0.7411414712477363
