{
  "model": "stable_tail_ua_gnn",
  "split": "B",
  "seed": 6,
  "epochs": 50,
  "risk_mode": "exposure_floor",
  "exposure_delta": 0.01,
  "uncertainty_tau": 0.25,
  "experiment_tag": "stable_tail_ua_formal_10seed",
  "alpha_ord": 0.3,
  "alpha_hr": 0.5,
  "alpha_topk": 0.1,
  "lambda_nll": 0.2,
  "lambda_var": 0.01,
  "gamma_unc": 0.5,
  "logvar_min": -5.0,
  "logvar_max": 2.0,
  "metrics": {
    "data_2020_train": {
      "macro_f1": 0.29592621337472597,
      "weighted_f1": 0.6413513878536298,
      "mae": 1.027730108558818,
      "qwk": 0.4640512293257125,
      "recall_6_8": 0.525,
      "precision_6_8": 0.4666666666666667,
      "pr_auc_high": 0.5602984853605073,
      "high_fn_rate": 0.475,
      "brier": 0.4031183421611786,
      "ece": 0.07173684274951143,
      "ordinal_nll": 1.1092037180629508,
      "uncertainty_mean": 2.575286865234375,
      "correct_uncertainty": 2.5756640434265137,
      "error_uncertainty": 2.574389696121216,
      "error_uncertainty_corr": -0.002106424889023939,
      "high_fn_uncertainty": 2.4253623485565186
    },
    "data_2021_train": {
      "macro_f1": 0.3634920634920635,
      "weighted_f1": 0.6584859584859585,
      "mae": 0.9211086412168373,
      "qwk": 0.5797437854098526,
      "recall_6_8": 0.72,
      "precision_6_8": 0.5454545454545454,
      "pr_auc_high": 0.6734103264659893,
      "high_fn_rate": 0.28,
      "brier": 0.3761657774448395,
      "ece": 0.07613976697576533,
      "ordinal_nll": 1.0923349538968359,
      "uncertainty_mean": 2.595546245574951,
      "correct_uncertainty": 2.609647035598755,
      "error_uncertainty": 2.560183048248291,
      "error_uncertainty_corr": -0.0792159702939504,
      "high_fn_uncertainty": 2.326948881149292
    },
    "data_2021_test": {
      "macro_f1": 0.21739672600088944,
      "weighted_f1": 0.566139407757898,
      "mae": 1.2858060859905114,
      "qwk": 0.3322744974100481,
      "recall_6_8": 0.34615384615384615,
      "precision_6_8": 0.391304347826087,
      "pr_auc_high": 0.3347499812170533,
      "high_fn_rate": 0.6538461538461539,
      "brier": 0.5266996622085571,
      "ece": 0.11237635698404397,
      "ordinal_nll": 1.2032392745401035,
      "uncertainty_mean": 2.5648386478424072,
      "correct_uncertainty": 2.5335822105407715,
      "error_uncertainty": 2.6192469596862793,
      "error_uncertainty_corr": 0.14124604487992423,
      "high_fn_uncertainty": 2.5545265674591064
    }
  },
  "split_sizes": {
    "data_2020": {
      "train": 419,
      "val": 0,
      "test": 0
    },
    "data_2021": {
      "train": 221,
      "val": 0,
      "test": 222
    }
  },
  "risk_summaries": {
    "data_2020": {
      "edge_count": 6603,
      "risk_min": 0.0019122569356113672,
      "risk_max": 1.0,
      "risk_mean": 0.03304120525717735,
      "risk_p25": 0.003238394157961011,
      "risk_p50": 0.0038822039496153593,
      "risk_p75": 0.007169176358729601,
      "risk_p90": 0.009999999776482582,
      "risk_p95": 0.21994225680828094,
      "risk_p99": 0.7360863089561462,
      "zero_risk_edge_count": 0,
      "zero_risk_edge_ratio": 0.0,
      "edge_attribute_zero_ratio": 0.928365894290474,
      "matrix_5x8": [
        [
          0,
          654,
          325,
          95,
          99,
          120,
          28,
          0
        ],
        [
          0,
          599,
          297,
          121,
          98,
          123,
          83,
          0
        ],
        [
          0,
          525,
          321,
          123,
          147,
          140,
          64,
          0
        ],
        [
          0,
          547,
          353,
          118,
          92,
          136,
          75,
          0
        ],
        [
          0,
          540,
          338,
          102,
          147,
          141,
          52,
          0
        ]
      ]
    },
    "data_2021": {
      "edge_count": 7647,
      "risk_min": 0.0019334014505147934,
      "risk_max": 0.9999998807907104,
      "risk_mean": 0.030873188748955727,
      "risk_p25": 0.0032836522441357374,
      "risk_p50": 0.003904827171936631,
      "risk_p75": 0.006860401481389999,
      "risk_p90": 0.009610610082745552,
      "risk_p95": 0.19363076984882355,
      "risk_p99": 0.6500787138938904,
      "zero_risk_edge_count": 0,
      "zero_risk_edge_ratio": 0.0,
      "edge_attribute_zero_ratio": 0.9314763959722767,
      "matrix_5x8": [
        [
          0,
          735,
          440,
          143,
          126,
          75,
          11,
          0
        ],
        [
          0,
          686,
          390,
          130,
          122,
          143,
          58,
          0
        ],
        [
          0,
          612,
          412,
          162,
          128,
          173,
          43,
          0
        ],
        [
          0,
          611,
          402,
          118,
          102,
          222,
          74,
          0
        ],
        [
          0,
          568,
          428,
          173,
          112,
          206,
          42,
          0
        ]
      ]
    }
  }
}