beta,lambda_concentration,runs,pyvrp_cost_mean,pyvrp_cost_std,global_risk_mean,global_risk_std,global_cvar90_mean,global_cvar90_std,max_vehicle_risk_mean,max_vehicle_risk_std,max_vehicle_cvar90_mean,max_vehicle_cvar90_std,vehicle_risk_gini_mean,vehicle_risk_gini_std,risk_variance_mean,risk_variance_std,edge_burden_gini_used_mean,edge_burden_gini_used_std,top10_burden_share_mean,top10_burden_share_std,max_edge_burden_mean,max_edge_burden_std,cost_increase_pct,risk_reduction_pct
0.0,0.0,10,133997.6,0.6992058987801011,7.435601701404629,0.8663904617947031,0.21012598723094666,0.04426276236340661,2.329849304147897,0.38395671321904024,0.3814609504387979,0.09819170731600446,0.18872981288127125,0.061523708114680824,0.3075067754201737,0.20283654750183527,0.8479401607037687,0.011676515734713282,0.8749087195779326,0.011689596299717886,1.1119485840566603,0.4126705213391257,0.0,0.0
1.0,0.0,10,157996.8,435.3804977003193,2.9614428070097514,0.20802500459498977,0.06613819197436097,0.01264384649017368,0.903582908400789,0.09771399356857703,0.1093990465174931,0.023694866597379773,0.2016596185048373,0.07008583697018177,0.050105793547125854,0.02760440551802682,0.7357376941202914,0.014346749811729982,0.7335136527108264,0.016929037590436506,0.37420024203115526,0.04405368203610888,0.17910171525460145,0.6017211617923376
