beta,lambda_concentration,runs,pyvrp_cost_mean,pyvrp_cost_std,global_risk_mean,global_risk_std,global_cvar90_mean,global_cvar90_std,max_vehicle_risk_mean,max_vehicle_risk_std,max_vehicle_cvar90_mean,max_vehicle_cvar90_std,vehicle_risk_gini_mean,vehicle_risk_gini_std,risk_variance_mean,risk_variance_std,edge_burden_gini_used_mean,edge_burden_gini_used_std,top10_burden_share_mean,top10_burden_share_std,max_edge_burden_mean,max_edge_burden_std,cost_increase_pct,risk_reduction_pct
0.0,0.0,10,146730.9,582.7275807213293,7.738459674085607,0.6087682009106915,0.23091182522858036,0.03139790206075621,2.5021417064475826,0.46391367299881536,0.39517325040130385,0.1013837118149945,0.2045068967116527,0.04670150398904536,0.38071073605828837,0.17598647952280438,0.8280607535262797,0.009771876425980262,0.855998548282859,0.011592512855318052,1.0261589527130126,0.36055550354957117,0.0,0.0
1.0,0.0,10,176324.0,725.4273836083726,4.055888708657585,0.17940328137212064,0.09595093631355377,0.004694004649828112,1.309024235396646,0.06933215826388277,0.1936093600923639,0.0167885419567271,0.23961795006899206,0.036829505637722165,0.131771454142589,0.04580273559723387,0.7461691965412379,0.009380684313381864,0.7496034808491177,0.010308723826741653,0.6327472925186157,0.0,0.2016828084609309,0.4758790664451819
