beta,lambda_concentration,runs,pyvrp_cost_mean,pyvrp_cost_std,global_risk_mean,global_risk_std,global_cvar90_mean,global_cvar90_std,max_vehicle_risk_mean,max_vehicle_risk_std,max_vehicle_cvar90_mean,max_vehicle_cvar90_std,vehicle_risk_gini_mean,vehicle_risk_gini_std,risk_variance_mean,risk_variance_std,edge_burden_gini_used_mean,edge_burden_gini_used_std,top10_burden_share_mean,top10_burden_share_std,max_edge_burden_mean,max_edge_burden_std,cost_increase_pct,risk_reduction_pct
0.0,0.0,10,146730.9,582.7275807213293,9.476596341748523,0.7004983881727892,0.29815853066932596,0.033192004412627,3.078850711505079,0.23380072666010251,0.43777468341223047,0.04933188777626335,0.20755962402180553,0.0365486650276249,0.5614897590023891,0.17397431534838517,0.876672419975199,0.0054256599642377,0.8982804206380995,0.007457507171059022,1.2161656114115436,0.29554372016472713,0.0,0.0
1.0,0.0,10,177082.0,310.9372927134987,3.842953416222776,0.35035888282790684,0.08048972674915238,0.014982786510680695,1.54161519141388,0.20074081148281592,0.18118812240811344,0.023726001456578227,0.3162357866625578,0.03301144418145834,0.21355315893640134,0.065382267210673,0.815860314424542,0.01089843317758551,0.7901488161270933,0.01705224212687443,0.8733641207703329,0.0,0.20684872784123867,0.5944795707617627
