{
  "model": "ua_gnn",
  "split": "B",
  "seed": 0,
  "epochs": 50,
  "risk_mode": "exposure_floor",
  "exposure_delta": 0.01,
  "uncertainty_tau": 1.0,
  "experiment_tag": "ua_pretest_3seed",
  "alpha_ord": 0.3,
  "alpha_hr": 0.5,
  "alpha_topk": 0.1,
  "lambda_nll": 0.2,
  "lambda_var": 0.01,
  "metrics": {
    "data_2020_train": {
      "macro_f1": 0.38805212975592984,
      "weighted_f1": 0.7035923896220633,
      "mae": 0.9744806647175067,
      "qwk": 0.569554866249701,
      "recall_6_8": 0.55,
      "precision_6_8": 0.7333333333333333,
      "pr_auc_high": 0.8112805064881222,
      "high_fn_rate": 0.45,
      "brier": 0.3537213206291199,
      "ece": 0.101848995201912,
      "ordinal_nll": 0.7471527712644744,
      "uncertainty_mean": 1.3691872358322144,
      "correct_uncertainty": 1.3537828922271729,
      "error_uncertainty": 1.418326735496521,
      "error_uncertainty_corr": 0.0669493592969362,
      "high_fn_uncertainty": 1.359195590019226
    },
    "data_2021_train": {
      "macro_f1": 0.5665882384596703,
      "weighted_f1": 0.7461369170710029,
      "mae": 0.8283534582608644,
      "qwk": 0.6163205753614431,
      "recall_6_8": 0.6,
      "precision_6_8": 0.8823529411764706,
      "pr_auc_high": 0.9105703698198915,
      "high_fn_rate": 0.4,
      "brier": 0.2905789315700531,
      "ece": 0.10417705855218534,
      "ordinal_nll": 0.6626916536201373,
      "uncertainty_mean": 1.2943289279937744,
      "correct_uncertainty": 1.3081281185150146,
      "error_uncertainty": 1.2432422637939453,
      "error_uncertainty_corr": -0.06992457180758115,
      "high_fn_uncertainty": 1.1931092739105225
    },
    "data_2021_test": {
      "macro_f1": 0.2968948643487527,
      "weighted_f1": 0.6091661737225048,
      "mae": 1.2746060120779898,
      "qwk": 0.2844979043119007,
      "recall_6_8": 0.2692307692307692,
      "precision_6_8": 0.5,
      "pr_auc_high": 0.4467901982009747,
      "high_fn_rate": 0.7307692307692307,
      "brier": 0.4679647982120514,
      "ece": 0.09239568353236256,
      "ordinal_nll": 1.0864478170938983,
      "uncertainty_mean": 1.3243275880813599,
      "correct_uncertainty": 1.265185832977295,
      "error_uncertainty": 1.4475395679473877,
      "error_uncertainty_corr": 0.20420514592008157,
      "high_fn_uncertainty": 1.5423943996429443
    }
  },
  "split_sizes": {
    "data_2020": {
      "train": 419,
      "val": 0,
      "test": 0
    },
    "data_2021": {
      "train": 221,
      "val": 0,
      "test": 222
    }
  },
  "risk_summaries": {
    "data_2020": {
      "edge_count": 6603,
      "risk_min": 0.0021063180174678564,
      "risk_max": 1.0,
      "risk_mean": 0.04161596670746803,
      "risk_p25": 0.005109687335789204,
      "risk_p50": 0.006010173354297876,
      "risk_p75": 0.008765093982219696,
      "risk_p90": 0.009999999776482582,
      "risk_p95": 0.3260639011859894,
      "risk_p99": 0.842502236366272,
      "zero_risk_edge_count": 0,
      "zero_risk_edge_ratio": 0.0,
      "edge_attribute_zero_ratio": 0.928365894290474,
      "matrix_5x8": [
        [
          0,
          470,
          564,
          172,
          19,
          33,
          40,
          23
        ],
        [
          0,
          437,
          494,
          182,
          58,
          27,
          51,
          72
        ],
        [
          0,
          323,
          531,
          290,
          67,
          42,
          37,
          30
        ],
        [
          0,
          350,
          556,
          208,
          45,
          84,
          31,
          47
        ],
        [
          0,
          358,
          550,
          229,
          40,
          43,
          73,
          27
        ]
      ]
    },
    "data_2021": {
      "edge_count": 7647,
      "risk_min": 0.0017421492375433445,
      "risk_max": 0.9999998807907104,
      "risk_mean": 0.039882440119981766,
      "risk_p25": 0.005192089360207319,
      "risk_p50": 0.006101300474256277,
      "risk_p75": 0.008816995657980442,
      "risk_p90": 0.009999999776482582,
      "risk_p95": 0.3100980222225189,
      "risk_p99": 0.751003086566925,
      "zero_risk_edge_count": 0,
      "zero_risk_edge_ratio": 0.0,
      "edge_attribute_zero_ratio": 0.9314763959722767,
      "matrix_5x8": [
        [
          0,
          596,
          676,
          200,
          14,
          2,
          39,
          3
        ],
        [
          0,
          477,
          547,
          319,
          57,
          44,
          40,
          45
        ],
        [
          0,
          300,
          722,
          337,
          65,
          33,
          52,
          21
        ],
        [
          0,
          338,
          665,
          323,
          88,
          55,
          39,
          21
        ],
        [
          0,
          384,
          696,
          251,
          50,
          72,
          57,
          19
        ]
      ]
    }
  }
}