{
  "model": "ua_teg_gnn",
  "split": "B",
  "seed": 1,
  "epochs": 50,
  "risk_mode": "exposure_floor",
  "exposure_delta": 0.01,
  "uncertainty_tau": 0.5,
  "experiment_tag": "ua_pretest_3seed",
  "alpha_ord": 0.3,
  "alpha_hr": 0.5,
  "alpha_topk": 0.1,
  "lambda_nll": 0.2,
  "lambda_var": 0.01,
  "metrics": {
    "data_2020_train": {
      "macro_f1": 0.3053389150105325,
      "weighted_f1": 0.6574121297484358,
      "mae": 1.0361340451075265,
      "qwk": 0.49390041418067043,
      "recall_6_8": 0.5,
      "precision_6_8": 0.6451612903225806,
      "pr_auc_high": 0.646569116683208,
      "high_fn_rate": 0.5,
      "brier": 0.4101344048976898,
      "ece": 0.0931913912794186,
      "ordinal_nll": 0.7129482944720611,
      "uncertainty_mean": 1.210660696029663,
      "correct_uncertainty": 1.1181129217147827,
      "error_uncertainty": 1.4553085565567017,
      "error_uncertainty_corr": 0.26072942241376285,
      "high_fn_uncertainty": 1.560382604598999
    },
    "data_2021_train": {
      "macro_f1": 0.3201119882554377,
      "weighted_f1": 0.6545847636930976,
      "mae": 1.0012060708788368,
      "qwk": 0.5142997784888015,
      "recall_6_8": 0.52,
      "precision_6_8": 0.65,
      "pr_auc_high": 0.6823812527791249,
      "high_fn_rate": 0.48,
      "brier": 0.3995034992694855,
      "ece": 0.09055952437862551,
      "ordinal_nll": 0.6708212073912924,
      "uncertainty_mean": 1.2048662900924683,
      "correct_uncertainty": 1.1266709566116333,
      "error_uncertainty": 1.4099687337875366,
      "error_uncertainty_corr": 0.20961309331857844,
      "high_fn_uncertainty": 1.295385479927063
    },
    "data_2021_test": {
      "macro_f1": 0.1994064465408805,
      "weighted_f1": 0.5535643662530455,
      "mae": 1.372173799901423,
      "qwk": 0.2562891308863239,
      "recall_6_8": 0.23076923076923078,
      "precision_6_8": 0.4,
      "pr_auc_high": 0.34454024079794715,
      "high_fn_rate": 0.7692307692307693,
      "brier": 0.542780876159668,
      "ece": 0.08211408703176824,
      "ordinal_nll": 1.324708133812849,
      "uncertainty_mean": 1.2190881967544556,
      "correct_uncertainty": 1.0878615379333496,
      "error_uncertainty": 1.4431343078613281,
      "error_uncertainty_corr": 0.3085092704632514,
      "high_fn_uncertainty": 1.3874268531799316
    }
  },
  "split_sizes": {
    "data_2020": {
      "train": 419,
      "val": 0,
      "test": 0
    },
    "data_2021": {
      "train": 221,
      "val": 0,
      "test": 222
    }
  },
  "risk_summaries": {
    "data_2020": {
      "edge_count": 6603,
      "risk_min": 0.0004216558882035315,
      "risk_max": 1.0,
      "risk_mean": 0.03400254249572754,
      "risk_p25": 0.002706207800656557,
      "risk_p50": 0.0036581563763320446,
      "risk_p75": 0.0074840388260781765,
      "risk_p90": 0.009999999776482582,
      "risk_p95": 0.22381828725337982,
      "risk_p99": 0.7369610667228699,
      "zero_risk_edge_count": 0,
      "zero_risk_edge_ratio": 0.0,
      "edge_attribute_zero_ratio": 0.928365894290474,
      "matrix_5x8": [
        [
          0,
          558,
          437,
          159,
          61,
          38,
          68,
          0
        ],
        [
          0,
          586,
          363,
          151,
          58,
          38,
          125,
          0
        ],
        [
          0,
          489,
          406,
          153,
          134,
          57,
          81,
          0
        ],
        [
          0,
          469,
          442,
          163,
          93,
          58,
          96,
          0
        ],
        [
          0,
          383,
          514,
          168,
          86,
          68,
          101,
          0
        ]
      ]
    },
    "data_2021": {
      "edge_count": 7647,
      "risk_min": 0.00018585815269034356,
      "risk_max": 0.9999998807907104,
      "risk_mean": 0.0315852090716362,
      "risk_p25": 0.0026271059177815914,
      "risk_p50": 0.00355548202060163,
      "risk_p75": 0.007052374538034201,
      "risk_p90": 0.009999999776482582,
      "risk_p95": 0.18314339220523834,
      "risk_p99": 0.6886197924613953,
      "zero_risk_edge_count": 0,
      "zero_risk_edge_ratio": 0.0,
      "edge_attribute_zero_ratio": 0.9314763959722767,
      "matrix_5x8": [
        [
          0,
          649,
          566,
          201,
          47,
          18,
          49,
          0
        ],
        [
          0,
          631,
          470,
          156,
          122,
          66,
          84,
          0
        ],
        [
          0,
          537,
          504,
          217,
          139,
          59,
          74,
          0
        ],
        [
          0,
          539,
          500,
          189,
          163,
          88,
          50,
          0
        ],
        [
          0,
          494,
          539,
          215,
          108,
          95,
          78,
          0
        ]
      ]
    }
  }
}