beta,lambda_concentration,runs,pyvrp_cost_mean,pyvrp_cost_std,global_risk_mean,global_risk_std,global_cvar90_mean,global_cvar90_std,max_vehicle_risk_mean,max_vehicle_risk_std,max_vehicle_cvar90_mean,max_vehicle_cvar90_std,vehicle_risk_gini_mean,vehicle_risk_gini_std,risk_variance_mean,risk_variance_std,edge_burden_gini_used_mean,edge_burden_gini_used_std,top10_burden_share_mean,top10_burden_share_std,max_edge_burden_mean,max_edge_burden_std,cost_increase_pct,risk_reduction_pct
0.0,0.0,10,133997.5,0.7071067811865476,11.800066527057789,1.1877964810161359,0.20817345756938713,0.1377518570305883,3.394875880953623,0.5104574329850887,0.5284014174608248,0.13912766767899842,0.14860968276786818,0.05070212896593649,0.4938367656605281,0.361677103123423,0.8725168595207942,0.006699131367230021,0.8988910191528762,0.005715170950176038,1.8181037902832031,0.15655112612893773,0.0,0.0
1.0,0.0,10,161084.4,188.00011820327254,4.616305251271115,0.22154640416642832,0.05518657756853769,0.002629319849075807,1.8876831775181926,0.3208784238571771,0.10121787990786528,0.012725799292781096,0.35727650288187524,0.0785836752571834,0.38350494624610265,0.14860493154336077,0.8039705982034082,0.005307343592197644,0.7813257902813903,0.007996546741517768,1.0099999904632568,0.0,0.20214481613462934,0.6087898961682594
2.0,0.0,10,175406.7,428.52331714077513,3.3863588266423905,0.2162264666891234,0.03772702227109579,0.0032104380022287514,1.339457645654329,0.025939468017206174,0.06889535977024704,0.010123564719733729,0.3337582072956937,0.03368903571902114,0.1700667847326483,0.024192625879802886,0.7473069601808289,0.015318170040718377,0.700632488662192,0.020406525249965,1.0099999904632568,0.0,0.30902964607548655,0.7130220563690792
