{
  "model": "stable_tail_ua_gnn",
  "split": "B",
  "seed": 8,
  "epochs": 50,
  "risk_mode": "exposure_floor",
  "exposure_delta": 0.01,
  "uncertainty_tau": 0.0,
  "experiment_tag": "stable_tail_ua_formal_10seed",
  "alpha_ord": 0.3,
  "alpha_hr": 0.5,
  "alpha_topk": 0.1,
  "lambda_nll": 0.2,
  "lambda_var": 0.01,
  "gamma_unc": 0.5,
  "logvar_min": -5.0,
  "logvar_max": 2.0,
  "metrics": {
    "data_2020_train": {
      "macro_f1": 0.28065923692324407,
      "weighted_f1": 0.650650542204679,
      "mae": 1.0411143314613713,
      "qwk": 0.5173887738814658,
      "recall_6_8": 0.575,
      "precision_6_8": 0.6216216216216216,
      "pr_auc_high": 0.6046802222549018,
      "high_fn_rate": 0.425,
      "brier": 0.41827505826950073,
      "ece": 0.09045315485865518,
      "ordinal_nll": 1.1082068546968364,
      "uncertainty_mean": 2.564750909805298,
      "correct_uncertainty": 2.5604028701782227,
      "error_uncertainty": 2.5755839347839355,
      "error_uncertainty_corr": 0.023851834370805562,
      "high_fn_uncertainty": 2.3747551441192627
    },
    "data_2021_train": {
      "macro_f1": 0.36323061076350555,
      "weighted_f1": 0.6792858282200982,
      "mae": 0.9697020952927257,
      "qwk": 0.5487542490115723,
      "recall_6_8": 0.56,
      "precision_6_8": 0.7368421052631579,
      "pr_auc_high": 0.7289972870062809,
      "high_fn_rate": 0.44,
      "brier": 0.3848555088043213,
      "ece": 0.1161136397948632,
      "ordinal_nll": 1.0867285189380624,
      "uncertainty_mean": 2.544435739517212,
      "correct_uncertainty": 2.5591845512390137,
      "error_uncertainty": 2.503939628601074,
      "error_uncertainty_corr": -0.08026688833388139,
      "high_fn_uncertainty": 2.1689398288726807
    },
    "data_2021_test": {
      "macro_f1": 0.22743384489074142,
      "weighted_f1": 0.5678601583773998,
      "mae": 1.299252468576593,
      "qwk": 0.2657600836845829,
      "recall_6_8": 0.3076923076923077,
      "precision_6_8": 0.5714285714285714,
      "pr_auc_high": 0.3844117869566406,
      "high_fn_rate": 0.6923076923076923,
      "brier": 0.5317327976226807,
      "ece": 0.11329963346859358,
      "ordinal_nll": 1.1667461191892703,
      "uncertainty_mean": 2.493438959121704,
      "correct_uncertainty": 2.4596848487854004,
      "error_uncertainty": 2.554537773132324,
      "error_uncertainty_corr": 0.12725377160890738,
      "high_fn_uncertainty": 2.504199266433716
    }
  },
  "split_sizes": {
    "data_2020": {
      "train": 419,
      "val": 0,
      "test": 0
    },
    "data_2021": {
      "train": 221,
      "val": 0,
      "test": 222
    }
  },
  "risk_summaries": {
    "data_2020": {
      "edge_count": 6603,
      "risk_min": 3.2833642649165995e-07,
      "risk_max": 0.8371780514717102,
      "risk_mean": 0.019660387188196182,
      "risk_p25": 0.0010414940770715475,
      "risk_p50": 0.0018322194227948785,
      "risk_p75": 0.004028725903481245,
      "risk_p90": 0.008078699000179768,
      "risk_p95": 0.10178004205226898,
      "risk_p99": 0.41584905982017517,
      "zero_risk_edge_count": 0,
      "zero_risk_edge_ratio": 0.0,
      "edge_attribute_zero_ratio": 0.928365894290474,
      "matrix_5x8": [
        [
          0,
          663,
          340,
          153,
          68,
          35,
          62,
          0
        ],
        [
          0,
          566,
          382,
          119,
          79,
          51,
          124,
          0
        ],
        [
          0,
          466,
          403,
          171,
          138,
          64,
          78,
          0
        ],
        [
          0,
          473,
          425,
          162,
          84,
          91,
          86,
          0
        ],
        [
          0,
          515,
          414,
          151,
          69,
          84,
          87,
          0
        ]
      ]
    },
    "data_2021": {
      "edge_count": 7647,
      "risk_min": 3.7142208952900546e-07,
      "risk_max": 0.8490944504737854,
      "risk_mean": 0.017868367955088615,
      "risk_p25": 0.0010838955640792847,
      "risk_p50": 0.0019167430000379682,
      "risk_p75": 0.0038993305061012506,
      "risk_p90": 0.007069454528391361,
      "risk_p95": 0.09605985879898071,
      "risk_p99": 0.42349177598953247,
      "zero_risk_edge_count": 0,
      "zero_risk_edge_ratio": 0.0,
      "edge_attribute_zero_ratio": 0.9314763959722767,
      "matrix_5x8": [
        [
          0,
          833,
          434,
          142,
          48,
          35,
          38,
          0
        ],
        [
          0,
          614,
          448,
          151,
          152,
          85,
          79,
          0
        ],
        [
          0,
          485,
          548,
          197,
          163,
          77,
          60,
          0
        ],
        [
          0,
          502,
          505,
          172,
          222,
          93,
          35,
          0
        ],
        [
          0,
          546,
          518,
          158,
          125,
          123,
          59,
          0
        ]
      ]
    }
  }
}