{
  "edge_count": 6650,
  "zero_risk_edge_count": 6176,
  "zero_risk_edge_ratio": 0.9287218045112782,
  "risk_min": 0.0,
  "risk_p25": 0.0,
  "risk_p50": 0.0,
  "risk_p75": 0.0,
  "risk_p90": 0.0,
  "risk_p95": 0.20013005211949336,
  "risk_p99": 0.4439540755748749,
  "risk_max": 0.8566391468048096,
  "edge_attribute_zero_ratio": 0.9287218045112782,
  "S_i_norm_zero_or_near_zero_ratio": 0.00022951572182694515
}