{
  "model": "stable_tail_ua_gnn",
  "split": "B",
  "seed": 7,
  "epochs": 50,
  "risk_mode": "exposure_floor",
  "exposure_delta": 0.01,
  "uncertainty_tau": 0.0,
  "experiment_tag": "stable_tail_ua_formal_10seed",
  "alpha_ord": 0.3,
  "alpha_hr": 0.5,
  "alpha_topk": 0.1,
  "lambda_nll": 0.2,
  "lambda_var": 0.01,
  "gamma_unc": 0.5,
  "logvar_min": -5.0,
  "logvar_max": 2.0,
  "metrics": {
    "data_2020_train": {
      "macro_f1": 0.3385029682023194,
      "weighted_f1": 0.6713372724582638,
      "mae": 0.9375443512902718,
      "qwk": 0.5088889482164833,
      "recall_6_8": 0.525,
      "precision_6_8": 0.5675675675675675,
      "pr_auc_high": 0.6256217603271531,
      "high_fn_rate": 0.475,
      "brier": 0.3830467760562897,
      "ece": 0.07916659049174095,
      "ordinal_nll": 0.8951814172830147,
      "uncertainty_mean": 2.0035736560821533,
      "correct_uncertainty": 1.9760360717773438,
      "error_uncertainty": 2.0790562629699707,
      "error_uncertainty_corr": 0.08341660320358343,
      "high_fn_uncertainty": 1.9995641708374023
    },
    "data_2021_train": {
      "macro_f1": 0.4137279495634039,
      "weighted_f1": 0.6989857015685542,
      "mae": 0.7387766289989491,
      "qwk": 0.612411319408664,
      "recall_6_8": 0.68,
      "precision_6_8": 0.6071428571428571,
      "pr_auc_high": 0.8097503116334346,
      "high_fn_rate": 0.32,
      "brier": 0.3312073051929474,
      "ece": 0.08411205988124484,
      "ordinal_nll": 0.8167445581891236,
      "uncertainty_mean": 1.9987176656723022,
      "correct_uncertainty": 1.9828987121582031,
      "error_uncertainty": 2.0464625358581543,
      "error_uncertainty_corr": 0.05025308142079265,
      "high_fn_uncertainty": 1.7264344692230225
    },
    "data_2021_test": {
      "macro_f1": 0.2283470561696368,
      "weighted_f1": 0.5767981945401299,
      "mae": 1.357097745717457,
      "qwk": 0.2556182243072759,
      "recall_6_8": 0.2692307692307692,
      "precision_6_8": 0.4117647058823529,
      "pr_auc_high": 0.33971687233466036,
      "high_fn_rate": 0.7307692307692307,
      "brier": 0.5398947596549988,
      "ece": 0.09933612569495363,
      "ordinal_nll": 1.1959253852895966,
      "uncertainty_mean": 1.9398595094680786,
      "correct_uncertainty": 1.9059832096099854,
      "error_uncertainty": 2.0011796951293945,
      "error_uncertainty_corr": 0.08296348907850226,
      "high_fn_uncertainty": 1.807708978652954
    }
  },
  "split_sizes": {
    "data_2020": {
      "train": 419,
      "val": 0,
      "test": 0
    },
    "data_2021": {
      "train": 221,
      "val": 0,
      "test": 222
    }
  },
  "risk_summaries": {
    "data_2020": {
      "edge_count": 6603,
      "risk_min": 1.6057490483945003e-06,
      "risk_max": 0.8257870078086853,
      "risk_mean": 0.01899588666856289,
      "risk_p25": 0.0007015468436293304,
      "risk_p50": 0.0015547836665064096,
      "risk_p75": 0.004185883328318596,
      "risk_p90": 0.007598910015076399,
      "risk_p95": 0.08579123020172119,
      "risk_p99": 0.4170224368572235,
      "zero_risk_edge_count": 0,
      "zero_risk_edge_ratio": 0.0,
      "edge_attribute_zero_ratio": 0.928365894290474,
      "matrix_5x8": [
        [
          0,
          771,
          221,
          130,
          69,
          67,
          63,
          0
        ],
        [
          0,
          666,
          230,
          156,
          88,
          56,
          125,
          0
        ],
        [
          0,
          571,
          286,
          160,
          110,
          114,
          79,
          0
        ],
        [
          0,
          631,
          252,
          162,
          72,
          108,
          96,
          0
        ],
        [
          0,
          620,
          307,
          131,
          79,
          96,
          87,
          0
        ]
      ]
    },
    "data_2021": {
      "edge_count": 7647,
      "risk_min": 1.9158635211624642e-07,
      "risk_max": 0.8366037011146545,
      "risk_mean": 0.017819002270698547,
      "risk_p25": 0.000736952992156148,
      "risk_p50": 0.001605078810825944,
      "risk_p75": 0.004258020780980587,
      "risk_p90": 0.007345634512603283,
      "risk_p95": 0.0750834047794342,
      "risk_p99": 0.41786253452301025,
      "zero_risk_edge_count": 0,
      "zero_risk_edge_ratio": 0.0,
      "edge_attribute_zero_ratio": 0.9314763959722767,
      "matrix_5x8": [
        [
          0,
          908,
          309,
          126,
          104,
          35,
          48,
          0
        ],
        [
          0,
          788,
          262,
          139,
          136,
          121,
          83,
          0
        ],
        [
          0,
          661,
          362,
          176,
          147,
          115,
          69,
          0
        ],
        [
          0,
          653,
          345,
          165,
          116,
          202,
          48,
          0
        ],
        [
          0,
          692,
          373,
          134,
          96,
          160,
          74,
          0
        ]
      ]
    }
  }
}