beta,lambda_concentration,runs,pyvrp_cost_mean,pyvrp_cost_std,global_risk_mean,global_risk_std,global_cvar90_mean,global_cvar90_std,max_vehicle_risk_mean,max_vehicle_risk_std,max_vehicle_cvar90_mean,max_vehicle_cvar90_std,vehicle_risk_gini_mean,vehicle_risk_gini_std,risk_variance_mean,risk_variance_std,edge_burden_gini_used_mean,edge_burden_gini_used_std,top10_burden_share_mean,top10_burden_share_std,max_edge_burden_mean,max_edge_burden_std,cost_increase_pct,risk_reduction_pct
0.0,0.0,10,133997.6,0.6992058987801011,12.505550157395191,1.1701423260920993,0.3761471743132654,0.059684921950426434,3.393210137588903,0.3187653273067343,0.5283444950141989,0.0988695176307546,0.1341536022288416,0.02784640927626111,0.40426000625712255,0.17811722117647022,0.8453735217347218,0.007464389445052653,0.8815460597673017,0.013434103867811558,1.6994643449783324,0.20738914036039763,0.0,0.0
1.5,1.0,10,187160.7,5.375872022286245,3.597370704356581,0.28633102850088543,0.07269730178739434,0.00840521025935283,1.7922143866308033,0.0,0.1844660136848688,0.0,0.393064074920369,0.01930104306299146,0.3201868956314483,0.011369860880033056,0.6635864686469519,0.022175462501932287,0.6459406545847759,0.024859987469174206,0.9889121055603027,0.0,0.3967466581491012,0.712338069170833
2.0,1.0,10,195320.1,152.10555545409906,3.5941917379619555,0.28814069507847806,0.07269210992481119,0.008407948823961496,1.791562254796736,0.002062221930355985,0.18098086923360826,0.011020994440681074,0.3932891005336283,0.019421441172754447,0.3201258859531908,0.011342202466922026,0.6637647412109606,0.021481613763175908,0.6459643727364484,0.024452104851427594,0.9889121055603027,0.0,0.45763879353063036,0.7125922736124302
