{
  "model": "stable_tail_rc_gnn",
  "source_model": "gcn_teg_concat",
  "seed": 9,
  "delta": 0.35,
  "risk_mode": "exposure_floor",
  "exposure_delta": 0.01,
  "posthoc_formula": "clip(S_i_norm + delta * P_high * (1 - S_i_norm), 0, 1)",
  "risk_summaries": {
    "data_2020": {
      "edge_count": 6603,
      "risk_min": 1.7030036638126162e-10,
      "risk_max": 0.9216782164086279,
      "risk_mean": 0.020066582384771846,
      "risk_p25": 0.0007690738472655213,
      "risk_p50": 0.001889652980480479,
      "risk_p75": 0.00414035932174504,
      "risk_p90": 0.009041720616086633,
      "risk_p95": 0.08358822501635797,
      "risk_p99": 0.4604347830507056,
      "zero_risk_edge_count": 0,
      "zero_risk_edge_ratio": 0.0,
      "edge_attribute_zero_ratio": 0.928365894290474,
      "matrix_5x8": [
        [
          0,
          535,
          428,
          196,
          66,
          10,
          72,
          14
        ],
        [
          0,
          704,
          280,
          122,
          44,
          22,
          82,
          67
        ],
        [
          0,
          633,
          309,
          169,
          80,
          44,
          40,
          45
        ],
        [
          0,
          646,
          296,
          151,
          48,
          23,
          120,
          37
        ],
        [
          0,
          534,
          413,
          154,
          68,
          27,
          91,
          33
        ]
      ]
    },
    "data_2021": {
      "edge_count": 7647,
      "risk_min": 2.7490322822091354e-17,
      "risk_max": 0.9171155788095341,
      "risk_mean": 0.017542617034497936,
      "risk_p25": 0.0008494883448699198,
      "risk_p50": 0.001990417724184443,
      "risk_p75": 0.004074692470780234,
      "risk_p90": 0.008899078906578223,
      "risk_p95": 0.07012352611169492,
      "risk_p99": 0.441642023693741,
      "zero_risk_edge_count": 4,
      "zero_risk_edge_ratio": 0.0005230809467765136,
      "edge_attribute_zero_ratio": 0.9314763959722767,
      "matrix_5x8": [
        [
          1,
          622,
          533,
          260,
          35,
          21,
          54,
          4
        ],
        [
          3,
          797,
          316,
          151,
          119,
          28,
          60,
          55
        ],
        [
          0,
          772,
          338,
          183,
          90,
          66,
          51,
          30
        ],
        [
          0,
          679,
          398,
          183,
          92,
          89,
          52,
          36
        ],
        [
          0,
          587,
          541,
          160,
          80,
          56,
          74,
          31
        ]
      ]
    }
  }
}