beta,lambda_concentration,runs,pyvrp_cost_mean,pyvrp_cost_std,global_risk_mean,global_risk_std,global_cvar90_mean,global_cvar90_std,max_vehicle_risk_mean,max_vehicle_risk_std,max_vehicle_cvar90_mean,max_vehicle_cvar90_std,vehicle_risk_gini_mean,vehicle_risk_gini_std,risk_variance_mean,risk_variance_std,edge_burden_gini_used_mean,edge_burden_gini_used_std,top10_burden_share_mean,top10_burden_share_std,max_edge_burden_mean,max_edge_burden_std,cost_increase_pct,risk_reduction_pct
0.0,0.0,10,133998.1,0.7378647873726218,8.192166787435076,0.9962413514241605,0.2533254395748811,0.05591256891170072,2.29909384386232,0.3249318062088903,0.38001015355385304,0.08002820723854485,0.15521998001270926,0.04465841399236946,0.2432194018180589,0.15416493529125574,0.8801187240521001,0.007575121515330497,0.8984210960659047,0.010124676711765344,1.1767881368609552,0.28556616486669384,0.0,0.0
1.0,0.0,10,159004.2,248.20457512123164,2.9176279794513453,0.12249096763772137,0.07635634756358448,0.005566204459309599,1.0011597655495905,0.04697082526792668,0.12010561138084372,0.01177848958271242,0.2941831588834074,0.059841059415860015,0.10085987235480598,0.030639267563551797,0.804249457738768,0.006636704837042236,0.7726419994860052,0.011295885773107812,0.7051916574156352,1.1702778228589004e-16,0.18661533260546234,0.6438514918999246
