beta,lambda_concentration,runs,pyvrp_cost_mean,pyvrp_cost_std,global_risk_mean,global_risk_std,global_cvar90_mean,global_cvar90_std,max_vehicle_risk_mean,max_vehicle_risk_std,max_vehicle_cvar90_mean,max_vehicle_cvar90_std,vehicle_risk_gini_mean,vehicle_risk_gini_std,risk_variance_mean,risk_variance_std,edge_burden_gini_used_mean,edge_burden_gini_used_std,top10_burden_share_mean,top10_burden_share_std,max_edge_burden_mean,max_edge_burden_std,cost_increase_pct,risk_reduction_pct
0.0,0.0,10,146730.9,582.7275807213293,9.938070219099966,0.6457227573620858,0.3050596180735645,0.03396355995395871,3.4098972693522227,0.35990918437679664,0.48372491702703496,0.05305344540557632,0.2503891781812558,0.03578103105600466,0.8832600818635299,0.24800195745434178,0.878130857328711,0.005152010411042451,0.9098019468286364,0.008104899967687158,1.069527554512024,0.336321726999343,0.0,0.0
3.0,1.0,10,240394.1,409.6812988978953,3.4594549497607034,0.022444843317914433,0.07294511672142381,0.010386865928807923,2.052922390954336,0.0,0.166769484735348,0.0,0.4845773432095616,0.003953620850168288,0.49059575425043994,0.002671261678036284,0.8168082763207837,0.0036823593681099527,0.7761427819483365,0.0037821037512709454,0.9099961519241333,0.0,0.6383331663610052,0.6518987214325944
