beta,lambda_concentration,runs,pyvrp_cost_mean,pyvrp_cost_std,global_risk_mean,global_risk_std,global_cvar90_mean,global_cvar90_std,max_vehicle_risk_mean,max_vehicle_risk_std,max_vehicle_cvar90_mean,max_vehicle_cvar90_std,vehicle_risk_gini_mean,vehicle_risk_gini_std,risk_variance_mean,risk_variance_std,edge_burden_gini_used_mean,edge_burden_gini_used_std,top10_burden_share_mean,top10_burden_share_std,max_edge_burden_mean,max_edge_burden_std,cost_increase_pct,risk_reduction_pct
0.0,0.0,3,146220.66666666666,383.9379290111011,7.48135342701183,0.6769334543661111,0.2284824224219987,0.032325494336394124,2.819083892274648,0.23476970264617025,0.42465034392144946,0.032676563035973036,0.28800710075102015,0.02492369703335614,0.6343117520606333,0.17889871907243787,0.858711753283066,0.006900574357709805,0.8974544868375491,0.006637645567545733,1.1293938159942627,0.4890418677640397,0.0,0.0
1.0,0.0,3,179935.66666666666,388.34177387107525,4.123192636627209,0.11055666365825866,0.08747942832022694,0.004962460052931439,1.3829104734662299,0.2995269402855615,0.17684741536421433,0.016733221974501517,0.2506938398432406,0.08424260561402237,0.15519001720857095,0.10665545856314748,0.8180023119368025,0.00329625428373828,0.829233934505345,0.006053236797790718,0.5188161730766296,0.0,0.23057616114457147,0.44887075890030154
