table,split,model,source_model,source_file,Macro-F1,Macro-F1_raw,MAE,MAE_raw,QWK,QWK_raw,Recall@6-8,Recall@6-8_raw,PR-AUC,PR-AUC_raw,High FN,High FN_raw
paper_main_comparison,B,GCN,gcn,D:\PyVRP-main\hazmat_risk_experiments\outputs_10seed\models\paper_main_comparison_splitB_10seed_summary.csv,0.2881,0.2881168046730741,1.3739,1.3738777471671684,0.2562,0.25618737915847534,0.2154,0.21538461538461537,0.3495,0.3495390510499675,0.7846,0.7846153846153847
paper_main_comparison,B,GAT,gat,D:\PyVRP-main\hazmat_risk_experiments\outputs_10seed\models\paper_main_comparison_splitB_10seed_summary.csv,0.2546,0.2545779781005384,1.3744,1.374410611290068,0.2032,0.20316589157305048,0.1769,0.17692307692307693,0.3059,0.3058600229278074,0.8231,0.8230769230769232
paper_main_comparison,B,GraphSAGE,graphsage,D:\PyVRP-main\hazmat_risk_experiments\outputs_10seed\models\paper_main_comparison_splitB_10seed_summary.csv,0.2960,0.2959810631896636,1.2773,1.2773099922684612,0.2992,0.2992195268958378,0.2808,0.28076923076923077,0.3763,0.3762794589788979,0.7192,0.7192307692307692
paper_main_comparison,B,SGFormer-adapted,sgformer_adapted,D:\PyVRP-main\hazmat_risk_experiments\outputs_10seed\models\paper_strong_baselines_splitB_10seed_summary.csv,0.3217,0.32166864003768575,1.2509,1.2508598896969647,0.3717,0.3716822575481339,0.3692,0.36923076923076925,0.3557,0.35567099422329584,0.6308,0.6307692307692307
paper_main_comparison,B,Gradformer-adapted,gradformer_adapted,D:\PyVRP-main\hazmat_risk_experiments\outputs_10seed\models\paper_strong_baselines_splitB_10seed_summary.csv,0.2612,0.26123834183447947,1.4125,1.4124936877673218,0.2556,0.2555794631098044,0.2346,0.23461538461538461,0.3242,0.32419521877282115,0.7654,0.7653846153846153
paper_main_comparison,B,Stable-Tail GNN,stable_tail_gnn,D:\PyVRP-main\hazmat_risk_experiments\outputs_10seed\models\paper_main_comparison_splitB_10seed_summary.csv,0.2896,0.28962704104936304,1.2666,1.2666215979517133,0.2904,0.29042672322135116,0.2462,0.24615384615384617,0.3659,0.36592839424923007,0.7538,0.7538461538461538
