{
  "model": "edge_gat",
  "split": "B",
  "seed": 8,
  "epochs": 50,
  "risk_mode": "exposure_floor",
  "exposure_delta": 0.01,
  "experiment_tag": "10seed",
  "alpha_ord": 0.5,
  "alpha_hr": 1.0,
  "alpha_topk": 0.3,
  "metrics": {
    "data_2020_train": {
      "macro_f1": 0.6148000935234978,
      "weighted_f1": 0.7679188125133384,
      "mae": 0.8513721813337665,
      "qwk": 0.7086292588565861,
      "recall_6_8": 0.75,
      "precision_6_8": 0.9090909090909091,
      "pr_auc_high": 0.9317849004072006,
      "high_fn_rate": 0.25
    },
    "data_2021_train": {
      "macro_f1": 0.7471410264717011,
      "weighted_f1": 0.8594511198033216,
      "mae": 0.6846168915741078,
      "qwk": 0.8552171611557471,
      "recall_6_8": 0.88,
      "precision_6_8": 0.9166666666666666,
      "pr_auc_high": 0.9776478030995195,
      "high_fn_rate": 0.12
    },
    "data_2021_test": {
      "macro_f1": 0.2819272318727854,
      "weighted_f1": 0.6114174843757422,
      "mae": 1.2898364011672074,
      "qwk": 0.2735465607836015,
      "recall_6_8": 0.23076923076923078,
      "precision_6_8": 0.5,
      "pr_auc_high": 0.34999413491619086,
      "high_fn_rate": 0.7692307692307693
    }
  },
  "split_sizes": {
    "data_2020": {
      "train": 419,
      "val": 0,
      "test": 0
    },
    "data_2021": {
      "train": 221,
      "val": 0,
      "test": 222
    }
  },
  "risk_summaries": {
    "data_2020": {
      "edge_count": 6603,
      "risk_min": 2.554484623829012e-09,
      "risk_max": 0.953539252281189,
      "risk_mean": 0.01963050104677677,
      "risk_p25": 0.0013542301021516323,
      "risk_p50": 0.0022431332617998123,
      "risk_p75": 0.003595680231228471,
      "risk_p90": 0.008500447496771812,
      "risk_p95": 0.11844030767679214,
      "risk_p99": 0.4292726218700409,
      "zero_risk_edge_count": 0,
      "zero_risk_edge_ratio": 0.0,
      "edge_attribute_zero_ratio": 0.928365894290474,
      "matrix_5x8": [
        [
          0,
          366,
          626,
          196,
          48,
          26,
          46,
          13
        ],
        [
          0,
          458,
          435,
          191,
          86,
          29,
          114,
          8
        ],
        [
          0,
          395,
          490,
          233,
          89,
          37,
          74,
          2
        ],
        [
          0,
          357,
          517,
          219,
          87,
          39,
          74,
          28
        ],
        [
          0,
          340,
          578,
          194,
          70,
          35,
          95,
          8
        ]
      ]
    },
    "data_2021": {
      "edge_count": 7647,
      "risk_min": 0.0,
      "risk_max": 0.8615821003913879,
      "risk_mean": 0.017658067867159843,
      "risk_p25": 0.0013465050142258406,
      "risk_p50": 0.0021555572748184204,
      "risk_p75": 0.003659176640212536,
      "risk_p90": 0.008343955501914024,
      "risk_p95": 0.10171876847743988,
      "risk_p99": 0.4151037633419037,
      "zero_risk_edge_count": 6,
      "zero_risk_edge_ratio": 0.0007846214201647705,
      "edge_attribute_zero_ratio": 0.9314763959722767,
      "matrix_5x8": [
        [
          1,
          519,
          699,
          222,
          24,
          17,
          46,
          2
        ],
        [
          1,
          538,
          477,
          253,
          86,
          77,
          52,
          45
        ],
        [
          1,
          417,
          606,
          254,
          105,
          73,
          52,
          22
        ],
        [
          2,
          456,
          581,
          207,
          138,
          62,
          72,
          11
        ],
        [
          1,
          382,
          672,
          225,
          68,
          87,
          75,
          19
        ]
      ]
    }
  }
}