beta,lambda_concentration,runs,pyvrp_cost_mean,pyvrp_cost_std,global_risk_mean,global_risk_std,global_cvar90_mean,global_cvar90_std,max_vehicle_risk_mean,max_vehicle_risk_std,max_vehicle_cvar90_mean,max_vehicle_cvar90_std,vehicle_risk_gini_mean,vehicle_risk_gini_std,risk_variance_mean,risk_variance_std,edge_burden_gini_used_mean,edge_burden_gini_used_std,top10_burden_share_mean,top10_burden_share_std,max_edge_burden_mean,max_edge_burden_std,cost_increase_pct,risk_reduction_pct
0.0,0.0,5,146531.2,556.7375503771952,8.395791202495456,0.7219052790367619,0.24530432597626736,0.01792628128998694,2.753864693432115,0.4134043497736718,0.4172644764610699,0.08805646830149419,0.2199648577200827,0.024597080048130885,0.4838297735308208,0.1832114599944064,0.8355374970902252,0.00840116819295202,0.8677149180311158,0.009306548267856665,1.0588233947753907,0.36601574478649895,0.0,0.0
1.0,0.0,5,175991.4,343.2904018465998,4.015772451937664,0.12180500371521683,0.08099143547767322,0.002076483642932922,1.1537226043757982,0.02417293968861504,0.13808285354503566,0.005206143531520454,0.20373740934014944,0.028232247170518053,0.09405702430535506,0.03410771741533059,0.7370565037653007,0.0061663223910864715,0.7386945149512857,0.005955649220643146,0.5102553248405457,0.014902014336029052,0.20105069773536272,0.5216921961155263
