beta,lambda_concentration,runs,pyvrp_cost_mean,pyvrp_cost_std,global_risk_mean,global_risk_std,global_cvar90_mean,global_cvar90_std,max_vehicle_risk_mean,max_vehicle_risk_std,max_vehicle_cvar90_mean,max_vehicle_cvar90_std,vehicle_risk_gini_mean,vehicle_risk_gini_std,risk_variance_mean,risk_variance_std,edge_burden_gini_used_mean,edge_burden_gini_used_std,top10_burden_share_mean,top10_burden_share_std,max_edge_burden_mean,max_edge_burden_std,cost_increase_pct,risk_reduction_pct
0.0,0.0,10,146730.9,582.7275807213293,7.8967481224292255,0.6427201839793081,0.22610579484779808,0.021253480222623893,2.69367231487995,0.2778745869439648,0.410067822627191,0.08030268328060897,0.24727153575414906,0.03203458092313613,0.5373846773019701,0.16287586749714159,0.8804099425880038,0.005973689723189332,0.9032409184674867,0.006880401504475616,1.0408714771270753,0.3657249576917124,0.0,0.0
1.5,1.0,10,189377.8,656.8376765482727,2.044140601129165,0.05262357417260059,0.040212044910171635,0.001884572306527054,0.7493731306269182,0.022781319957185454,0.07967321400841076,0.012917954065089315,0.2677080727486123,0.021613855228763555,0.0414217696020719,0.0036414358046726013,0.7528873288216428,0.006878662755963223,0.6897228838913263,0.009697109857814419,0.3396504521369934,0.0,0.290647027994785,0.7411414712185247
