beta,lambda_concentration,runs,pyvrp_cost_mean,pyvrp_cost_std,global_risk_mean,global_risk_std,global_cvar90_mean,global_cvar90_std,max_vehicle_risk_mean,max_vehicle_risk_std,max_vehicle_cvar90_mean,max_vehicle_cvar90_std,vehicle_risk_gini_mean,vehicle_risk_gini_std,risk_variance_mean,risk_variance_std,edge_burden_gini_used_mean,edge_burden_gini_used_std,top10_burden_share_mean,top10_burden_share_std,max_edge_burden_mean,max_edge_burden_std,cost_increase_pct,risk_reduction_pct
0.0,0.0,10,146730.9,582.7275807213293,9.924597630550853,0.6402140354662005,0.3037887331885865,0.026151917052757063,3.2502016432757954,0.3305414576821052,0.4708359582243221,0.04968758006168846,0.2329629555273583,0.04218700238640941,0.7624963087507043,0.2536849390094139,0.8466476986739491,0.005794424644242279,0.8843785245205282,0.009662198924999817,1.07545605301857,0.33682925675148867,0.0,0.0
1.0,0.0,10,178717.2,488.092386518964,4.832009743258823,0.2928665706459523,0.11902174417131266,0.013192399974318944,1.6985672649461776,0.2840652077877791,0.17352593868630867,0.03896612349649551,0.23581229719799585,0.08766912626190843,0.20520941048082203,0.12359390921023142,0.7800898500496979,0.009431174343600688,0.7881877721529461,0.013109480990679915,0.903126060962677,0.0,0.2179929380927945,0.5131278946377656
