{
  "model": "gcn_teg_concat",
  "split": "B",
  "seed": 9,
  "epochs": 50,
  "risk_mode": "exposure_floor",
  "exposure_delta": 0.01,
  "experiment_tag": "",
  "alpha_ord": 0.5,
  "alpha_hr": 1.0,
  "alpha_topk": 0.3,
  "metrics": {
    "data_2020_train": {
      "macro_f1": 0.5170951128782876,
      "weighted_f1": 0.7378271313556894,
      "mae": 0.7296038386495556,
      "qwk": 0.6917948486474649,
      "recall_6_8": 0.725,
      "precision_6_8": 0.7435897435897436,
      "pr_auc_high": 0.8705111098152694,
      "high_fn_rate": 0.275
    },
    "data_2021_train": {
      "macro_f1": 0.71227548889723,
      "weighted_f1": 0.822536231865209,
      "mae": 0.542289904872123,
      "qwk": 0.8173078138469589,
      "recall_6_8": 0.92,
      "precision_6_8": 0.8214285714285714,
      "pr_auc_high": 0.9536496678589643,
      "high_fn_rate": 0.08
    },
    "data_2021_test": {
      "macro_f1": 0.2857273315470037,
      "weighted_f1": 0.6124783115921796,
      "mae": 1.3012932318914319,
      "qwk": 0.2069775815346131,
      "recall_6_8": 0.15384615384615385,
      "precision_6_8": 0.3333333333333333,
      "pr_auc_high": 0.2900198681984163,
      "high_fn_rate": 0.8461538461538461
    }
  },
  "split_sizes": {
    "data_2020": {
      "train": 419,
      "val": 0,
      "test": 0
    },
    "data_2021": {
      "train": 221,
      "val": 0,
      "test": 222
    }
  },
  "risk_summaries": {
    "data_2020": {
      "edge_count": 6603,
      "risk_min": 1.0320118093432029e-07,
      "risk_max": 0.8805821537971497,
      "risk_mean": 0.01873941347002983,
      "risk_p25": 0.000829102355055511,
      "risk_p50": 0.0017739854520186782,
      "risk_p75": 0.0036424582358449697,
      "risk_p90": 0.008717477321624756,
      "risk_p95": 0.08481620252132416,
      "risk_p99": 0.4401535391807556,
      "zero_risk_edge_count": 0,
      "zero_risk_edge_ratio": 0.0,
      "edge_attribute_zero_ratio": 0.928365894290474,
      "matrix_5x8": [
        [
          0,
          483,
          471,
          219,
          51,
          12,
          34,
          51
        ],
        [
          0,
          656,
          279,
          156,
          35,
          44,
          34,
          117
        ],
        [
          0,
          582,
          357,
          181,
          72,
          40,
          21,
          67
        ],
        [
          0,
          603,
          312,
          167,
          50,
          40,
          64,
          85
        ],
        [
          0,
          489,
          454,
          166,
          54,
          38,
          29,
          90
        ]
      ]
    },
    "data_2021": {
      "edge_count": 7647,
      "risk_min": 3.2356806123345905e-09,
      "risk_max": 0.8778436779975891,
      "risk_mean": 0.016510406509041786,
      "risk_p25": 0.0008927878807298839,
      "risk_p50": 0.001885159290395677,
      "risk_p75": 0.003683069022372365,
      "risk_p90": 0.00851794146001339,
      "risk_p95": 0.06898436695337296,
      "risk_p99": 0.42598244547843933,
      "zero_risk_edge_count": 0,
      "zero_risk_edge_ratio": 0.0,
      "edge_attribute_zero_ratio": 0.9314763959722767,
      "matrix_5x8": [
        [
          0,
          591,
          568,
          244,
          47,
          16,
          60,
          4
        ],
        [
          0,
          757,
          334,
          163,
          93,
          53,
          74,
          55
        ],
        [
          0,
          702,
          392,
          168,
          105,
          61,
          71,
          31
        ],
        [
          0,
          601,
          444,
          188,
          106,
          77,
          68,
          45
        ],
        [
          0,
          541,
          589,
          156,
          59,
          65,
          87,
          32
        ]
      ]
    }
  }
}