beta,lambda_concentration,runs,pyvrp_cost_mean,pyvrp_cost_std,global_risk_mean,global_risk_std,global_cvar90_mean,global_cvar90_std,max_vehicle_risk_mean,max_vehicle_risk_std,max_vehicle_cvar90_mean,max_vehicle_cvar90_std,vehicle_risk_gini_mean,vehicle_risk_gini_std,risk_variance_mean,risk_variance_std,edge_burden_gini_used_mean,edge_burden_gini_used_std,top10_burden_share_mean,top10_burden_share_std,max_edge_burden_mean,max_edge_burden_std,cost_increase_pct,risk_reduction_pct
0.0,0.0,10,146730.9,582.7275807213293,10.19490466825221,0.6631733379348964,0.3129211638167142,0.034937454042240634,3.4832498959430653,0.365905709546117,0.4930070976377343,0.05370628632855394,0.24779227594608644,0.03550544777533153,0.9104879442369782,0.25582725718940563,0.8775711768929989,0.005139738500475354,0.9096866981101019,0.00824247165673411,1.0798459248313912,0.34317211311708024,0.0,0.0
1.0,0.0,10,178391.9,435.0214426388147,4.6686827540364,0.20456818003033433,0.12207775348466132,0.009156632922583095,1.768763189916878,0.21871519765966738,0.18215474497406162,0.02939587710096006,0.3254427665718743,0.08190305430582631,0.33389643890083154,0.15375024101902637,0.8528065051922289,0.0036933056097281543,0.8389869881075029,0.0065419926374358705,0.9170650987959533,0.0,0.2157759544853879,0.542057242715019
