{
  "model": "ua_teg_gnn",
  "split": "B",
  "seed": 0,
  "epochs": 50,
  "risk_mode": "exposure_floor",
  "exposure_delta": 0.01,
  "uncertainty_tau": 1.0,
  "experiment_tag": "ua_pretest_3seed",
  "alpha_ord": 0.3,
  "alpha_hr": 0.5,
  "alpha_topk": 0.1,
  "lambda_nll": 0.2,
  "lambda_var": 0.01,
  "metrics": {
    "data_2020_train": {
      "macro_f1": 0.4118154993154993,
      "weighted_f1": 0.702964321102746,
      "mae": 0.7607960589257601,
      "qwk": 0.610985441482643,
      "recall_6_8": 0.625,
      "precision_6_8": 0.6756756756756757,
      "pr_auc_high": 0.7910009383544606,
      "high_fn_rate": 0.375,
      "brier": 0.32059434056282043,
      "ece": 0.07331022677102919,
      "ordinal_nll": 0.7292694064443753,
      "uncertainty_mean": 1.3920478820800781,
      "correct_uncertainty": 1.4335414171218872,
      "error_uncertainty": 1.2596838474273682,
      "error_uncertainty_corr": -0.15441844122580783,
      "high_fn_uncertainty": 1.1758745908737183
    },
    "data_2021_train": {
      "macro_f1": 0.5171027184820288,
      "weighted_f1": 0.7372211531237901,
      "mae": 0.6320170641181289,
      "qwk": 0.710670809152549,
      "recall_6_8": 0.72,
      "precision_6_8": 0.9,
      "pr_auc_high": 0.9271935741123729,
      "high_fn_rate": 0.28,
      "brier": 0.2863464057445526,
      "ece": 0.06362033591550939,
      "ordinal_nll": 0.6745825913745672,
      "uncertainty_mean": 1.4299418926239014,
      "correct_uncertainty": 1.4919301271438599,
      "error_uncertainty": 1.2065260410308838,
      "error_uncertainty_corr": -0.23586566016532803,
      "high_fn_uncertainty": 1.1043994426727295
    },
    "data_2021_test": {
      "macro_f1": 0.33071503209434244,
      "weighted_f1": 0.6409949447880481,
      "mae": 1.130660413650037,
      "qwk": 0.36085654505772147,
      "recall_6_8": 0.34615384615384615,
      "precision_6_8": 0.47368421052631576,
      "pr_auc_high": 0.4243402234079549,
      "high_fn_rate": 0.6538461538461539,
      "brier": 0.44125959277153015,
      "ece": 0.06528411443169053,
      "ordinal_nll": 1.2501435988009577,
      "uncertainty_mean": 1.3872270584106445,
      "correct_uncertainty": 1.4133213758468628,
      "error_uncertainty": 1.3268598318099976,
      "error_uncertainty_corr": -0.08602485813650278,
      "high_fn_uncertainty": 1.3259268999099731
    }
  },
  "split_sizes": {
    "data_2020": {
      "train": 419,
      "val": 0,
      "test": 0
    },
    "data_2021": {
      "train": 221,
      "val": 0,
      "test": 222
    }
  },
  "risk_summaries": {
    "data_2020": {
      "edge_count": 6603,
      "risk_min": 0.0009620035416446626,
      "risk_max": 1.0,
      "risk_mean": 0.03577229380607605,
      "risk_p25": 0.003121573245152831,
      "risk_p50": 0.00430222088471055,
      "risk_p75": 0.007376096211373806,
      "risk_p90": 0.009999999776482582,
      "risk_p95": 0.26705387234687805,
      "risk_p99": 0.6632850766181946,
      "zero_risk_edge_count": 0,
      "zero_risk_edge_ratio": 0.0,
      "edge_attribute_zero_ratio": 0.928365894290474,
      "matrix_5x8": [
        [
          0,
          729,
          312,
          113,
          25,
          66,
          75,
          1
        ],
        [
          0,
          664,
          285,
          134,
          56,
          49,
          132,
          1
        ],
        [
          0,
          567,
          320,
          196,
          90,
          79,
          67,
          1
        ],
        [
          0,
          602,
          306,
          171,
          71,
          82,
          79,
          10
        ],
        [
          0,
          637,
          291,
          150,
          75,
          64,
          101,
          2
        ]
      ]
    },
    "data_2021": {
      "edge_count": 7647,
      "risk_min": 0.0009437514818273485,
      "risk_max": 0.9999998807907104,
      "risk_mean": 0.032121844589710236,
      "risk_p25": 0.003094753483310342,
      "risk_p50": 0.004256094805896282,
      "risk_p75": 0.007526368834078312,
      "risk_p90": 0.009999999776482582,
      "risk_p95": 0.2117028385400772,
      "risk_p99": 0.5768696665763855,
      "zero_risk_edge_count": 0,
      "zero_risk_edge_ratio": 0.0,
      "edge_attribute_zero_ratio": 0.9314763959722767,
      "matrix_5x8": [
        [
          0,
          892,
          337,
          160,
          48,
          53,
          38,
          2
        ],
        [
          1,
          731,
          323,
          166,
          137,
          87,
          84,
          0
        ],
        [
          0,
          641,
          403,
          230,
          112,
          82,
          62,
          0
        ],
        [
          0,
          662,
          353,
          215,
          145,
          106,
          38,
          10
        ],
        [
          0,
          706,
          382,
          152,
          108,
          113,
          66,
          2
        ]
      ]
    }
  }
}