beta,lambda_concentration,runs,pyvrp_cost_mean,pyvrp_cost_std,global_risk_mean,global_risk_std,global_cvar90_mean,global_cvar90_std,max_vehicle_risk_mean,max_vehicle_risk_std,max_vehicle_cvar90_mean,max_vehicle_cvar90_std,vehicle_risk_gini_mean,vehicle_risk_gini_std,risk_variance_mean,risk_variance_std,edge_burden_gini_used_mean,edge_burden_gini_used_std,top10_burden_share_mean,top10_burden_share_std,max_edge_burden_mean,max_edge_burden_std,cost_increase_pct,risk_reduction_pct
0.0,0.0,10,146730.9,582.7275807213293,8.545074084976054,0.6356672519672399,0.24445346245975808,0.02374190642861727,3.0005926722423806,0.16400643884184243,0.4419882294929282,0.05837194686262407,0.2724667958379136,0.024857913034443794,0.7399465841583084,0.17697765453538236,0.8833742584322458,0.006142209743897406,0.9020596923111726,0.006881124624508679,1.1029069282549435,0.3441747223248014,0.0,0.0
1.0,0.0,10,173135.7,471.9451592434584,3.2299589845707586,0.26134630706837864,0.06857769225243444,0.011657808283280016,1.1381656896254222,0.18073905765293272,0.13283944479672838,0.01616625722029365,0.2891739247327692,0.05683639320093987,0.12629757806274458,0.06946819341311479,0.8209080990976616,0.008692206413717825,0.7800233268456507,0.014106212131781145,0.5103519666992241,0.07186946282105304,0.17995391563740165,0.622009247380278
