beta,lambda_concentration,runs,pyvrp_cost_mean,pyvrp_cost_std,global_risk_mean,global_risk_std,global_cvar90_mean,global_cvar90_std,max_vehicle_risk_mean,max_vehicle_risk_std,max_vehicle_cvar90_mean,max_vehicle_cvar90_std,vehicle_risk_gini_mean,vehicle_risk_gini_std,risk_variance_mean,risk_variance_std,edge_burden_gini_used_mean,edge_burden_gini_used_std,top10_burden_share_mean,top10_burden_share_std,max_edge_burden_mean,max_edge_burden_std,cost_increase_pct,risk_reduction_pct
0.0,0.0,10,146930.6,561.251815141831,7.448015644838351,0.6388554490421388,0.21187729124855686,0.04300146996438899,2.2451184287426207,0.37714389818484745,0.3503031122687267,0.07411698594416716,0.17890927451103536,0.06456852183352971,0.2702246012773199,0.17196361436928645,0.8769000924885957,0.005179175704763483,0.8887581451078483,0.007002653906259698,1.0359073557777496,0.24982862367293368,0.0,0.0
1.0,0.0,10,175801.1,591.977373816864,3.258818266438388,0.17185823128158614,0.08283431972604686,0.007016386441560802,1.3142981946523768,0.1368674795395644,0.1456685795747375,0.02437750714368063,0.3097272159780463,0.054204792546604694,0.15744842863572442,0.04840182464584302,0.8173566545525801,0.008153003825384144,0.7874347515108185,0.011080417157435286,0.6786520173188179,0.0,0.19649072419223768,0.5624581872760448
