beta,lambda_concentration,runs,pyvrp_cost_mean,pyvrp_cost_std,global_risk_mean,global_risk_std,global_cvar90_mean,global_cvar90_std,max_vehicle_risk_mean,max_vehicle_risk_std,max_vehicle_cvar90_mean,max_vehicle_cvar90_std,vehicle_risk_gini_mean,vehicle_risk_gini_std,risk_variance_mean,risk_variance_std,edge_burden_gini_used_mean,edge_burden_gini_used_std,top10_burden_share_mean,top10_burden_share_std,max_edge_burden_mean,max_edge_burden_std,cost_increase_pct,risk_reduction_pct
0.0,0.0,10,133997.6,0.6992058987801011,6.316461910736463,0.7319953360210947,0.180131731110944,0.039544045094092595,1.8410642664176968,0.3200310032227624,0.31740426933706944,0.07365560697607572,0.17092195911362615,0.06226224501225633,0.177984961571314,0.1342305985395586,0.8733317765236613,0.006256308868975772,0.8898846225086328,0.007453164479058721,0.9408519364552674,0.11502592342287006,0.0,0.0
1.0,0.0,10,155627.7,225.0619914601308,2.349530098349318,0.2243758276735361,0.06058672840817493,0.008019346002429959,0.8702467779441083,0.1292622951558827,0.10978670397812074,0.016055295972523708,0.27245033833478793,0.0815517321305399,0.060518831067469324,0.025132563284540888,0.7757947075954376,0.017107360997835854,0.7434671819428234,0.02378342533050534,0.4291999347179436,0.0073564924601298995,0.16142154784861823,0.6280306710381153
