beta,lambda_concentration,runs,pyvrp_cost_mean,pyvrp_cost_std,global_risk_mean,global_risk_std,global_cvar90_mean,global_cvar90_std,max_vehicle_risk_mean,max_vehicle_risk_std,max_vehicle_cvar90_mean,max_vehicle_cvar90_std,vehicle_risk_gini_mean,vehicle_risk_gini_std,risk_variance_mean,risk_variance_std,edge_burden_gini_used_mean,edge_burden_gini_used_std,top10_burden_share_mean,top10_burden_share_std,max_edge_burden_mean,max_edge_burden_std,cost_increase_pct,risk_reduction_pct
0.0,0.0,10,146730.9,582.7275807213293,11.11727205315467,0.749618216996044,0.29844662321363674,0.06693589287413143,3.724609367566882,0.3230479538121445,0.5583493683593613,0.09132158365598186,0.23277898449103285,0.03212946058815179,0.918943675151532,0.26769998060009126,0.8842694658778196,0.0046270302325787495,0.9041599658461239,0.00781472649818081,1.3453444004058839,0.3450336706258105,0.0,0.0
1.0,0.0,10,179788.6,354.98769931740827,4.775499082922872,0.31130627187904775,0.1019246762834843,0.008152974959318436,1.838441260384934,0.1697856685775463,0.19898062744902237,0.04497115405775711,0.3505259295000256,0.04467541413434449,0.40024406791091893,0.10689919566474701,0.8413569632498511,0.004019723772662689,0.8097893453943656,0.007721374105291205,0.938073068857193,0.03703793035341085,0.22529474023535612,0.5704432652101616
2.0,0.0,10,199760.2,483.4286802506538,4.242333785360321,0.09799732823382451,0.09540578730005397,0.0031615197490237465,1.743539160169894,0.11570478320402533,0.15143675822498542,0.007709628188765512,0.36425479402280014,0.033183262124363,0.3281337944416492,0.057678465616642284,0.8324653494068862,0.0052867499580421555,0.793558275489146,0.006939583144373057,0.973210334777832,0.0,0.36140513007144387,0.6184015498516903
