{
  "model": "sgformer_adapted",
  "split": "B",
  "seed": 5,
  "epochs": 50,
  "risk_mode": "exposure_floor",
  "exposure_delta": 0.01,
  "uncertainty_tau": 0.0,
  "experiment_tag": "paper_strong_baselines_10seed",
  "checkpoint_path": "D:\\PyVRP-main\\hazmat_risk_experiments\\outputs_10seed\\models\\checkpoints\\sgformer_adapted_splitB_seed5_epochs50_paper_strong_baselines_10seed.pt",
  "best_epoch": 50,
  "model_source": "checkpoint",
  "alpha_ord": 0.5,
  "alpha_hr": 1.0,
  "alpha_topk": 0.3,
  "lambda_nll": 0.0,
  "lambda_var": 0.0,
  "ec_delta_max": 0.05,
  "lambda_edge": 0.0,
  "lambda_edge_high": 0.0,
  "lambda_distill": 0.0,
  "lambda_delta": 0.0,
  "ec_teacher_epochs": 50,
  "gamma_unc": 0.5,
  "logvar_min": -5.0,
  "logvar_max": 2.0,
  "metrics": {
    "data_2020_train": {
      "macro_f1": 0.7414120713404199,
      "weighted_f1": 0.8385923804020957,
      "mae": 0.46391002169016293,
      "qwk": 0.9006755155058949,
      "recall_6_8": 1.0,
      "precision_6_8": 0.9523809523809523,
      "pr_auc_high": 0.999390243902439,
      "high_fn_rate": 0.0,
      "brier": 0.2377552092075348,
      "ece": 0.08739154343104305,
      "high_risk_recall_at_top10pct": 1.0,
      "high_risk_recall_at_top20pct": 1.0,
      "ndcg_at_top20pct": 0.9765423522831956,
      "high_risk_hits_at_10": 10.0,
      "high_risk_hits_at_20": 20.0
    },
    "data_2021_train": {
      "macro_f1": 0.9533905474298181,
      "weighted_f1": 0.947105117494318,
      "mae": 0.26490947125997194,
      "qwk": 0.9792910932225396,
      "recall_6_8": 1.0,
      "precision_6_8": 1.0,
      "pr_auc_high": 1.0,
      "high_fn_rate": 0.0,
      "brier": 0.11730809509754181,
      "ece": 0.129102835431695,
      "high_risk_recall_at_top10pct": 0.9,
      "high_risk_recall_at_top20pct": 1.0,
      "ndcg_at_top20pct": 0.999858789822304,
      "high_risk_hits_at_10": 10.0,
      "high_risk_hits_at_20": 20.0
    },
    "data_2021_val": {
      "macro_f1": 0.37646520146520146,
      "weighted_f1": 0.6307366707366707,
      "mae": 1.387981443298146,
      "qwk": 0.3723053512553892,
      "recall_6_8": 0.6,
      "precision_6_8": 0.3333333333333333,
      "pr_auc_high": 0.3962552453931764,
      "high_fn_rate": 0.4,
      "brier": 0.5783340930938721,
      "ece": 0.20207733478811052,
      "high_risk_recall_at_top10pct": 0.4,
      "high_risk_recall_at_top20pct": 0.6,
      "ndcg_at_top20pct": 0.5318531399625781,
      "high_risk_hits_at_10": 3.0,
      "high_risk_hits_at_20": 3.0
    },
    "data_2021_test": {
      "macro_f1": 0.3619595065690142,
      "weighted_f1": 0.6291811647216289,
      "mae": 1.1171724286518725,
      "qwk": 0.48708826596331967,
      "recall_6_8": 0.5384615384615384,
      "precision_6_8": 0.4827586206896552,
      "pr_auc_high": 0.49446168511937294,
      "high_fn_rate": 0.46153846153846156,
      "brier": 0.5120397210121155,
      "ece": 0.08800297472122554,
      "high_risk_recall_at_top10pct": 0.5,
      "high_risk_recall_at_top20pct": 0.6538461538461539,
      "ndcg_at_top20pct": 0.5152764662701197,
      "high_risk_hits_at_10": 8.0,
      "high_risk_hits_at_20": 11.0
    }
  },
  "split_sizes": {
    "data_2020": {
      "train": 419,
      "val": 0,
      "test": 0
    },
    "data_2021": {
      "train": 176,
      "val": 45,
      "test": 222
    }
  },
  "risk_summaries": {
    "data_2020": {
      "edge_count": 6603,
      "risk_min": 8.855546518304891e-09,
      "risk_max": 0.9707817435264587,
      "risk_mean": 0.017739612609148026,
      "risk_p25": 0.0006073662079870701,
      "risk_p50": 0.0012686748523265123,
      "risk_p75": 0.004152384120970964,
      "risk_p90": 0.008571428246796131,
      "risk_p95": 0.05802427977323532,
      "risk_p99": 0.4328566789627075,
      "zero_risk_edge_count": 0,
      "zero_risk_edge_ratio": 0.0,
      "edge_attribute_zero_ratio": 0.928365894290474,
      "matrix_5x8": [
        [
          0,
          779,
          217,
          143,
          37,
          39,
          73,
          33
        ],
        [
          0,
          821,
          151,
          52,
          49,
          41,
          184,
          23
        ],
        [
          0,
          754,
          164,
          139,
          43,
          65,
          122,
          33
        ],
        [
          0,
          748,
          192,
          92,
          58,
          36,
          136,
          59
        ],
        [
          0,
          728,
          258,
          105,
          39,
          34,
          116,
          40
        ]
      ]
    },
    "data_2021": {
      "edge_count": 7647,
      "risk_min": 3.4059796649721363e-10,
      "risk_max": 0.9888198375701904,
      "risk_mean": 0.015528052113950253,
      "risk_p25": 0.0006388882757164538,
      "risk_p50": 0.00135239667724818,
      "risk_p75": 0.004272721707820892,
      "risk_p90": 0.008571424521505833,
      "risk_p95": 0.05509388446807861,
      "risk_p99": 0.43159186840057373,
      "zero_risk_edge_count": 0,
      "zero_risk_edge_ratio": 0.0,
      "edge_attribute_zero_ratio": 0.9314763959722767,
      "matrix_5x8": [
        [
          0,
          810,
          373,
          135,
          70,
          48,
          77,
          17
        ],
        [
          0,
          863,
          231,
          96,
          25,
          62,
          210,
          42
        ],
        [
          0,
          886,
          270,
          80,
          39,
          53,
          179,
          23
        ],
        [
          0,
          911,
          221,
          50,
          36,
          82,
          198,
          31
        ],
        [
          0,
          803,
          357,
          74,
          43,
          65,
          160,
          27
        ]
      ]
    }
  }
}