beta,lambda_concentration,runs,pyvrp_cost_mean,pyvrp_cost_std,global_risk_mean,global_risk_std,global_cvar90_mean,global_cvar90_std,max_vehicle_risk_mean,max_vehicle_risk_std,max_vehicle_cvar90_mean,max_vehicle_cvar90_std,vehicle_risk_gini_mean,vehicle_risk_gini_std,risk_variance_mean,risk_variance_std,edge_burden_gini_used_mean,edge_burden_gini_used_std,top10_burden_share_mean,top10_burden_share_std,max_edge_burden_mean,max_edge_burden_std,cost_increase_pct,risk_reduction_pct
0.0,0.0,10,146997.3,470.54083539877576,10.036560633470895,0.7092656502275956,0.31102519539167567,0.03810991285319105,3.4962345636993652,0.31533108999065645,0.4729554712097045,0.05150606481256439,0.24997608829650392,0.032461966059946556,0.8711702772928536,0.17325462552552648,0.876902823934784,0.004573039517943756,0.9076472779858553,0.00860487980281787,0.9930219866179083,0.25416796998351,0.0,0.0
1.0,0.0,10,178697.4,503.41880069072596,4.672199119862219,0.31586389763906236,0.12291391695789451,0.011649176578959272,1.7109853480221577,0.20463220340345045,0.17121796438439305,0.023282486041740602,0.28254714557302474,0.05931243765322376,0.2507596647720727,0.09755030729824897,0.8514595957622364,0.004649544688371737,0.8384447551468902,0.010113930850694244,0.9126470172769882,0.0,0.2156508997104029,0.5344820511240224
