beta,lambda_concentration,runs,pyvrp_cost_mean,pyvrp_cost_std,global_risk_mean,global_risk_std,global_cvar90_mean,global_cvar90_std,max_vehicle_risk_mean,max_vehicle_risk_std,max_vehicle_cvar90_mean,max_vehicle_cvar90_std,vehicle_risk_gini_mean,vehicle_risk_gini_std,risk_variance_mean,risk_variance_std,edge_burden_gini_used_mean,edge_burden_gini_used_std,top10_burden_share_mean,top10_burden_share_std,max_edge_burden_mean,max_edge_burden_std,cost_increase_pct,risk_reduction_pct
0.0,0.0,10,146730.9,582.7275807213293,12.238317256749776,0.8184437559706681,0.25529349794531314,0.11087715855880693,4.195935773651581,0.4852514135060399,0.5911089201945634,0.05885392748267399,0.2501308030252815,0.03788990896535303,1.3490851767965935,0.38764459198725054,0.8792528226671527,0.005079814196855589,0.9113406521312541,0.008341225955795778,1.2079999446868896,0.41742055463717054,0.0,0.0
1.0,0.0,10,177653.1,346.6834771565171,5.043614813234615,0.26525363962449505,0.07998307531941927,0.00716475460067343,1.7822780561837135,0.41516879371503157,0.14919330969061112,0.061389638897837454,0.2552745329635166,0.13027202547935493,0.31194825661673686,0.25679423416851793,0.8476622930036898,0.00616473415607307,0.8239329165216682,0.010796166863557069,1.0099999904632568,0.0,0.2107408868888558,0.5878833088385981
2.0,0.0,10,195171.7,282.0366603436117,4.379488937903591,0.16077495893907134,0.0671308799190399,0.0034954511394045475,1.7588562056641024,0.17476886767479502,0.10507436882046657,0.020134048085220967,0.3163460700220921,0.06950092555930973,0.2847089558002043,0.09261027682076592,0.8327229049233591,0.006189415410377669,0.7975075302778258,0.00939210439676214,1.0099999904632568,0.0,0.3301335983081956,0.6421494192358168
