beta,lambda_concentration,runs,pyvrp_cost_mean,pyvrp_cost_std,global_risk_mean,global_risk_std,global_cvar90_mean,global_cvar90_std,max_vehicle_risk_mean,max_vehicle_risk_std,max_vehicle_cvar90_mean,max_vehicle_cvar90_std,vehicle_risk_gini_mean,vehicle_risk_gini_std,risk_variance_mean,risk_variance_std,edge_burden_gini_used_mean,edge_burden_gini_used_std,top10_burden_share_mean,top10_burden_share_std,max_edge_burden_mean,max_edge_burden_std,cost_increase_pct,risk_reduction_pct
0.0,0.0,10,133997.6,0.6992058987801011,7.573808833269868,0.8587153520613121,0.22289841488009934,0.05194742864508559,2.150522530640592,0.33647790398533417,0.3515208095301031,0.09389995562299211,0.14577446533971844,0.04399861298301789,0.1878026051969595,0.11824630526810195,0.8783231223198547,0.007807016575128275,0.8953503486682,0.008460743841614268,1.109597033262253,0.2682894820344139,0.0,0.0
1.0,0.0,10,158998.3,245.77950823180248,2.898865951350308,0.08125744086906912,0.07733364331298564,0.007352460629396231,0.9511827831840491,0.051503798088873405,0.11352902138383972,0.008013445030823069,0.27506239254129866,0.04411176312894473,0.08501209102749688,0.02178892302741346,0.8080542437725449,0.0040427928506306015,0.7794058705840743,0.006025184004506027,0.6989073157310486,0.0,0.1865757297145619,0.617251238423536
