beta,lambda_concentration,runs,pyvrp_cost_mean,pyvrp_cost_std,global_risk_mean,global_risk_std,global_cvar90_mean,global_cvar90_std,max_vehicle_risk_mean,max_vehicle_risk_std,max_vehicle_cvar90_mean,max_vehicle_cvar90_std,vehicle_risk_gini_mean,vehicle_risk_gini_std,risk_variance_mean,risk_variance_std,edge_burden_gini_used_mean,edge_burden_gini_used_std,top10_burden_share_mean,top10_burden_share_std,max_edge_burden_mean,max_edge_burden_std,cost_increase_pct,risk_reduction_pct
0.0,0.0,10,146730.9,582.7275807213293,8.357163965681899,0.6259566505250925,0.23910959008827218,0.023238161143563914,2.944827933560009,0.1635866029801631,0.43428370321435583,0.05738232952360812,0.2747228988324964,0.024900604393598754,0.7195837509870774,0.17256408447799274,0.88360011188769,0.0061874187379754395,0.9021510195737722,0.006902912468817537,1.0715827703475953,0.34954289447777503,0.0,0.0
1.5,1.0,10,195975.8,281.8994304515156,2.541112563240784,0.0985568564530726,0.04942896158308675,0.0038067047638447953,0.9938702685467433,0.1309550773705069,0.11579286189128954,0.016650431971335027,0.3126615298002517,0.05045410465114994,0.08830657963587603,0.023482814271547314,0.7930366787267799,0.005562072668486009,0.7332322910387532,0.009155764185794663,0.4207201302051544,0.0,0.3356136982735061,0.6959360168501685
