{
  "model": "stable_tail_ua_gnn",
  "split": "B",
  "seed": 6,
  "epochs": 50,
  "risk_mode": "exposure_floor",
  "exposure_delta": 0.01,
  "uncertainty_tau": 0.0,
  "experiment_tag": "stable_tail_ua_formal_10seed",
  "alpha_ord": 0.3,
  "alpha_hr": 0.5,
  "alpha_topk": 0.1,
  "lambda_nll": 0.2,
  "lambda_var": 0.01,
  "gamma_unc": 0.5,
  "logvar_min": -5.0,
  "logvar_max": 2.0,
  "metrics": {
    "data_2020_train": {
      "macro_f1": 0.29592621337472597,
      "weighted_f1": 0.6413513878536298,
      "mae": 1.0287805617986177,
      "qwk": 0.4640512293257125,
      "recall_6_8": 0.525,
      "precision_6_8": 0.4666666666666667,
      "pr_auc_high": 0.5600709898295135,
      "high_fn_rate": 0.475,
      "brier": 0.40321022272109985,
      "ece": 0.07304095859174799,
      "ordinal_nll": 1.1091238827333294,
      "uncertainty_mean": 2.574326515197754,
      "correct_uncertainty": 2.5746355056762695,
      "error_uncertainty": 2.5735912322998047,
      "error_uncertainty_corr": -0.0017218671458201402,
      "high_fn_uncertainty": 2.4245033264160156
    },
    "data_2021_train": {
      "macro_f1": 0.37575051759834366,
      "weighted_f1": 0.6678461351095623,
      "mae": 0.9216580568248389,
      "qwk": 0.5833658300319171,
      "recall_6_8": 0.72,
      "precision_6_8": 0.5625,
      "pr_auc_high": 0.6734103264659893,
      "high_fn_rate": 0.28,
      "brier": 0.3762018084526062,
      "ece": 0.07178999045315912,
      "ordinal_nll": 1.092200521021548,
      "uncertainty_mean": 2.5949347019195557,
      "correct_uncertainty": 2.6096508502960205,
      "error_uncertainty": 2.5571939945220947,
      "error_uncertainty_corr": -0.08341072914141325,
      "high_fn_uncertainty": 2.3260645866394043
    },
    "data_2021_test": {
      "macro_f1": 0.21739672600088944,
      "weighted_f1": 0.566139407757898,
      "mae": 1.2868019508381934,
      "qwk": 0.3322744974100481,
      "recall_6_8": 0.34615384615384615,
      "precision_6_8": 0.391304347826087,
      "pr_auc_high": 0.33484717023465427,
      "high_fn_rate": 0.6538461538461539,
      "brier": 0.5267417430877686,
      "ece": 0.11243392902988569,
      "ordinal_nll": 1.203147733419583,
      "uncertainty_mean": 2.564126491546631,
      "correct_uncertainty": 2.5328400135040283,
      "error_uncertainty": 2.618588447570801,
      "error_uncertainty_corr": 0.14112307550908137,
      "high_fn_uncertainty": 2.553833246231079
    }
  },
  "split_sizes": {
    "data_2020": {
      "train": 419,
      "val": 0,
      "test": 0
    },
    "data_2021": {
      "train": 221,
      "val": 0,
      "test": 222
    }
  },
  "risk_summaries": {
    "data_2020": {
      "edge_count": 6603,
      "risk_min": 1.0473387135334633e-07,
      "risk_max": 0.8128148317337036,
      "risk_mean": 0.02043675258755684,
      "risk_p25": 0.0009682849631644785,
      "risk_p50": 0.0017999600386247039,
      "risk_p75": 0.004671625792980194,
      "risk_p90": 0.008009761571884155,
      "risk_p95": 0.10925164818763733,
      "risk_p99": 0.4869363009929657,
      "zero_risk_edge_count": 0,
      "zero_risk_edge_ratio": 0.0,
      "edge_attribute_zero_ratio": 0.928365894290474,
      "matrix_5x8": [
        [
          0,
          652,
          327,
          95,
          99,
          120,
          28,
          0
        ],
        [
          0,
          597,
          296,
          124,
          98,
          123,
          83,
          0
        ],
        [
          0,
          525,
          324,
          119,
          148,
          140,
          64,
          0
        ],
        [
          0,
          545,
          355,
          118,
          92,
          136,
          75,
          0
        ],
        [
          0,
          537,
          338,
          105,
          147,
          141,
          52,
          0
        ]
      ]
    },
    "data_2021": {
      "edge_count": 7647,
      "risk_min": 3.5762786065873797e-09,
      "risk_max": 0.8401629328727722,
      "risk_mean": 0.018904637545347214,
      "risk_p25": 0.0010498554911464453,
      "risk_p50": 0.0018628875259310007,
      "risk_p75": 0.00439109792932868,
      "risk_p90": 0.00710575096309185,
      "risk_p95": 0.09104184806346893,
      "risk_p99": 0.42428234219551086,
      "zero_risk_edge_count": 0,
      "zero_risk_edge_ratio": 0.0,
      "edge_attribute_zero_ratio": 0.9314763959722767,
      "matrix_5x8": [
        [
          0,
          735,
          440,
          141,
          128,
          75,
          11,
          0
        ],
        [
          0,
          686,
          390,
          130,
          124,
          141,
          58,
          0
        ],
        [
          0,
          612,
          406,
          168,
          129,
          172,
          43,
          0
        ],
        [
          0,
          608,
          405,
          114,
          106,
          222,
          74,
          0
        ],
        [
          0,
          566,
          429,
          173,
          114,
          205,
          42,
          0
        ]
      ]
    }
  }
}