{
  "model": "teg_gnn",
  "split": "B",
  "seed": 0,
  "epochs": 20,
  "risk_mode": "raw",
  "exposure_delta": 0.01,
  "metrics": {
    "data_2020_train": {
      "macro_f1": 0.32896778549114536,
      "weighted_f1": 0.6159381121377638,
      "mae": 1.8863368381044034,
      "qwk": 0.49385161406584555,
      "recall_6_8": 0.65,
      "precision_6_8": 0.4642857142857143,
      "pr_auc_high": 0.571659374912075,
      "high_fn_rate": 0.35
    },
    "data_2021_train": {
      "macro_f1": 0.5008408217465886,
      "weighted_f1": 0.6473887756750223,
      "mae": 1.8281288502129072,
      "qwk": 0.4885426895618249,
      "recall_6_8": 0.64,
      "precision_6_8": 0.5925925925925926,
      "pr_auc_high": 0.7596407823713208,
      "high_fn_rate": 0.36
    },
    "data_2021_test": {
      "macro_f1": 0.2516163277511962,
      "weighted_f1": 0.5914646644251906,
      "mae": 2.0624386985475924,
      "qwk": 0.44520516728869264,
      "recall_6_8": 0.46153846153846156,
      "precision_6_8": 0.41379310344827586,
      "pr_auc_high": 0.421154760503998,
      "high_fn_rate": 0.5384615384615384
    }
  },
  "split_sizes": {
    "data_2020": {
      "train": 419,
      "val": 0,
      "test": 0
    },
    "data_2021": {
      "train": 221,
      "val": 0,
      "test": 222
    }
  },
  "risk_summaries": {
    "data_2020": {
      "edge_count": 6603,
      "risk_min": 0.0,
      "risk_max": 0.8565855622291565,
      "risk_mean": 0.02144794538617134,
      "risk_p25": 0.0,
      "risk_p50": 0.0,
      "risk_p75": 0.0,
      "risk_p90": 0.0,
      "risk_p95": 0.1968548744916916,
      "risk_p99": 0.42829275131225586,
      "zero_risk_edge_count": 6130,
      "zero_risk_edge_ratio": 0.928365894290474,
      "edge_attribute_zero_ratio": 0.928365894290474,
      "matrix_5x8": [
        [
          0,
          26,
          36,
          273,
          904,
          14,
          68,
          0
        ],
        [
          0,
          19,
          29,
          316,
          797,
          29,
          129,
          2
        ],
        [
          0,
          17,
          30,
          288,
          855,
          42,
          88,
          0
        ],
        [
          0,
          17,
          13,
          289,
          832,
          72,
          96,
          2
        ],
        [
          0,
          38,
          53,
          383,
          701,
          34,
          111,
          0
        ]
      ]
    },
    "data_2021": {
      "edge_count": 7647,
      "risk_min": 0.0,
      "risk_max": 0.8566391468048096,
      "risk_mean": 0.01946594938635826,
      "risk_p25": 0.0,
      "risk_p50": 0.0,
      "risk_p75": 0.0,
      "risk_p90": 0.0,
      "risk_p95": 0.19193598628044128,
      "risk_p99": 0.42831963300704956,
      "zero_risk_edge_count": 7123,
      "zero_risk_edge_ratio": 0.9314763959722767,
      "edge_attribute_zero_ratio": 0.9314763959722767,
      "matrix_5x8": [
        [
          0,
          20,
          34,
          317,
          1098,
          10,
          49,
          2
        ],
        [
          0,
          12,
          22,
          427,
          920,
          45,
          103,
          0
        ],
        [
          0,
          12,
          23,
          403,
          969,
          42,
          81,
          0
        ],
        [
          0,
          10,
          21,
          331,
          1046,
          65,
          46,
          10
        ],
        [
          0,
          40,
          47,
          489,
          800,
          56,
          95,
          2
        ]
      ]
    }
  }
}