beta,lambda_concentration,runs,pyvrp_cost_mean,pyvrp_cost_std,global_risk_mean,global_risk_std,global_cvar90_mean,global_cvar90_std,max_vehicle_risk_mean,max_vehicle_risk_std,max_vehicle_cvar90_mean,max_vehicle_cvar90_std,vehicle_risk_gini_mean,vehicle_risk_gini_std,risk_variance_mean,risk_variance_std,edge_burden_gini_used_mean,edge_burden_gini_used_std,top10_burden_share_mean,top10_burden_share_std,max_edge_burden_mean,max_edge_burden_std,cost_increase_pct,risk_reduction_pct
0.0,0.0,10,133997.6,0.6992058987801011,7.072628511810035,0.8277103442785505,0.22403313214302786,0.034726595419333074,2.2209104530134938,0.366845733033899,0.35728696071775634,0.11183845446030488,0.1990427846822928,0.0621355127329148,0.2943731267560338,0.1894093408029209,0.8771522236373496,0.009326917964673002,0.8958930859614765,0.009256852055221492,1.1382668018341064,0.42295007853995364,0.0,0.0
2.0,1.0,10,174480.5,350.71648885610665,1.7326944517320952,0.18847193536778561,0.030780739369771805,0.004894273267828489,0.5272692855491187,0.04217081893691921,0.06187094967657079,0.02102215322618852,0.2229037185617321,0.03144700400849494,0.019897469962029974,0.0038541001461674866,0.706148901472053,0.03318311568700151,0.6431397639639707,0.044066359183570075,0.2843801885843277,0.09756755009378226,0.30211660507352367,0.7550140730791166
