beta,lambda_concentration,runs,pyvrp_cost_mean,pyvrp_cost_std,global_risk_mean,global_risk_std,global_cvar90_mean,global_cvar90_std,max_vehicle_risk_mean,max_vehicle_risk_std,max_vehicle_cvar90_mean,max_vehicle_cvar90_std,vehicle_risk_gini_mean,vehicle_risk_gini_std,risk_variance_mean,risk_variance_std,edge_burden_gini_used_mean,edge_burden_gini_used_std,top10_burden_share_mean,top10_burden_share_std,max_edge_burden_mean,max_edge_burden_std,cost_increase_pct,risk_reduction_pct
0.0,0.0,10,146730.9,582.7275807213293,7.03568350105536,0.6237866439169155,0.21959848432359705,0.0309469138688863,2.4159062633887514,0.4506413468245752,0.3548202566110662,0.0763389735351552,0.23440001243563496,0.05044706726211855,0.408980511460549,0.21925503222248727,0.8769739831244765,0.0074710317604298375,0.8951324438916682,0.00923447752458866,1.0298347234725953,0.3618470377447853,0.0,0.0
1.0,0.0,10,174282.6,401.0378757396585,2.8864879790023417,0.06533018989910681,0.06814134737584635,0.004880657088841173,1.1819707084987594,0.1448451126542366,0.14021875123596855,0.016768739625781643,0.3545900997821092,0.07206202972551846,0.15834317145289517,0.07326452459223404,0.8115037420368421,0.007567434737670664,0.7820209598833092,0.009944100781817306,0.5442947149276733,0.0,0.18777026515887255,0.5897359540732674
