{
  "model": "stable_tail_gnn",
  "split": "B",
  "seed": 5,
  "epochs": 50,
  "risk_mode": "exposure_floor",
  "exposure_delta": 0.01,
  "uncertainty_tau": 0.0,
  "experiment_tag": "paper_comparison_10seed",
  "checkpoint_path": "D:\\PyVRP-main\\hazmat_risk_experiments\\outputs_10seed\\models\\checkpoints\\stable_tail_gnn_splitB_seed5_epochs50_paper_comparison_10seed.pt",
  "best_epoch": 49,
  "model_source": "checkpoint",
  "alpha_ord": 0.5,
  "alpha_hr": 1.0,
  "alpha_topk": 0.3,
  "lambda_nll": 0.0,
  "lambda_var": 0.0,
  "ec_delta_max": 0.05,
  "lambda_edge": 0.0,
  "lambda_edge_high": 0.0,
  "lambda_distill": 0.0,
  "lambda_delta": 0.0,
  "ec_teacher_epochs": 50,
  "gamma_unc": 0.5,
  "logvar_min": -5.0,
  "logvar_max": 2.0,
  "metrics": {
    "data_2020_train": {
      "macro_f1": 0.473274537735322,
      "weighted_f1": 0.7284440888119114,
      "mae": 0.7757079935839715,
      "qwk": 0.7229585053640484,
      "recall_6_8": 0.85,
      "precision_6_8": 0.723404255319149,
      "pr_auc_high": 0.8866026114504741,
      "high_fn_rate": 0.15,
      "brier": 0.345026433467865,
      "ece": 0.10872766197723534,
      "high_risk_recall_at_top10pct": 0.75,
      "high_risk_recall_at_top20pct": 1.0,
      "ndcg_at_top20pct": 0.8279710294929938,
      "high_risk_hits_at_10": 10.0,
      "high_risk_hits_at_20": 18.0
    },
    "data_2021_train": {
      "macro_f1": 0.6174096032791685,
      "weighted_f1": 0.8004508191267086,
      "mae": 0.558371685095797,
      "qwk": 0.8737696343377026,
      "recall_6_8": 0.95,
      "precision_6_8": 0.9047619047619048,
      "pr_auc_high": 0.9906926406926406,
      "high_fn_rate": 0.05,
      "brier": 0.25187376141548157,
      "ece": 0.13631625735962932,
      "high_risk_recall_at_top10pct": 0.85,
      "high_risk_recall_at_top20pct": 1.0,
      "ndcg_at_top20pct": 0.92457799498556,
      "high_risk_hits_at_10": 10.0,
      "high_risk_hits_at_20": 19.0
    },
    "data_2021_val": {
      "macro_f1": 0.2596093599383073,
      "weighted_f1": 0.6141346957136431,
      "mae": 1.2906718886102087,
      "qwk": 0.26634914819564026,
      "recall_6_8": 0.4,
      "precision_6_8": 0.3333333333333333,
      "pr_auc_high": 0.40758620689655173,
      "high_fn_rate": 0.6,
      "brier": 0.5208664536476135,
      "ece": 0.14312323530515034,
      "high_risk_recall_at_top10pct": 0.4,
      "high_risk_recall_at_top20pct": 0.6,
      "ndcg_at_top20pct": 0.5602568476217024,
      "high_risk_hits_at_10": 3.0,
      "high_risk_hits_at_20": 3.0
    },
    "data_2021_test": {
      "macro_f1": 0.3240485702788575,
      "weighted_f1": 0.6447701652626922,
      "mae": 1.2160969850812715,
      "qwk": 0.38950746085462296,
      "recall_6_8": 0.4230769230769231,
      "precision_6_8": 0.6470588235294118,
      "pr_auc_high": 0.4464280354844486,
      "high_fn_rate": 0.5769230769230769,
      "brier": 0.48481258749961853,
      "ece": 0.1016595731447409,
      "high_risk_recall_at_top10pct": 0.46153846153846156,
      "high_risk_recall_at_top20pct": 0.6538461538461539,
      "ndcg_at_top20pct": 0.5332074127610731,
      "high_risk_hits_at_10": 5.0,
      "high_risk_hits_at_20": 11.0
    }
  },
  "split_sizes": {
    "data_2020": {
      "train": 419,
      "val": 0,
      "test": 0
    },
    "data_2021": {
      "train": 176,
      "val": 45,
      "test": 222
    }
  },
  "risk_summaries": {
    "data_2020": {
      "edge_count": 6603,
      "risk_min": 3.4059796649721363e-10,
      "risk_max": 0.8740672469139099,
      "risk_mean": 0.019125765189528465,
      "risk_p25": 0.0007426249794661999,
      "risk_p50": 0.0016221250407397747,
      "risk_p75": 0.0038414280861616135,
      "risk_p90": 0.00852973572909832,
      "risk_p95": 0.08507021516561508,
      "risk_p99": 0.43896186351776123,
      "zero_risk_edge_count": 0,
      "zero_risk_edge_ratio": 0.0,
      "edge_attribute_zero_ratio": 0.928365894290474,
      "matrix_5x8": [
        [
          0,
          675,
          332,
          152,
          42,
          40,
          67,
          13
        ],
        [
          0,
          626,
          264,
          154,
          88,
          47,
          75,
          67
        ],
        [
          0,
          597,
          314,
          151,
          95,
          63,
          53,
          47
        ],
        [
          0,
          628,
          301,
          137,
          81,
          60,
          87,
          27
        ],
        [
          0,
          575,
          387,
          118,
          63,
          50,
          80,
          47
        ]
      ]
    },
    "data_2021": {
      "edge_count": 7647,
      "risk_min": 1.4305114426349519e-08,
      "risk_max": 0.8673117160797119,
      "risk_mean": 0.014913300052285194,
      "risk_p25": 0.0007421369082294405,
      "risk_p50": 0.00152579543646425,
      "risk_p75": 0.00351125281304121,
      "risk_p90": 0.007585532963275909,
      "risk_p95": 0.06675811856985092,
      "risk_p99": 0.38120681047439575,
      "zero_risk_edge_count": 0,
      "zero_risk_edge_ratio": 0.0,
      "edge_attribute_zero_ratio": 0.9314763959722767,
      "matrix_5x8": [
        [
          0,
          831,
          380,
          175,
          54,
          31,
          25,
          34
        ],
        [
          0,
          788,
          290,
          147,
          133,
          92,
          44,
          35
        ],
        [
          0,
          753,
          363,
          153,
          122,
          60,
          41,
          38
        ],
        [
          0,
          771,
          308,
          169,
          114,
          78,
          57,
          32
        ],
        [
          0,
          719,
          417,
          153,
          81,
          59,
          52,
          48
        ]
      ]
    }
  }
}