beta,lambda_concentration,runs,pyvrp_cost_mean,pyvrp_cost_std,global_risk_mean,global_risk_std,global_cvar90_mean,global_cvar90_std,max_vehicle_risk_mean,max_vehicle_risk_std,max_vehicle_cvar90_mean,max_vehicle_cvar90_std,vehicle_risk_gini_mean,vehicle_risk_gini_std,risk_variance_mean,risk_variance_std,edge_burden_gini_used_mean,edge_burden_gini_used_std,top10_burden_share_mean,top10_burden_share_std,max_edge_burden_mean,max_edge_burden_std,cost_increase_pct,risk_reduction_pct
0.0,0.0,10,133997.6,0.6992058987801011,8.82829132140051,0.9276297165820532,0.2747723057379529,0.04987550290487154,2.502278953609225,0.30271694141625766,0.39374330223084114,0.09500786909480358,0.1467647885251347,0.04155115773738468,0.25237729401281567,0.1491315617863572,0.8742382630015039,0.006789418366388871,0.8971117495790286,0.007707127701537446,1.3487288827791215,0.2698727157446191,0.0,0.0
1.0,0.0,10,158473.0,383.26753058405563,3.2345106518318154,0.0982226400802841,0.07195688007218906,0.0075992532648720594,1.2069813361044957,0.17319769504655272,0.1427103759567282,0.027929514364571452,0.2893723832532957,0.08189477647610939,0.12369570142872069,0.054489767452476405,0.8030856761102008,0.0055196315555966005,0.7726809141541617,0.008027673728851862,0.5905610014458629,0.0,0.18265551024794469,0.6336198552950187
