beta,lambda_concentration,runs,pyvrp_cost_mean,pyvrp_cost_std,global_risk_mean,global_risk_std,global_cvar90_mean,global_cvar90_std,max_vehicle_risk_mean,max_vehicle_risk_std,max_vehicle_cvar90_mean,max_vehicle_cvar90_std,vehicle_risk_gini_mean,vehicle_risk_gini_std,risk_variance_mean,risk_variance_std,edge_burden_gini_used_mean,edge_burden_gini_used_std,top10_burden_share_mean,top10_burden_share_std,max_edge_burden_mean,max_edge_burden_std,cost_increase_pct,risk_reduction_pct
0.0,0.0,3,133997.33333333334,0.5773502691896258,7.615043760820602,0.599403267710844,0.2578809336729963,0.01689841828924097,1.9462065111535292,0.37810940450293384,0.3801153091092904,0.04403264194779123,0.10480859890757739,0.05335731093606863,0.10789526960071483,0.12108536655448439,0.8331696885608162,0.0003700394957245947,0.8718600283021534,0.023060971408450395,0.9999998807907104,0.0,0.0,0.0
1.0,0.0,3,158041.33333333334,475.18557778338914,3.9580942613538355,0.01626489413319123,0.1129510188371771,0.007176032160034467,1.0981054797302932,0.0,0.16950991408278546,0.029736586577532826,0.10985741910785059,0.035549876955757474,0.030708151338818084,0.011789478572181338,0.7802532728302207,0.0008743695348451351,0.7999157139250994,0.0019494953364203814,0.5679386854171753,0.0,0.17943640669466057,0.48022698415487647
