{
  "model": "graphsage",
  "split": "B",
  "seed": 3,
  "epochs": 50,
  "risk_mode": "exposure_floor",
  "exposure_delta": 0.01,
  "uncertainty_tau": 0.0,
  "experiment_tag": "paper_comparison_10seed",
  "checkpoint_path": "D:\\PyVRP-main\\hazmat_risk_experiments\\outputs_10seed\\models\\checkpoints\\graphsage_splitB_seed3_epochs50_paper_comparison_10seed.pt",
  "best_epoch": 50,
  "model_source": "checkpoint",
  "alpha_ord": 0.5,
  "alpha_hr": 1.0,
  "alpha_topk": 0.3,
  "lambda_nll": 0.0,
  "lambda_var": 0.0,
  "ec_delta_max": 0.05,
  "lambda_edge": 0.0,
  "lambda_edge_high": 0.0,
  "lambda_distill": 0.0,
  "lambda_delta": 0.0,
  "ec_teacher_epochs": 50,
  "gamma_unc": 0.5,
  "logvar_min": -5.0,
  "logvar_max": 2.0,
  "metrics": {
    "data_2020_train": {
      "macro_f1": 0.651784352595365,
      "weighted_f1": 0.7922046537081269,
      "mae": 0.6407840764286955,
      "qwk": 0.8010622516936067,
      "recall_6_8": 0.9,
      "precision_6_8": 0.9,
      "pr_auc_high": 0.9702096546773206,
      "high_fn_rate": 0.1,
      "brier": 0.28410133719444275,
      "ece": 0.1001462693857407,
      "high_risk_recall_at_top10pct": 0.9,
      "high_risk_recall_at_top20pct": 1.0,
      "ndcg_at_top20pct": 0.9313169238881432,
      "high_risk_hits_at_10": 10.0,
      "high_risk_hits_at_20": 20.0
    },
    "data_2021_train": {
      "macro_f1": 0.8465269808888322,
      "weighted_f1": 0.8945345331422087,
      "mae": 0.4005406379309728,
      "qwk": 0.9294323837238141,
      "recall_6_8": 1.0,
      "precision_6_8": 1.0,
      "pr_auc_high": 1.0,
      "high_fn_rate": 0.0,
      "brier": 0.16302746534347534,
      "ece": 0.11937726712362333,
      "high_risk_recall_at_top10pct": 0.9,
      "high_risk_recall_at_top20pct": 1.0,
      "ndcg_at_top20pct": 0.9932187736517014,
      "high_risk_hits_at_10": 10.0,
      "high_risk_hits_at_20": 20.0
    },
    "data_2021_val": {
      "macro_f1": 0.28253968253968254,
      "weighted_f1": 0.6184126984126984,
      "mae": 0.9079604037644528,
      "qwk": 0.5881918819188192,
      "recall_6_8": 0.6,
      "precision_6_8": 1.0,
      "pr_auc_high": 0.717094017094017,
      "high_fn_rate": 0.4,
      "brier": 0.5075429081916809,
      "ece": 0.09749347170193992,
      "high_risk_recall_at_top10pct": 0.6,
      "high_risk_recall_at_top20pct": 0.6,
      "ndcg_at_top20pct": 0.5808705866286985,
      "high_risk_hits_at_10": 4.0,
      "high_risk_hits_at_20": 4.0
    },
    "data_2021_test": {
      "macro_f1": 0.23216467288632237,
      "weighted_f1": 0.5935599713810914,
      "mae": 1.2722082585160455,
      "qwk": 0.21597031006823897,
      "recall_6_8": 0.11538461538461539,
      "precision_6_8": 0.375,
      "pr_auc_high": 0.2555274843172335,
      "high_fn_rate": 0.8846153846153846,
      "brier": 0.5134769678115845,
      "ece": 0.05266608223990278,
      "high_risk_recall_at_top10pct": 0.3076923076923077,
      "high_risk_recall_at_top20pct": 0.5384615384615384,
      "ndcg_at_top20pct": 0.4081220742363785,
      "high_risk_hits_at_10": 5.0,
      "high_risk_hits_at_20": 7.0
    }
  },
  "split_sizes": {
    "data_2020": {
      "train": 419,
      "val": 0,
      "test": 0
    },
    "data_2021": {
      "train": 176,
      "val": 45,
      "test": 222
    }
  },
  "risk_summaries": {
    "data_2020": {
      "edge_count": 6603,
      "risk_min": 1.335144048653092e-07,
      "risk_max": 0.9002647995948792,
      "risk_mean": 0.019394898787140846,
      "risk_p25": 0.0008021839312277734,
      "risk_p50": 0.001774779986590147,
      "risk_p75": 0.004499415867030621,
      "risk_p90": 0.008571866899728775,
      "risk_p95": 0.09525539726018906,
      "risk_p99": 0.4328792691230774,
      "zero_risk_edge_count": 0,
      "zero_risk_edge_ratio": 0.0,
      "edge_attribute_zero_ratio": 0.928365894290474,
      "matrix_5x8": [
        [
          0,
          703,
          303,
          136,
          55,
          27,
          68,
          29
        ],
        [
          0,
          590,
          306,
          101,
          87,
          55,
          94,
          88
        ],
        [
          0,
          526,
          348,
          150,
          98,
          88,
          70,
          40
        ],
        [
          0,
          549,
          314,
          126,
          90,
          108,
          79,
          55
        ],
        [
          0,
          569,
          377,
          127,
          65,
          44,
          91,
          47
        ]
      ]
    },
    "data_2021": {
      "edge_count": 7647,
      "risk_min": 0.0,
      "risk_max": 0.889093816280365,
      "risk_mean": 0.015793858096003532,
      "risk_p25": 0.0008323644869960845,
      "risk_p50": 0.0017075673677027225,
      "risk_p75": 0.003901438554748893,
      "risk_p90": 0.008536185137927532,
      "risk_p95": 0.07230783998966217,
      "risk_p99": 0.39014381170272827,
      "zero_risk_edge_count": 1,
      "zero_risk_edge_ratio": 0.0001307702366941284,
      "edge_attribute_zero_ratio": 0.9314763959722767,
      "matrix_5x8": [
        [
          0,
          849,
          340,
          201,
          32,
          40,
          61,
          7
        ],
        [
          1,
          679,
          339,
          169,
          109,
          79,
          105,
          48
        ],
        [
          0,
          663,
          347,
          240,
          90,
          78,
          83,
          29
        ],
        [
          0,
          711,
          342,
          191,
          106,
          95,
          62,
          22
        ],
        [
          0,
          658,
          451,
          185,
          72,
          45,
          96,
          22
        ]
      ]
    }
  }
}