beta,lambda_concentration,runs,pyvrp_cost_mean,pyvrp_cost_std,global_risk_mean,global_risk_std,global_cvar90_mean,global_cvar90_std,max_vehicle_risk_mean,max_vehicle_risk_std,max_vehicle_cvar90_mean,max_vehicle_cvar90_std,vehicle_risk_gini_mean,vehicle_risk_gini_std,risk_variance_mean,risk_variance_std,edge_burden_gini_used_mean,edge_burden_gini_used_std,top10_burden_share_mean,top10_burden_share_std,max_edge_burden_mean,max_edge_burden_std,cost_increase_pct,risk_reduction_pct
0.0,0.0,10,133997.5,0.7071067811865476,10.500343127094675,1.0581229731317814,0.2175320746498465,0.10514462003538791,3.1115767568990123,0.5819413641582503,0.504797031065183,0.1482867442878231,0.15275998434760546,0.05921096639309922,0.44408707951343407,0.383138809246921,0.8761305306929609,0.007298090206846273,0.9005977591781438,0.005916058183101952,1.5928807020187379,0.3503922972466438,0.0,0.0
1.0,0.0,10,160479.2,361.67474645352587,4.089256971504073,0.08208968689574804,0.06479305513559364,0.004025892250821097,1.5347825770440977,0.18786230416160202,0.11112773802131412,0.02226456388904215,0.33497770494991397,0.060692990536410654,0.2552689004163031,0.08236641027645489,0.8130705174393839,0.005522995626198161,0.7894294660366719,0.007088099555784698,1.0099999904632568,0.0,0.19762831396108144,0.610559681525747
2.0,0.0,10,175211.0,239.41363555338467,3.1669733383518177,0.24635803834194528,0.04851077615081562,0.004989446343911674,1.2815481076249853,0.012627843281478668,0.09206536718043479,0.010378713425765452,0.3480491121762165,0.032721566308455734,0.16147797431714533,0.01793984089975988,0.7696550918328667,0.018137789571066164,0.7282762379053455,0.02529868029101997,1.0099999904632568,0.0,0.3075691710666244,0.6983933477201728
