beta,lambda_concentration,runs,pyvrp_cost_mean,pyvrp_cost_std,global_risk_mean,global_risk_std,global_cvar90_mean,global_cvar90_std,max_vehicle_risk_mean,max_vehicle_risk_std,max_vehicle_cvar90_mean,max_vehicle_cvar90_std,vehicle_risk_gini_mean,vehicle_risk_gini_std,risk_variance_mean,risk_variance_std,edge_burden_gini_used_mean,edge_burden_gini_used_std,top10_burden_share_mean,top10_burden_share_std,max_edge_burden_mean,max_edge_burden_std,cost_increase_pct,risk_reduction_pct
0.0,0.0,10,146730.9,582.7275807213293,10.096012082332162,0.6670485154837803,0.30387038923090803,0.04238470931785858,3.237496990969521,0.3187024013499296,0.43539831418366665,0.04884743924841818,0.20583046804606023,0.03443589023800954,0.6133295805273449,0.19593286216330272,0.872603464307646,0.0048581916915573205,0.9141000339944074,0.005158466351039516,1.0229972064495088,0.23904914099668048,0.0,0.0
1.0,0.0,10,179711.3,582.2973753447059,4.464516337285749,0.3012286746543974,0.11670790775986532,0.009772446223792386,1.5615172531659482,0.26260285804410943,0.1822087382304571,0.038684966854239305,0.28219648489845184,0.10483450877257743,0.23511289301133192,0.11452240558309744,0.845583218566788,0.00457168358869932,0.8329504834851612,0.010424416404058369,0.6794566512107849,0.0,0.22476792550171773,0.5577940774160592
