beta,lambda_concentration,runs,pyvrp_cost_mean,pyvrp_cost_std,global_risk_mean,global_risk_std,global_cvar90_mean,global_cvar90_std,max_vehicle_risk_mean,max_vehicle_risk_std,max_vehicle_cvar90_mean,max_vehicle_cvar90_std,vehicle_risk_gini_mean,vehicle_risk_gini_std,risk_variance_mean,risk_variance_std,edge_burden_gini_used_mean,edge_burden_gini_used_std,top10_burden_share_mean,top10_burden_share_std,max_edge_burden_mean,max_edge_burden_std,cost_increase_pct,risk_reduction_pct
0.0,0.0,10,133997.6,0.6992058987801011,7.957603526301682,0.884895941246797,0.25121574867688423,0.04960474698253381,2.2944894114683847,0.41244346583430225,0.3902433934365399,0.10574660695266312,0.14421792163004948,0.05308276456999538,0.21750583532766443,0.18405229243456864,0.8696365716876484,0.009065654375381177,0.8939435120800582,0.010908537943213548,1.1021296679973602,0.3990988250434914,0.0,0.0
1.0,0.0,10,159127.0,273.80203716472886,3.263349509562249,0.10281940260172774,0.07995319382227185,0.011864616451742882,1.1550317604735028,0.1859929718200932,0.14942618305129662,0.017926676938324403,0.308449759746278,0.07687138266869971,0.1430814957365714,0.05865024760011934,0.80715311643983,0.005062325303591746,0.792937127805374,0.006603039210114813,0.7359781265258789,0.0,0.18753619467811358,0.5899080044919642
