beta,lambda_concentration,runs,pyvrp_cost_mean,pyvrp_cost_std,global_risk_mean,global_risk_std,global_cvar90_mean,global_cvar90_std,max_vehicle_risk_mean,max_vehicle_risk_std,max_vehicle_cvar90_mean,max_vehicle_cvar90_std,vehicle_risk_gini_mean,vehicle_risk_gini_std,risk_variance_mean,risk_variance_std,edge_burden_gini_used_mean,edge_burden_gini_used_std,top10_burden_share_mean,top10_burden_share_std,max_edge_burden_mean,max_edge_burden_std,cost_increase_pct,risk_reduction_pct
0.0,0.0,10,146730.9,582.7275807213293,9.702563768750485,0.5766484116603796,0.30177631486799517,0.0233081104231327,3.3639593991916628,0.2570453344639985,0.4739863154327585,0.054954593813649165,0.2575240886487494,0.02756702498975068,0.8683850457293902,0.18101211218300678,0.8657683193051536,0.004960134826104234,0.898603492394213,0.008448358500570656,1.0662250995635987,0.3404797377910807,0.0,0.0
1.0,0.0,10,180791.2,341.6098489342614,4.997997640714058,0.35132471853008884,0.13948282318195954,0.012467303781031383,1.9102722196781543,0.24092254265523305,0.20126001260967716,0.04430485619089338,0.3070678588874223,0.08439853805456339,0.33336534287238734,0.16386151108996172,0.8400481867784679,0.006446818263360314,0.8394254186608716,0.009135807914037458,0.9047213792800903,0.0,0.23212765681938854,0.4848786609564129
1.0,1.0,10,197545.0,376.1270470938717,4.00872557741904,0.05312892618797145,0.10303370217398493,0.004198475631449867,1.6257145704760538,0.17265182943627644,0.16203947104513644,0.0018554896712618821,0.2708207067143334,0.052203740993718606,0.19776312184514516,0.05766110599752908,0.8151622822209486,0.0013475683679482458,0.7998480982696222,0.0017656146134555062,0.9047213792800903,0.0,0.3463081055183333,0.5868385229962907
