{
  "model": "stable_tail_rc_gnn",
  "source_model": "gcn_teg_concat",
  "seed": 5,
  "delta": 0.03,
  "risk_mode": "exposure_floor",
  "exposure_delta": 0.01,
  "posthoc_formula": "clip(S_i_norm + delta * P_high * (1 - S_i_norm), 0, 1)",
  "risk_summaries": {
    "data_2020": {
      "edge_count": 6603,
      "risk_min": 2.3279738954467505e-22,
      "risk_max": 0.8629461209125882,
      "risk_mean": 0.01780029251921198,
      "risk_p25": 0.0006143013905695803,
      "risk_p50": 0.0015531882231325576,
      "risk_p75": 0.0033050356756128404,
      "risk_p90": 0.008350942634196709,
      "risk_p95": 0.07239227551021236,
      "risk_p99": 0.42217280847243394,
      "zero_risk_edge_count": 2,
      "zero_risk_edge_ratio": 0.00030289262456459186,
      "edge_attribute_zero_ratio": 0.928365894290474,
      "matrix_5x8": [
        [
          1,
          679,
          379,
          136,
          32,
          18,
          74,
          2
        ],
        [
          0,
          644,
          325,
          113,
          71,
          25,
          142,
          1
        ],
        [
          0,
          638,
          343,
          121,
          74,
          53,
          77,
          14
        ],
        [
          0,
          694,
          292,
          128,
          62,
          35,
          102,
          8
        ],
        [
          1,
          647,
          348,
          117,
          49,
          31,
          114,
          13
        ]
      ]
    },
    "data_2021": {
      "edge_count": 7647,
      "risk_min": 1.6084256395132733e-19,
      "risk_max": 0.8624026432906413,
      "risk_mean": 0.013830783503611813,
      "risk_p25": 0.0006173942131584492,
      "risk_p50": 0.0015107361724037178,
      "risk_p75": 0.0030959267985370036,
      "risk_p90": 0.007457401413701178,
      "risk_p95": 0.057442091308456726,
      "risk_p99": 0.376598776253582,
      "zero_risk_edge_count": 2,
      "zero_risk_edge_ratio": 0.0002615404733882568,
      "edge_attribute_zero_ratio": 0.9314763959722767,
      "matrix_5x8": [
        [
          1,
          835,
          451,
          101,
          73,
          19,
          48,
          2
        ],
        [
          1,
          798,
          360,
          165,
          116,
          32,
          54,
          3
        ],
        [
          0,
          776,
          398,
          174,
          84,
          34,
          50,
          14
        ],
        [
          0,
          790,
          358,
          178,
          81,
          56,
          52,
          14
        ],
        [
          0,
          706,
          502,
          113,
          84,
          28,
          89,
          7
        ]
      ]
    }
  }
}