{
  "model": "stable_tail_rc_gnn",
  "source_model": "gcn_teg_concat",
  "seed": 4,
  "delta": 0.08,
  "risk_mode": "exposure_floor",
  "exposure_delta": 0.01,
  "posthoc_formula": "clip(S_i_norm + delta * P_high * (1 - S_i_norm), 0, 1)",
  "risk_summaries": {
    "data_2020": {
      "edge_count": 6603,
      "risk_min": 5.108969276203901e-09,
      "risk_max": 0.9199172157995781,
      "risk_mean": 0.020061270055438885,
      "risk_p25": 0.0008686710463656674,
      "risk_p50": 0.0019223456876738155,
      "risk_p75": 0.004085784291451576,
      "risk_p90": 0.008784161198179935,
      "risk_p95": 0.08874245359176708,
      "risk_p99": 0.4436001462347082,
      "zero_risk_edge_count": 0,
      "zero_risk_edge_ratio": 0.0,
      "edge_attribute_zero_ratio": 0.928365894290474,
      "matrix_5x8": [
        [
          0,
          605,
          394,
          165,
          38,
          25,
          21,
          73
        ],
        [
          0,
          608,
          324,
          124,
          75,
          21,
          41,
          128
        ],
        [
          0,
          558,
          311,
          210,
          84,
          43,
          47,
          67
        ],
        [
          0,
          563,
          344,
          186,
          36,
          46,
          66,
          80
        ],
        [
          0,
          513,
          398,
          174,
          64,
          26,
          43,
          102
        ]
      ]
    },
    "data_2021": {
      "edge_count": 7647,
      "risk_min": 1.1920928693424714e-09,
      "risk_max": 0.9089993486314228,
      "risk_mean": 0.018537497077443673,
      "risk_p25": 0.0009107890258616635,
      "risk_p50": 0.0019391364934900031,
      "risk_p75": 0.003842927631962134,
      "risk_p90": 0.008693560786311507,
      "risk_p95": 0.07183706007449366,
      "risk_p99": 0.4390248253762878,
      "zero_risk_edge_count": 0,
      "zero_risk_edge_ratio": 0.0,
      "edge_attribute_zero_ratio": 0.9314763959722767,
      "matrix_5x8": [
        [
          0,
          681,
          529,
          185,
          49,
          15,
          30,
          41
        ],
        [
          0,
          742,
          340,
          166,
          71,
          71,
          45,
          94
        ],
        [
          0,
          649,
          408,
          207,
          69,
          92,
          44,
          61
        ],
        [
          0,
          609,
          378,
          176,
          91,
          143,
          81,
          51
        ],
        [
          0,
          570,
          485,
          178,
          69,
          88,
          54,
          85
        ]
      ]
    }
  }
}