beta,lambda_concentration,runs,pyvrp_cost_mean,pyvrp_cost_std,global_risk_mean,global_risk_std,global_cvar90_mean,global_cvar90_std,max_vehicle_risk_mean,max_vehicle_risk_std,max_vehicle_cvar90_mean,max_vehicle_cvar90_std,vehicle_risk_gini_mean,vehicle_risk_gini_std,risk_variance_mean,risk_variance_std,edge_burden_gini_used_mean,edge_burden_gini_used_std,top10_burden_share_mean,top10_burden_share_std,max_edge_burden_mean,max_edge_burden_std,cost_increase_pct,risk_reduction_pct
0.0,0.0,10,133997.5,0.7071067811865476,9.116891715832754,0.9345301041690403,0.2040999992599708,0.08239408183358805,2.853811907469935,0.45542766003978585,0.4285802753207585,0.1523523866729222,0.19826161125532613,0.062053683857407206,0.4808827493236347,0.29672460026548114,0.8762813866551944,0.009845472407221337,0.8942294326865212,0.00975570650334701,1.3999998331069947,0.5163977179349099,0.0,0.0
1.0,0.0,10,154038.8,238.64841643444166,2.774319564993493,0.17360760026665303,0.04604017809279126,0.003925030656088691,0.9513446824930725,0.12710355508839896,0.07384753613258564,0.015537649779754425,0.21877546643943702,0.0750562463287923,0.05749177217528184,0.03457799550522196,0.754862986248543,0.014440173070509503,0.7129784248900487,0.01954236675527217,0.46832725405693054,0.0,0.1495647306852739,0.6956945797462751
2.0,0.0,10,164319.6,423.89259645968497,2.2408940436289413,0.12073798399916055,0.03303461956492626,0.0024694181598793967,0.6928603159904014,0.0,0.052321418871482214,0.01853920494771347,0.2137924739463096,0.016859793566514895,0.031951240521858514,0.0016886729022252175,0.7159653375676172,0.012930111531329483,0.6557081697049207,0.017510232065768554,0.28502585291862487,0.0747326793924957,0.22628855015951793,0.7542041615194277
