{
  "model": "stable_tail_rc_gnn",
  "source_model": "gcn_teg_concat",
  "seed": 3,
  "delta": 0.15,
  "risk_mode": "exposure_floor",
  "exposure_delta": 0.01,
  "posthoc_formula": "clip(S_i_norm + delta * P_high * (1 - S_i_norm), 0, 1)",
  "risk_summaries": {
    "data_2020": {
      "edge_count": 6603,
      "risk_min": 1.989092454165378e-07,
      "risk_max": 0.9257129538097786,
      "risk_mean": 0.018568657476470823,
      "risk_p25": 0.0007378550090671171,
      "risk_p50": 0.0017569430504968903,
      "risk_p75": 0.0037155580092432163,
      "risk_p90": 0.00878027876430031,
      "risk_p95": 0.07499127380522012,
      "risk_p99": 0.4434022496310127,
      "zero_risk_edge_count": 0,
      "zero_risk_edge_ratio": 0.0,
      "edge_attribute_zero_ratio": 0.928365894290474,
      "matrix_5x8": [
        [
          0,
          651,
          377,
          155,
          39,
          14,
          72,
          13
        ],
        [
          0,
          640,
          300,
          125,
          71,
          27,
          150,
          8
        ],
        [
          0,
          599,
          330,
          188,
          85,
          43,
          72,
          3
        ],
        [
          0,
          613,
          328,
          152,
          81,
          44,
          74,
          29
        ],
        [
          0,
          617,
          375,
          143,
          40,
          33,
          104,
          8
        ]
      ]
    },
    "data_2021": {
      "edge_count": 7647,
      "risk_min": 6.28632692191475e-08,
      "risk_max": 0.8785627343810876,
      "risk_mean": 0.015160139909638088,
      "risk_p25": 0.0007387001087450628,
      "risk_p50": 0.0017109795881763532,
      "risk_p75": 0.0034673636062174645,
      "risk_p90": 0.008535093477755485,
      "risk_p95": 0.059732118872608174,
      "risk_p99": 0.3891087875451579,
      "zero_risk_edge_count": 0,
      "zero_risk_edge_ratio": 0.0,
      "edge_attribute_zero_ratio": 0.9314763959722767,
      "matrix_5x8": [
        [
          0,
          824,
          417,
          195,
          27,
          9,
          58,
          0
        ],
        [
          0,
          729,
          364,
          205,
          59,
          52,
          120,
          0
        ],
        [
          0,
          715,
          401,
          204,
          62,
          57,
          90,
          1
        ],
        [
          0,
          748,
          380,
          171,
          49,
          94,
          78,
          9
        ],
        [
          0,
          697,
          463,
          188,
          34,
          34,
          112,
          1
        ]
      ]
    }
  }
}