{
  "model": "stable_tail_rc_gnn",
  "source_model": "gcn_teg_concat",
  "seed": 8,
  "delta": 0.25,
  "risk_mode": "exposure_floor",
  "exposure_delta": 0.01,
  "posthoc_formula": "clip(S_i_norm + delta * P_high * (1 - S_i_norm), 0, 1)",
  "risk_summaries": {
    "data_2020": {
      "edge_count": 6603,
      "risk_min": 1.3794217162018681e-08,
      "risk_max": 0.9206211135694389,
      "risk_mean": 0.01846356053798625,
      "risk_p25": 0.0007547726574459674,
      "risk_p50": 0.0016281684468114279,
      "risk_p75": 0.003744725334625535,
      "risk_p90": 0.008952428811776183,
      "risk_p95": 0.0721280616463181,
      "risk_p99": 0.4520829837941467,
      "zero_risk_edge_count": 0,
      "zero_risk_edge_ratio": 0.0,
      "edge_attribute_zero_ratio": 0.928365894290474,
      "matrix_5x8": [
        [
          0,
          764,
          329,
          100,
          38,
          6,
          55,
          29
        ],
        [
          0,
          693,
          301,
          118,
          46,
          13,
          62,
          88
        ],
        [
          0,
          616,
          356,
          118,
          94,
          40,
          43,
          53
        ],
        [
          0,
          631,
          359,
          95,
          104,
          22,
          48,
          62
        ],
        [
          0,
          705,
          311,
          105,
          59,
          19,
          66,
          55
        ]
      ]
    },
    "data_2021": {
      "edge_count": 7647,
      "risk_min": 1.703017896089386e-10,
      "risk_max": 0.9020512022288175,
      "risk_mean": 0.01583128722943818,
      "risk_p25": 0.0007639930575357779,
      "risk_p50": 0.001532361947960194,
      "risk_p75": 0.003375885248972153,
      "risk_p90": 0.008700533381482372,
      "risk_p95": 0.06746753015599039,
      "risk_p99": 0.43937694143696215,
      "zero_risk_edge_count": 0,
      "zero_risk_edge_ratio": 0.0,
      "edge_attribute_zero_ratio": 0.9314763959722767,
      "matrix_5x8": [
        [
          0,
          1055,
          290,
          86,
          36,
          14,
          10,
          39
        ],
        [
          0,
          803,
          343,
          149,
          65,
          32,
          62,
          75
        ],
        [
          0,
          724,
          434,
          153,
          83,
          33,
          43,
          60
        ],
        [
          0,
          734,
          378,
          167,
          104,
          78,
          34,
          34
        ],
        [
          0,
          809,
          370,
          133,
          60,
          31,
          70,
          56
        ]
      ]
    }
  }
}