beta,lambda_concentration,runs,pyvrp_cost_mean,pyvrp_cost_std,global_risk_mean,global_risk_std,global_cvar90_mean,global_cvar90_std,max_vehicle_risk_mean,max_vehicle_risk_std,max_vehicle_cvar90_mean,max_vehicle_cvar90_std,vehicle_risk_gini_mean,vehicle_risk_gini_std,risk_variance_mean,risk_variance_std,edge_burden_gini_used_mean,edge_burden_gini_used_std,top10_burden_share_mean,top10_burden_share_std,max_edge_burden_mean,max_edge_burden_std,cost_increase_pct,risk_reduction_pct
0.0,0.0,10,146730.9,582.7275807213293,9.363411431171818,0.5438913934029039,0.293596858658734,0.03438308475561079,3.1461118737934157,0.27865573979058783,0.4357402996683405,0.05749458451719438,0.22927309476068522,0.028566456612918633,0.6481290374051351,0.18497909956960248,0.8608433568857631,0.0051995476336067865,0.8964580344693415,0.008891320996186924,1.022465443611145,0.35925773673618616,0.0,0.0
1.0,0.0,10,181883.0,704.7461323846419,5.034890459048464,0.25165376316724686,0.1399315018311052,0.010229064617234907,1.6550763953478345,0.21129682058244503,0.2064652319013008,0.026789396770745044,0.2525568400933456,0.05571069358852796,0.22067287071689137,0.09864688250506289,0.8300816654713998,0.0047456072752589725,0.8333241912004142,0.009327118659473131,0.7314392328262329,0.0,0.2395684889822117,0.46228033489084686
