beta,lambda_concentration,runs,pyvrp_cost_mean,pyvrp_cost_std,global_risk_mean,global_risk_std,global_cvar90_mean,global_cvar90_std,max_vehicle_risk_mean,max_vehicle_risk_std,max_vehicle_cvar90_mean,max_vehicle_cvar90_std,vehicle_risk_gini_mean,vehicle_risk_gini_std,risk_variance_mean,risk_variance_std,edge_burden_gini_used_mean,edge_burden_gini_used_std,top10_burden_share_mean,top10_burden_share_std,max_edge_burden_mean,max_edge_burden_std,cost_increase_pct,risk_reduction_pct
0.0,0.0,5,146531.2,556.7375503771952,7.683610356761882,0.7534405412384165,0.23072970076359617,0.041461156821209745,2.6742203515721483,0.5339191551621721,0.43386255900065107,0.0772909782543648,0.24229749168191259,0.026261270631895817,0.5198334263966762,0.18802162501550135,0.8558461211745085,0.006824685735456009,0.8881591624842505,0.008448893851562478,1.0226764798164367,0.3806070116722611,0.0,0.0
1.0,0.0,5,179169.6,784.9040068696298,3.9824336403960565,0.11626020391387645,0.10001525185662949,0.005851218526446805,1.3042650044629949,0.15621896293878518,0.1934186434595003,0.011272918599177067,0.27221757935994995,0.07764516806843588,0.1672214350772881,0.09536405119160093,0.8098397546934496,0.002927654528810578,0.8099649122184986,0.004531571496765141,0.5845667839050293,0.0021461018197117517,0.22274027647354278,0.4816976062702297
