{
  "model": "ua_teg_gnn",
  "split": "B",
  "seed": 1,
  "epochs": 50,
  "risk_mode": "exposure_floor",
  "exposure_delta": 0.01,
  "uncertainty_tau": 1.0,
  "experiment_tag": "ua_pretest_3seed",
  "alpha_ord": 0.3,
  "alpha_hr": 0.5,
  "alpha_topk": 0.1,
  "lambda_nll": 0.2,
  "lambda_var": 0.01,
  "metrics": {
    "data_2020_train": {
      "macro_f1": 0.3053389150105325,
      "weighted_f1": 0.6574121297484358,
      "mae": 1.0361340084378474,
      "qwk": 0.49390041418067043,
      "recall_6_8": 0.5,
      "precision_6_8": 0.6451612903225806,
      "pr_auc_high": 0.646569116683208,
      "high_fn_rate": 0.5,
      "brier": 0.41013437509536743,
      "ece": 0.09319142705643092,
      "ordinal_nll": 0.7129484652846215,
      "uncertainty_mean": 1.2106605768203735,
      "correct_uncertainty": 1.1181129217147827,
      "error_uncertainty": 1.4553085565567017,
      "error_uncertainty_corr": 0.2607293929380652,
      "high_fn_uncertainty": 1.560382604598999
    },
    "data_2021_train": {
      "macro_f1": 0.3201119882554377,
      "weighted_f1": 0.6545847636930976,
      "mae": 1.0012060728707333,
      "qwk": 0.5142997784888015,
      "recall_6_8": 0.52,
      "precision_6_8": 0.65,
      "pr_auc_high": 0.6823812527791249,
      "high_fn_rate": 0.48,
      "brier": 0.3995034694671631,
      "ece": 0.0905595556643214,
      "ordinal_nll": 0.6708212590217091,
      "uncertainty_mean": 1.2048662900924683,
      "correct_uncertainty": 1.1266709566116333,
      "error_uncertainty": 1.409968614578247,
      "error_uncertainty_corr": 0.2096130694749236,
      "high_fn_uncertainty": 1.295385479927063
    },
    "data_2021_test": {
      "macro_f1": 0.1994064465408805,
      "weighted_f1": 0.5535643662530455,
      "mae": 1.372173777811552,
      "qwk": 0.2562891308863239,
      "recall_6_8": 0.23076923076923078,
      "precision_6_8": 0.4,
      "pr_auc_high": 0.34454024079794715,
      "high_fn_rate": 0.7692307692307693,
      "brier": 0.542780876159668,
      "ece": 0.08211408340716146,
      "ordinal_nll": 1.324708097499371,
      "uncertainty_mean": 1.2190881967544556,
      "correct_uncertainty": 1.08786141872406,
      "error_uncertainty": 1.4431343078613281,
      "error_uncertainty_corr": 0.3085092536287007,
      "high_fn_uncertainty": 1.3874269723892212
    }
  },
  "split_sizes": {
    "data_2020": {
      "train": 419,
      "val": 0,
      "test": 0
    },
    "data_2021": {
      "train": 221,
      "val": 0,
      "test": 222
    }
  },
  "risk_summaries": {
    "data_2020": {
      "edge_count": 6603,
      "risk_min": 0.0007777780410833657,
      "risk_max": 1.0,
      "risk_mean": 0.041421838104724884,
      "risk_p25": 0.0043413639068603516,
      "risk_p50": 0.005426796153187752,
      "risk_p75": 0.009999999776482582,
      "risk_p90": 0.009999999776482582,
      "risk_p95": 0.3350870609283447,
      "risk_p99": 1.0,
      "zero_risk_edge_count": 0,
      "zero_risk_edge_ratio": 0.0,
      "edge_attribute_zero_ratio": 0.928365894290474,
      "matrix_5x8": [
        [
          0,
          558,
          437,
          159,
          61,
          38,
          68,
          0
        ],
        [
          0,
          586,
          363,
          151,
          58,
          38,
          125,
          0
        ],
        [
          0,
          489,
          406,
          153,
          134,
          57,
          81,
          0
        ],
        [
          0,
          469,
          442,
          163,
          93,
          58,
          96,
          0
        ],
        [
          0,
          383,
          514,
          168,
          86,
          68,
          101,
          0
        ]
      ]
    },
    "data_2021": {
      "edge_count": 7647,
      "risk_min": 0.00036067154724150896,
      "risk_max": 0.9999998807907104,
      "risk_mean": 0.038429971784353256,
      "risk_p25": 0.004094806965440512,
      "risk_p50": 0.005180861800909042,
      "risk_p75": 0.009999999776482582,
      "risk_p90": 0.009999999776482582,
      "risk_p95": 0.2639724016189575,
      "risk_p99": 0.9999998807907104,
      "zero_risk_edge_count": 0,
      "zero_risk_edge_ratio": 0.0,
      "edge_attribute_zero_ratio": 0.9314763959722767,
      "matrix_5x8": [
        [
          0,
          649,
          566,
          201,
          47,
          18,
          49,
          0
        ],
        [
          0,
          631,
          470,
          156,
          122,
          66,
          84,
          0
        ],
        [
          0,
          537,
          504,
          217,
          139,
          59,
          74,
          0
        ],
        [
          0,
          539,
          500,
          189,
          163,
          88,
          50,
          0
        ],
        [
          0,
          494,
          539,
          215,
          108,
          95,
          78,
          0
        ]
      ]
    }
  }
}