beta,lambda_concentration,runs,pyvrp_cost_mean,pyvrp_cost_std,global_risk_mean,global_risk_std,global_cvar90_mean,global_cvar90_std,max_vehicle_risk_mean,max_vehicle_risk_std,max_vehicle_cvar90_mean,max_vehicle_cvar90_std,vehicle_risk_gini_mean,vehicle_risk_gini_std,risk_variance_mean,risk_variance_std,edge_burden_gini_used_mean,edge_burden_gini_used_std,top10_burden_share_mean,top10_burden_share_std,max_edge_burden_mean,max_edge_burden_std,cost_increase_pct,risk_reduction_pct
0.0,0.0,3,146220.66666666666,383.9379290111011,4.995514891731243,0.6017700550183712,0.12483509050856718,0.01366951372039742,1.5608054345163207,0.4095022789463343,0.19187790153045503,0.056233842853606844,0.18717912594028055,0.04373439546843081,0.13352633608354067,0.0861249444000171,0.7054887948621423,0.026972939137867014,0.7379202153660219,0.029914484613638326,0.4419686198234558,0.07979570034546812,0.0,0.0
1.0,0.0,3,189524.33333333334,378.04937949073974,3.4438456050120294,0.09575266109933617,0.05597529316489621,0.0012762403011841717,1.0676186483663817,0.28297955954217163,0.0875226692252216,0.015718707368739978,0.17997296010307226,0.09393681663790768,0.0670632383023952,0.06571274454544543,0.6179440936674158,0.011092979486022636,0.6316194019632784,0.011054993808514603,0.3277019460995992,0.0191621419053395,0.29615284661083036,0.3106124834673763
