beta,lambda_concentration,runs,pyvrp_cost_mean,pyvrp_cost_std,global_risk_mean,global_risk_std,global_cvar90_mean,global_cvar90_std,max_vehicle_risk_mean,max_vehicle_risk_std,max_vehicle_cvar90_mean,max_vehicle_cvar90_std,vehicle_risk_gini_mean,vehicle_risk_gini_std,risk_variance_mean,risk_variance_std,edge_burden_gini_used_mean,edge_burden_gini_used_std,top10_burden_share_mean,top10_burden_share_std,max_edge_burden_mean,max_edge_burden_std,cost_increase_pct,risk_reduction_pct
0.0,0.0,10,146730.9,582.7275807213293,8.64277212278903,0.7685762146363554,0.164484406823288,0.0629155982014789,2.9415086601286022,0.5769309364683416,0.45832522350052995,0.14851022675733816,0.21625116147096227,0.04785302338631323,0.564692321314926,0.3176045963067769,0.8730892659868911,0.006968464150232298,0.8879417711287962,0.008614571210214673,1.1999998569488526,0.4216369710927341,0.0,0.0
1.0,0.0,10,174065.7,368.4520321561546,3.536812539046514,0.1860447554884151,0.058846730821587256,0.005208391787367779,1.4198961741378298,0.1380300001877923,0.12418727926444262,0.031482404819069235,0.28977044465963103,0.047654195352072215,0.16324071209131977,0.04925110174661977,0.7970311077638361,0.011813868944361346,0.7637299001647125,0.015331577652191031,0.7710481882095337,0.0,0.18629204891403256,0.5907779947453049
2.0,0.0,10,189546.0,234.19412650382353,3.0924560888153794,0.18187904903752197,0.05029983401512185,0.0036197357835232122,1.2757797864091116,0.13662574147286974,0.10908357625119476,0.04938406396316242,0.3228575391174914,0.03344737759761459,0.14509512090180307,0.03983448499720806,0.7750729385928596,0.004891153807175476,0.7318626689507249,0.011539784155035444,0.7710481882095337,0.0,0.29179334414223596,0.6421916435049911
