{
  "model": "edge_gat",
  "split": "B",
  "seed": 4,
  "epochs": 50,
  "risk_mode": "exposure_floor",
  "exposure_delta": 0.01,
  "experiment_tag": "10seed",
  "alpha_ord": 0.5,
  "alpha_hr": 1.0,
  "alpha_topk": 0.3,
  "metrics": {
    "data_2020_train": {
      "macro_f1": 0.583736188738216,
      "weighted_f1": 0.7609213814344236,
      "mae": 0.8824876320269889,
      "qwk": 0.6913234213383441,
      "recall_6_8": 0.7,
      "precision_6_8": 0.9032258064516129,
      "pr_auc_high": 0.8715991375818457,
      "high_fn_rate": 0.3
    },
    "data_2021_train": {
      "macro_f1": 0.674192821067821,
      "weighted_f1": 0.8120831782596489,
      "mae": 0.7723027050458827,
      "qwk": 0.6970595282540496,
      "recall_6_8": 0.68,
      "precision_6_8": 0.85,
      "pr_auc_high": 0.9066760803235168,
      "high_fn_rate": 0.32
    },
    "data_2021_test": {
      "macro_f1": 0.250023633111906,
      "weighted_f1": 0.5924009599788854,
      "mae": 1.3186761092996684,
      "qwk": 0.20840046461088835,
      "recall_6_8": 0.19230769230769232,
      "precision_6_8": 0.4166666666666667,
      "pr_auc_high": 0.37565338179257374,
      "high_fn_rate": 0.8076923076923077
    }
  },
  "split_sizes": {
    "data_2020": {
      "train": 419,
      "val": 0,
      "test": 0
    },
    "data_2021": {
      "train": 221,
      "val": 0,
      "test": 222
    }
  },
  "risk_summaries": {
    "data_2020": {
      "edge_count": 6603,
      "risk_min": 0.0,
      "risk_max": 0.950518786907196,
      "risk_mean": 0.02052038162946701,
      "risk_p25": 0.0012532518012449145,
      "risk_p50": 0.002215936779975891,
      "risk_p75": 0.0037000845186412334,
      "risk_p90": 0.008570466190576553,
      "risk_p95": 0.1197698637843132,
      "risk_p99": 0.4328085482120514,
      "zero_risk_edge_count": 8,
      "zero_risk_edge_ratio": 0.0012115704982583674,
      "edge_attribute_zero_ratio": 0.928365894290474,
      "matrix_5x8": [
        [
          6,
          455,
          517,
          217,
          34,
          17,
          50,
          25
        ],
        [
          0,
          504,
          385,
          197,
          56,
          47,
          59,
          73
        ],
        [
          0,
          379,
          451,
          262,
          86,
          73,
          39,
          30
        ],
        [
          2,
          404,
          456,
          213,
          67,
          89,
          43,
          47
        ],
        [
          0,
          331,
          547,
          224,
          55,
          52,
          80,
          31
        ]
      ]
    },
    "data_2021": {
      "edge_count": 7647,
      "risk_min": 0.0,
      "risk_max": 0.8817576766014099,
      "risk_mean": 0.01878254860639572,
      "risk_p25": 0.001338642556220293,
      "risk_p50": 0.0022053036373108625,
      "risk_p75": 0.003648834303021431,
      "risk_p90": 0.008572543039917946,
      "risk_p95": 0.11522246152162552,
      "risk_p99": 0.4329134225845337,
      "zero_risk_edge_count": 5,
      "zero_risk_edge_ratio": 0.0006538511834706421,
      "edge_attribute_zero_ratio": 0.9314763959722767,
      "matrix_5x8": [
        [
          1,
          505,
          708,
          232,
          16,
          4,
          24,
          40
        ],
        [
          1,
          550,
          491,
          262,
          84,
          24,
          43,
          74
        ],
        [
          0,
          371,
          615,
          319,
          98,
          37,
          39,
          51
        ],
        [
          0,
          395,
          509,
          304,
          154,
          54,
          46,
          67
        ],
        [
          3,
          337,
          684,
          261,
          71,
          45,
          67,
          61
        ]
      ]
    }
  }
}