beta,lambda_concentration,runs,pyvrp_cost_mean,pyvrp_cost_std,global_risk_mean,global_risk_std,global_cvar90_mean,global_cvar90_std,max_vehicle_risk_mean,max_vehicle_risk_std,max_vehicle_cvar90_mean,max_vehicle_cvar90_std,vehicle_risk_gini_mean,vehicle_risk_gini_std,risk_variance_mean,risk_variance_std,edge_burden_gini_used_mean,edge_burden_gini_used_std,top10_burden_share_mean,top10_burden_share_std,max_edge_burden_mean,max_edge_burden_std,cost_increase_pct,risk_reduction_pct
0.0,0.0,10,146730.9,582.7275807213293,10.580707754957231,0.7984347247840844,0.20008983728497198,0.08076496906839782,3.459715290101303,0.5272535667501383,0.5210022263016021,0.0968763158621193,0.2248305452913359,0.0452428044103478,0.8214542519540788,0.3917903484533502,0.8844675162342123,0.005193594162224502,0.9070624865850281,0.006468453630949808,1.434295129776001,0.29815251990200964,0.0,0.0
1.0,0.0,10,176383.1,305.7756803061137,3.881656125767546,0.5029561802970938,0.06610569711016631,0.008924407113791817,1.4988713651938732,0.254137475087128,0.15040289137148558,0.015464184373375715,0.3024904517470709,0.025744478216244353,0.1995037579331456,0.08725871246787929,0.8215101804962041,0.01450079144166421,0.7883740856521495,0.024683729050068732,0.9622198939323425,0.013274534271519091,0.20208558660786524,0.6331383291491478
2.0,0.0,10,191008.2,285.1782288713888,3.236923618723961,0.27049903456228896,0.054135906488496956,0.008618398294142014,1.3853645162103931,0.000500257794999925,0.14208793637771455,0.015052206525831106,0.3406408568533917,0.020109321462632824,0.1794369802511651,0.018073943517793255,0.7953578468659559,0.014172585237276134,0.7449733479199899,0.02505880209277212,0.9580221176147461,0.0,0.301758525300397,0.6940730531747175
