beta,lambda_concentration,runs,pyvrp_cost_mean,pyvrp_cost_std,global_risk_mean,global_risk_std,global_cvar90_mean,global_cvar90_std,max_vehicle_risk_mean,max_vehicle_risk_std,max_vehicle_cvar90_mean,max_vehicle_cvar90_std,vehicle_risk_gini_mean,vehicle_risk_gini_std,risk_variance_mean,risk_variance_std,edge_burden_gini_used_mean,edge_burden_gini_used_std,top10_burden_share_mean,top10_burden_share_std,max_edge_burden_mean,max_edge_burden_std,cost_increase_pct,risk_reduction_pct
0.0,0.0,3,146220.66666666666,383.9379290111011,9.420741769352995,0.9540897459566909,0.27676742003463645,0.045695412846227225,3.212708753388142,0.3475247814004586,0.527345204518901,0.056750554904715894,0.24924733530093293,0.041856980770492554,0.7830782418094661,0.2084117309111112,0.8811593964046862,0.004840773096023383,0.9099471435711216,0.006349085453313556,1.1758817831675212,0.46052752555434373,0.0,0.0
1.0,0.0,3,178689.66666666666,285.6577205911532,4.423052724907961,0.35257283053036026,0.11989995263224074,0.015751348381577636,1.6322956479076918,0.10624805227719392,0.1747350704304322,0.02768086085724821,0.2809220716589027,0.06130788535178628,0.22253290871362355,0.07751993162717963,0.846488101271308,0.006268108074318512,0.8280955496712199,0.01286002262284632,0.9099960923194885,0.0,0.2220547938959837,0.530498464643484
