beta,lambda_concentration,runs,pyvrp_cost_mean,pyvrp_cost_std,global_risk_mean,global_risk_std,global_cvar90_mean,global_cvar90_std,max_vehicle_risk_mean,max_vehicle_risk_std,max_vehicle_cvar90_mean,max_vehicle_cvar90_std,vehicle_risk_gini_mean,vehicle_risk_gini_std,risk_variance_mean,risk_variance_std,edge_burden_gini_used_mean,edge_burden_gini_used_std,top10_burden_share_mean,top10_burden_share_std,max_edge_burden_mean,max_edge_burden_std,cost_increase_pct,risk_reduction_pct
0.0,0.0,10,133997.6,0.6992058987801011,7.072628511810035,0.8277103442785505,0.22403313214302786,0.034726595419333074,2.2209104530134938,0.366845733033899,0.35728696071775634,0.11183845446030488,0.1990427846822928,0.0621355127329148,0.2943731267560338,0.1894093408029209,0.8771522236373496,0.009326917964673002,0.8958930859614765,0.009256852055221492,1.1382668018341064,0.42295007853995364,0.0,0.0
1.0,0.0,10,154376.7,135.22084816247005,2.271279076396604,0.19019484055923824,0.04636170429403321,0.005404218958457265,0.7095228843478253,0.10061114325470215,0.07586086337853755,0.01968230736444557,0.18046808417435564,0.051050542291114984,0.025904058559320143,0.014200051579852001,0.7582449379303998,0.01540573400392441,0.7227411659509669,0.02242047491028196,0.345416784286499,0.0,0.15208555974136853,0.6788635126806605
1.0,1.0,10,162153.3,301.60424768597375,1.9039731387601933,0.14269797269356327,0.03546487166122543,0.005801260492072553,0.5488725017989055,0.026317367569682268,0.06163026878144592,0.020713140801819813,0.19362850147777194,0.006327407821173732,0.02011175928174739,0.0033660652780516465,0.7380156706536657,0.010801504525766528,0.6882312681265323,0.013381017820555216,0.2843801885843277,0.09756755009378226,0.21012092753900055,0.730796953978054
