beta,lambda_concentration,runs,pyvrp_cost_mean,pyvrp_cost_std,global_risk_mean,global_risk_std,global_cvar90_mean,global_cvar90_std,max_vehicle_risk_mean,max_vehicle_risk_std,max_vehicle_cvar90_mean,max_vehicle_cvar90_std,vehicle_risk_gini_mean,vehicle_risk_gini_std,risk_variance_mean,risk_variance_std,edge_burden_gini_used_mean,edge_burden_gini_used_std,top10_burden_share_mean,top10_burden_share_std,max_edge_burden_mean,max_edge_burden_std,cost_increase_pct,risk_reduction_pct
0.0,0.0,10,133997.6,0.6992058987801011,7.630781599303009,0.8695853785204345,0.21991386185696693,0.04677832362565952,2.3168099515198266,0.3093116225617092,0.3726039839216641,0.08579725089311452,0.17464931520928445,0.05466810598562035,0.26821446960344664,0.16812849157897383,0.8646072517720755,0.008913376092991615,0.8912268994931332,0.009632601131538687,1.1124402642250062,0.412860159796599,0.0,0.0
1.0,0.0,10,157030.2,314.15205094207346,2.8024847413238603,0.22998671105822557,0.0734437266563828,0.010738056765141564,0.91561923379777,0.13696458226185357,0.11091549458957854,0.02047911235003031,0.25083976638805916,0.07485309758637149,0.06849170876234448,0.027827339761273016,0.7605826238864912,0.015129196374542093,0.7507215436235478,0.02039809349231131,0.4202923595905304,0.001283818817075423,0.17188815322065473,0.6327394900699989
1.0,1.0,10,167567.9,188.1715824571937,2.5269857915642207,0.20581156292025193,0.051760488770630976,0.0087243346391635,0.7583241650543642,0.11254810485086883,0.07973120705121092,0.014166735145164075,0.2258619363648231,0.06292987869904147,0.04847237755813851,0.020957333214302452,0.7452213659538116,0.016293420506140934,0.7250829492703159,0.02157795403768139,0.42110431790351865,0.0019610656359522645,0.2505291139542797,0.6688431245633208
