beta,lambda_concentration,runs,pyvrp_cost_mean,pyvrp_cost_std,global_risk_mean,global_risk_std,global_cvar90_mean,global_cvar90_std,max_vehicle_risk_mean,max_vehicle_risk_std,max_vehicle_cvar90_mean,max_vehicle_cvar90_std,vehicle_risk_gini_mean,vehicle_risk_gini_std,risk_variance_mean,risk_variance_std,edge_burden_gini_used_mean,edge_burden_gini_used_std,top10_burden_share_mean,top10_burden_share_std,max_edge_burden_mean,max_edge_burden_std,cost_increase_pct,risk_reduction_pct
0.0,0.0,10,133997.6,0.6992058987801011,8.698254595632898,0.8697422198760056,0.27234055667380136,0.04779775675689853,2.4570545084221522,0.26763855256917735,0.40933284459790836,0.09724281096610385,0.14530197643741632,0.024942418514376574,0.23934989054662595,0.08633802996530568,0.8775960585456174,0.007761454981900574,0.9023782835640658,0.00847335514652106,1.1768044590950013,0.4296021886917872,0.0,0.0
1.5,1.0,10,183561.7,454.96277014962686,2.731068699725438,0.10733925727212526,0.0611282427969251,0.007188958532555732,1.5828155715978938,0.015751141233841734,0.1715439915144816,0.010490191734346522,0.4385284733548806,0.023440044667133116,0.27570552670250625,0.013279852290847228,0.7921893683499488,0.00620636450967962,0.7443953074948508,0.00868627847792661,0.9099961519241333,0.0,0.369887968142713,0.6860210666749968
