beta,lambda_concentration,runs,pyvrp_cost_mean,pyvrp_cost_std,global_risk_mean,global_risk_std,global_cvar90_mean,global_cvar90_std,max_vehicle_risk_mean,max_vehicle_risk_std,max_vehicle_cvar90_mean,max_vehicle_cvar90_std,vehicle_risk_gini_mean,vehicle_risk_gini_std,risk_variance_mean,risk_variance_std,edge_burden_gini_used_mean,edge_burden_gini_used_std,top10_burden_share_mean,top10_burden_share_std,max_edge_burden_mean,max_edge_burden_std,cost_increase_pct,risk_reduction_pct
0.0,0.0,10,133997.5,0.7071067811865476,10.711676751893538,0.9976265541456808,0.22406996950540062,0.10911955417367453,3.128982152318349,0.45412542707952014,0.47138583433038245,0.15118752373959643,0.15379526835807095,0.04682050423519812,0.4294914413872231,0.2997643188374211,0.8759189007203554,0.006862596393746362,0.8984418330423102,0.007695541517737276,1.6788438558578491,0.27640699431190063,0.0,0.0
1.0,0.0,10,158203.8,303.21895279374166,3.863224742138118,0.1287633217229626,0.06091149836054756,0.0033637446028637443,1.4595951894967585,0.16243920895091246,0.11302446626465427,0.020255410034113394,0.30918220141001684,0.05003170532441047,0.19197311034271775,0.056358479310506006,0.8058334656459681,0.005793969775457504,0.7737570902402583,0.006212874668923508,0.7323699593544006,0.0,0.1806474001380622,0.6393445366566124
2.0,0.0,10,170870.0,416.5879925724643,3.1876850736982307,0.21351701761435232,0.04598772652495914,0.004164039005273645,0.9680483954914962,0.08143616635427617,0.07684896650413672,0.012535352037954042,0.23311804567211275,0.0441597880049145,0.0757406698216573,0.021269690417248337,0.7758595408568865,0.015827384223467477,0.7256275634033293,0.022643609071059025,0.685578465461731,0.0,0.27517304427321404,0.7024102624142914
