beta,lambda_concentration,runs,pyvrp_cost_mean,pyvrp_cost_std,global_risk_mean,global_risk_std,global_cvar90_mean,global_cvar90_std,max_vehicle_risk_mean,max_vehicle_risk_std,max_vehicle_cvar90_mean,max_vehicle_cvar90_std,vehicle_risk_gini_mean,vehicle_risk_gini_std,risk_variance_mean,risk_variance_std,edge_burden_gini_used_mean,edge_burden_gini_used_std,top10_burden_share_mean,top10_burden_share_std,max_edge_burden_mean,max_edge_burden_std,cost_increase_pct,risk_reduction_pct
0.0,0.0,10,133997.6,0.6992058987801011,8.325139516191848,0.8636093058768478,0.25270956935821043,0.04370059020730219,2.3918420958296336,0.4100915712741756,0.38927888229178886,0.10786732679820796,0.13578863344112574,0.040308462855791566,0.22255797309703004,0.1497400574411277,0.8483380971913101,0.009212392393422541,0.8764983980344155,0.009845920726699585,1.1702327251434326,0.3763984941117983,0.0,0.0
1.0,0.0,10,161900.6,266.2313947594377,3.704420722145005,0.13668089560675528,0.09230867077900644,0.013521859283582979,1.2197028691734886,0.09923170263561233,0.14585468125973075,0.02511151486226735,0.2654528072664369,0.058674793611814054,0.1308203994128263,0.056155705912762754,0.75761634843507,0.0072657626223593275,0.7524658072499889,0.00921509515447378,0.9364670515060425,0.0,0.2082350728669767,0.555031994966486
1.0,1.0,10,175194.3,367.05919897961354,2.9700493630029086,0.22237227577614724,0.058061812707497405,0.0075783264099564766,1.2045553590054623,0.0568286136523572,0.14271640296404559,0.025358191558326956,0.2829459165507012,0.0659625722904283,0.10867358801457719,0.032306013808233586,0.7039799303894647,0.021976048796574645,0.6846370110535239,0.02603004024254099,0.9364670515060425,0.0,0.3074435661534235,0.6432432925325754
