beta,lambda_concentration,runs,pyvrp_cost_mean,pyvrp_cost_std,global_risk_mean,global_risk_std,global_cvar90_mean,global_cvar90_std,max_vehicle_risk_mean,max_vehicle_risk_std,max_vehicle_cvar90_mean,max_vehicle_cvar90_std,vehicle_risk_gini_mean,vehicle_risk_gini_std,risk_variance_mean,risk_variance_std,edge_burden_gini_used_mean,edge_burden_gini_used_std,top10_burden_share_mean,top10_burden_share_std,max_edge_burden_mean,max_edge_burden_std,cost_increase_pct,risk_reduction_pct
0.0,0.0,10,133997.6,0.6992058987801011,12.484647207753733,1.1536014608799428,0.30499347293110823,0.09621755239436662,3.4274792070733384,0.3423219913937397,0.4882506444458924,0.11851573577591956,0.14256388391190777,0.032117704616938775,0.456792247476265,0.22942682150101587,0.8452086915094391,0.007508484114605072,0.8817035182028041,0.015631666216008724,1.6359033942222596,0.251250363396219,0.0,0.0
1.5,1.0,10,189430.9,297.8491228793531,3.641509485943243,0.2823398302334378,0.06292621075429213,0.006581416266670365,1.5957385618472473,0.27726708305721315,0.15644505737216347,0.03318977423794401,0.36852322282918515,0.04281995072189036,0.2787540080526892,0.06312268019254146,0.67161813924737,0.021140103040663417,0.6538529923508959,0.024162393270699873,0.9422357082366943,0.0,0.41368875263437543,0.708320994150131
2.0,1.0,10,198260.4,481.28767096428123,3.840128304157406,0.2947140661153763,0.06756548323955494,0.006203222391253626,1.5428553765872492,0.28383514927461084,0.15430307507514954,0.029577676988358625,0.3408645499465803,0.027369562561145044,0.25169632465185565,0.054160250208054476,0.6855113853462821,0.022295678991778645,0.6709358558392908,0.02537362900195134,0.9422357082366943,0.0,0.4795817238517704,0.6924119488315904
