beta,lambda_concentration,runs,pyvrp_cost_mean,pyvrp_cost_std,global_risk_mean,global_risk_std,global_cvar90_mean,global_cvar90_std,max_vehicle_risk_mean,max_vehicle_risk_std,max_vehicle_cvar90_mean,max_vehicle_cvar90_std,vehicle_risk_gini_mean,vehicle_risk_gini_std,risk_variance_mean,risk_variance_std,edge_burden_gini_used_mean,edge_burden_gini_used_std,top10_burden_share_mean,top10_burden_share_std,max_edge_burden_mean,max_edge_burden_std,cost_increase_pct,risk_reduction_pct
0.0,0.0,10,133997.6,0.6992058987801011,7.072628511810035,0.8277103442785505,0.22403313214302786,0.034726595419333074,2.2209104530134938,0.366845733033899,0.35728696071775634,0.11183845446030488,0.1990427846822928,0.0621355127329148,0.2943731267560338,0.1894093408029209,0.8771522236373496,0.009326917964673002,0.8958930859614765,0.009256852055221492,1.1382668018341064,0.42295007853995364,0.0,0.0
3.0,1.0,10,183992.6,146.565267979074,1.6959437329423963,0.16410297746270203,0.02937170748512511,0.0038994841040718136,0.5297253371187253,0.05328273360704212,0.06462250037739672,0.023881483451650032,0.23460579019491262,0.016903782868615307,0.020547955573281616,0.0050195843567504735,0.7001935788466958,0.02813362896962322,0.6324098505019442,0.034935780245090295,0.3045785903930664,0.10430409843366771,0.37310369737965454,0.7602102626892914
