beta,lambda_concentration,runs,pyvrp_cost_mean,pyvrp_cost_std,global_risk_mean,global_risk_std,global_cvar90_mean,global_cvar90_std,max_vehicle_risk_mean,max_vehicle_risk_std,max_vehicle_cvar90_mean,max_vehicle_cvar90_std,vehicle_risk_gini_mean,vehicle_risk_gini_std,risk_variance_mean,risk_variance_std,edge_burden_gini_used_mean,edge_burden_gini_used_std,top10_burden_share_mean,top10_burden_share_std,max_edge_burden_mean,max_edge_burden_std,cost_increase_pct,risk_reduction_pct
0.0,0.0,10,146730.9,582.7275807213293,11.181315267609508,0.8204615906300553,0.2071398848990736,0.08799366559257836,3.582291515666293,0.5265344484523502,0.5372661599516869,0.0951247210061428,0.21469233843628627,0.043019990741401476,0.8403248787972512,0.3913825421109885,0.883259609765967,0.004968190296937571,0.906638360160707,0.006322018233472682,1.5588881969451904,0.23248620774851195,0.0,0.0
1.0,0.0,10,176625.5,333.12501824056653,4.387383871301604,0.2630873602095447,0.07312099059962113,0.0023805766163408917,1.913276896446662,0.3625671167576357,0.15378914633709373,0.0262866795251111,0.3474049138641025,0.040329626121215954,0.35992444106017113,0.1450397240492591,0.8262985054465183,0.006486593819912212,0.7968486756217944,0.008628472036309814,1.042284369468689,0.03639269343393486,0.2037375903780322,0.6076146887645888
2.0,0.0,10,191582.7,108.49173035561539,3.3457396507164594,0.1716391564409411,0.05124273540576667,0.0049618144808670625,1.525216170381552,0.01903872562340813,0.14252643694329742,0.02693463764219895,0.339589891125775,0.02195655524597078,0.20464914717104624,0.01524092877355023,0.7905085582481509,0.010519408307624255,0.7353893067793397,0.015677768005510347,1.0704740285873413,0.0,0.3056738560180577,0.7007740529050964
