beta,lambda_concentration,runs,pyvrp_cost_mean,pyvrp_cost_std,global_risk_mean,global_risk_std,global_cvar90_mean,global_cvar90_std,max_vehicle_risk_mean,max_vehicle_risk_std,max_vehicle_cvar90_mean,max_vehicle_cvar90_std,vehicle_risk_gini_mean,vehicle_risk_gini_std,risk_variance_mean,risk_variance_std,edge_burden_gini_used_mean,edge_burden_gini_used_std,top10_burden_share_mean,top10_burden_share_std,max_edge_burden_mean,max_edge_burden_std,cost_increase_pct,risk_reduction_pct
0.0,0.0,10,133997.6,0.6992058987801011,7.593195789209131,0.8886078765965212,0.23931413906874238,0.03621832973784262,2.2656318863610068,0.3353548767214898,0.3616950336991188,0.09764694152581845,0.1727500986027367,0.0545141253282927,0.26222217490935507,0.16228109821040665,0.8787103278061587,0.008366782662961793,0.8953847527100484,0.008616724837779102,1.1549377977848052,0.4011821405721242,0.0,0.0
2.0,2.0,10,180981.6,454.3342381991478,1.6865508053095255,0.035728853777041325,0.028363694434543552,0.002277780381258968,0.6524107971228659,0.01958951241141412,0.056344218901358545,0.008858136848654255,0.2624718732980083,0.0071019754098495275,0.029419771274481338,0.0021925137944429837,0.6958115206335989,0.009994068246324503,0.6118619159282558,0.013350067782688267,0.3804914951324463,0.0,0.35063314566828063,0.7778865642175196
