beta,lambda_concentration,runs,pyvrp_cost_mean,pyvrp_cost_std,global_risk_mean,global_risk_std,global_cvar90_mean,global_cvar90_std,max_vehicle_risk_mean,max_vehicle_risk_std,max_vehicle_cvar90_mean,max_vehicle_cvar90_std,vehicle_risk_gini_mean,vehicle_risk_gini_std,risk_variance_mean,risk_variance_std,edge_burden_gini_used_mean,edge_burden_gini_used_std,top10_burden_share_mean,top10_burden_share_std,max_edge_burden_mean,max_edge_burden_std,cost_increase_pct,risk_reduction_pct
0.0,0.0,10,146730.9,582.7275807213293,10.098591603248233,0.6566181966438845,0.3099730833147235,0.03457202943648978,3.4557426544784717,0.3636488455888315,0.48952627953816163,0.053458308795835505,0.24875063165978667,0.03560658647949403,0.9002172556553208,0.25287386283235513,0.8777762695100664,0.005144309443177823,0.9097292431016447,0.008191594921599965,1.0759765435078534,0.34060322123363995,0.0,0.0
1.0,0.0,10,178339.1,410.70277168125693,4.693394950194275,0.27848698063527677,0.12145609733903746,0.011255468346112444,1.7378626891555733,0.1944695646378212,0.17606353271540812,0.026277049486485883,0.3244325537706062,0.05612411095492975,0.3218650097369628,0.12184269333201625,0.8517377166573578,0.002734532683246454,0.8390172615384024,0.005248320895477188,0.9144142498845742,0.0,0.21541611208000505,0.5352426224776562
