beta,lambda_concentration,runs,pyvrp_cost_mean,pyvrp_cost_std,global_risk_mean,global_risk_std,global_cvar90_mean,global_cvar90_std,max_vehicle_risk_mean,max_vehicle_risk_std,max_vehicle_cvar90_mean,max_vehicle_cvar90_std,vehicle_risk_gini_mean,vehicle_risk_gini_std,risk_variance_mean,risk_variance_std,edge_burden_gini_used_mean,edge_burden_gini_used_std,top10_burden_share_mean,top10_burden_share_std,max_edge_burden_mean,max_edge_burden_std,cost_increase_pct,risk_reduction_pct
0.0,0.0,10,134064.8,210.53835755035232,7.299589317429896,0.8587875506338929,0.21873943248093974,0.04613863163170212,2.2931157458877687,0.5232240267884392,0.382009910837503,0.11550523721864338,0.19767241772309996,0.08530559861840356,0.3440658029026649,0.27006210706392114,0.8791843097216381,0.009550283767376268,0.8968639206502911,0.010839443520381593,1.202166772867161,0.4401254154481187,0.0,0.0
1.0,0.0,10,154883.0,315.22654992525264,2.443706065045609,0.2619859609506458,0.06125002845329658,0.0136056432291171,0.8108023172743261,0.12558405783641227,0.09600383325957454,0.018556182035433494,0.24797514148462224,0.07148145148297584,0.05177236641962206,0.030555701568815135,0.7742904926074697,0.021971357841579435,0.7483092017441135,0.027327067821427114,0.3563307947427108,0.036505347773037516,0.15528460863701743,0.6652269108878202
