beta,lambda_concentration,runs,pyvrp_cost_mean,pyvrp_cost_std,global_risk_mean,global_risk_std,global_cvar90_mean,global_cvar90_std,max_vehicle_risk_mean,max_vehicle_risk_std,max_vehicle_cvar90_mean,max_vehicle_cvar90_std,vehicle_risk_gini_mean,vehicle_risk_gini_std,risk_variance_mean,risk_variance_std,edge_burden_gini_used_mean,edge_burden_gini_used_std,top10_burden_share_mean,top10_burden_share_std,max_edge_burden_mean,max_edge_burden_std,cost_increase_pct,risk_reduction_pct
0.0,0.0,5,133997.4,0.5477225575051661,8.637977373006288,0.8720737765900111,0.2749548158457332,0.039793139960129675,2.6353740656748412,0.28742468985835606,0.4434091015874098,0.15567843066130085,0.16120080654064192,0.029774430679148086,0.2957479591465103,0.1221353411854075,0.8413961345373636,0.007925838147776676,0.8758968113522332,0.0077266036455763765,1.0384249448776246,0.38699812771297337,0.0,0.0
1.0,0.0,5,160417.2,260.9572761966985,3.633337608713191,0.09941544308343254,0.07767785882952485,0.003381723158920514,1.1646668049972504,0.11401641596241932,0.15102887113711666,0.005065131773796978,0.2776709146214984,0.04897426886721212,0.13701721912593365,0.041281834229887085,0.7380839075307772,0.006090466586641695,0.7340056349243745,0.00760069502534802,0.8440956473350525,0.0,0.1971665121860575,0.5793763456630525
