beta,lambda_concentration,runs,pyvrp_cost_mean,pyvrp_cost_std,global_risk_mean,global_risk_std,global_cvar90_mean,global_cvar90_std,max_vehicle_risk_mean,max_vehicle_risk_std,max_vehicle_cvar90_mean,max_vehicle_cvar90_std,vehicle_risk_gini_mean,vehicle_risk_gini_std,risk_variance_mean,risk_variance_std,edge_burden_gini_used_mean,edge_burden_gini_used_std,top10_burden_share_mean,top10_burden_share_std,max_edge_burden_mean,max_edge_burden_std,cost_increase_pct,risk_reduction_pct
0.0,0.0,10,133997.6,0.6992058987801011,7.474596846353961,0.8375646710806994,0.21941649145616612,0.04771244834419435,2.2375405233695345,0.3938372609595065,0.3810330210100593,0.09947528955142501,0.15926808551384722,0.06136347424280261,0.24562302449012757,0.17411720017372587,0.884427232955083,0.007767172808431111,0.9022380511538755,0.0067132233625083375,1.1747672080993652,0.3726636245690492,0.0,0.0
1.0,0.0,10,157928.1,208.56571040215493,2.8889880350510793,0.18330755135698526,0.07015981655037351,0.011082710275446989,0.8805998645337241,0.0856559479777608,0.11101036165220042,0.020745978976201694,0.24474722749398423,0.060839673098484544,0.06818500442530022,0.028927063938396953,0.819803564030992,0.008937286224724403,0.7939250081425623,0.01297001449755379,0.6701114177703857,0.0,0.17858901950482695,0.6134924606052947
