{
  "model": "weighted_gcn",
  "split": "B",
  "seed": 9,
  "epochs": 50,
  "risk_mode": "exposure_floor",
  "exposure_delta": 0.01,
  "experiment_tag": "10seed",
  "alpha_ord": 0.5,
  "alpha_hr": 1.0,
  "alpha_topk": 0.3,
  "metrics": {
    "data_2020_train": {
      "macro_f1": 0.5686868884049214,
      "weighted_f1": 0.6908409038298384,
      "mae": 1.2547459048567655,
      "qwk": 0.6609977680409613,
      "recall_6_8": 0.725,
      "precision_6_8": 0.725,
      "pr_auc_high": 0.825304092609265,
      "high_fn_rate": 0.275
    },
    "data_2021_train": {
      "macro_f1": 0.7387792174638287,
      "weighted_f1": 0.7989784617750235,
      "mae": 0.9927618662784865,
      "qwk": 0.8202631107138496,
      "recall_6_8": 0.88,
      "precision_6_8": 0.8461538461538461,
      "pr_auc_high": 0.9597238095238098,
      "high_fn_rate": 0.12
    },
    "data_2021_test": {
      "macro_f1": 0.2298326985592552,
      "weighted_f1": 0.4963121844217118,
      "mae": 1.6973210108277923,
      "qwk": 0.3024839195292186,
      "recall_6_8": 0.3076923076923077,
      "precision_6_8": 0.4,
      "pr_auc_high": 0.31915453834922314,
      "high_fn_rate": 0.6923076923076923
    }
  },
  "split_sizes": {
    "data_2020": {
      "train": 419,
      "val": 0,
      "test": 0
    },
    "data_2021": {
      "train": 221,
      "val": 0,
      "test": 222
    }
  },
  "risk_summaries": {
    "data_2020": {
      "edge_count": 6603,
      "risk_min": 1.41348152737919e-07,
      "risk_max": 0.9365841150283813,
      "risk_mean": 0.019945569336414337,
      "risk_p25": 0.003029662650078535,
      "risk_p50": 0.0038437761832028627,
      "risk_p75": 0.004639297723770142,
      "risk_p90": 0.008549036458134651,
      "risk_p95": 0.08775891363620758,
      "risk_p99": 0.43090662360191345,
      "zero_risk_edge_count": 0,
      "zero_risk_edge_ratio": 0.0,
      "edge_attribute_zero_ratio": 0.928365894290474,
      "matrix_5x8": [
        [
          0,
          69,
          178,
          731,
          237,
          28,
          65,
          13
        ],
        [
          0,
          78,
          242,
          581,
          222,
          40,
          150,
          8
        ],
        [
          0,
          71,
          243,
          591,
          275,
          43,
          93,
          4
        ],
        [
          0,
          81,
          205,
          607,
          260,
          27,
          111,
          30
        ],
        [
          0,
          184,
          290,
          491,
          204,
          26,
          112,
          13
        ]
      ]
    },
    "data_2021": {
      "edge_count": 7647,
      "risk_min": 1.4407292781015713e-07,
      "risk_max": 0.8531563878059387,
      "risk_mean": 0.016874173656105995,
      "risk_p25": 0.0030062368605285883,
      "risk_p50": 0.0038613241631537676,
      "risk_p75": 0.004568032920360565,
      "risk_p90": 0.008457855321466923,
      "risk_p95": 0.06932354718446732,
      "risk_p99": 0.4005736708641052,
      "zero_risk_edge_count": 0,
      "zero_risk_edge_ratio": 0.0,
      "edge_attribute_zero_ratio": 0.9314763959722767,
      "matrix_5x8": [
        [
          0,
          63,
          257,
          788,
          316,
          30,
          73,
          3
        ],
        [
          0,
          83,
          340,
          695,
          251,
          41,
          115,
          4
        ],
        [
          0,
          91,
          283,
          762,
          264,
          37,
          93,
          0
        ],
        [
          0,
          61,
          262,
          759,
          289,
          57,
          79,
          22
        ],
        [
          0,
          272,
          307,
          571,
          219,
          52,
          103,
          5
        ]
      ]
    }
  }
}