{
  "model": "stable_tail_rc_gnn",
  "source_model": "gcn_teg_concat",
  "seed": 6,
  "delta": 0.15,
  "risk_mode": "exposure_floor",
  "exposure_delta": 0.01,
  "posthoc_formula": "clip(S_i_norm + delta * P_high * (1 - S_i_norm), 0, 1)",
  "risk_summaries": {
    "data_2020": {
      "edge_count": 6603,
      "risk_min": 3.405979817685768e-10,
      "risk_max": 0.867555605444897,
      "risk_mean": 0.020037619809815006,
      "risk_p25": 0.0008556374434906644,
      "risk_p50": 0.0018563292973786294,
      "risk_p75": 0.004301274152700304,
      "risk_p90": 0.008479667573094233,
      "risk_p95": 0.07809366720142713,
      "risk_p99": 0.43431100072177925,
      "zero_risk_edge_count": 0,
      "zero_risk_edge_ratio": 0.0,
      "edge_attribute_zero_ratio": 0.928365894290474,
      "matrix_5x8": [
        [
          0,
          663,
          359,
          140,
          51,
          45,
          63,
          0
        ],
        [
          0,
          626,
          272,
          132,
          81,
          74,
          135,
          1
        ],
        [
          0,
          576,
          306,
          154,
          95,
          78,
          111,
          0
        ],
        [
          0,
          609,
          283,
          134,
          89,
          93,
          113,
          0
        ],
        [
          0,
          597,
          322,
          118,
          102,
          65,
          115,
          1
        ]
      ]
    },
    "data_2021": {
      "edge_count": 7647,
      "risk_min": 7.033031506156906e-18,
      "risk_max": 0.868309227876184,
      "risk_mean": 0.017565684001004004,
      "risk_p25": 0.000887814552005742,
      "risk_p50": 0.0018049443545810277,
      "risk_p75": 0.004304189781938979,
      "risk_p90": 0.007892586130923565,
      "risk_p95": 0.061684377928740784,
      "risk_p99": 0.42600928057544096,
      "zero_risk_edge_count": 6,
      "zero_risk_edge_ratio": 0.0007846214201647705,
      "edge_attribute_zero_ratio": 0.9314763959722767,
      "matrix_5x8": [
        [
          1,
          783,
          467,
          123,
          67,
          32,
          57,
          0
        ],
        [
          2,
          755,
          348,
          124,
          103,
          86,
          111,
          0
        ],
        [
          0,
          703,
          374,
          167,
          100,
          81,
          104,
          1
        ],
        [
          0,
          680,
          316,
          151,
          134,
          138,
          99,
          11
        ],
        [
          3,
          672,
          424,
          111,
          94,
          103,
          119,
          3
        ]
      ]
    }
  }
}