beta,lambda_concentration,runs,pyvrp_cost_mean,pyvrp_cost_std,global_risk_mean,global_risk_std,global_cvar90_mean,global_cvar90_std,max_vehicle_risk_mean,max_vehicle_risk_std,max_vehicle_cvar90_mean,max_vehicle_cvar90_std,vehicle_risk_gini_mean,vehicle_risk_gini_std,risk_variance_mean,risk_variance_std,edge_burden_gini_used_mean,edge_burden_gini_used_std,top10_burden_share_mean,top10_burden_share_std,max_edge_burden_mean,max_edge_burden_std,cost_increase_pct,risk_reduction_pct
0.0,0.0,3,133997.33333333334,0.5773502691896258,8.226246618297106,1.1591003989237714,0.2746043925808108,0.05459228356366489,2.4955902793056643,0.22275116052303096,0.41399533850037384,0.08241537322855377,0.1679841001643465,0.000251437223179381,0.2602162523534185,0.05858836823030353,0.8748535888081631,0.0015062649859459978,0.8992679830126663,0.001118890987155778,0.9630203247070312,0.0,0.0,0.0
1.0,0.0,3,159289.0,105.43244282477761,3.209757612554919,0.08582683808181213,0.07743888386107302,0.00751767238405729,1.1423887793013516,0.010529577345992525,0.15111968480050564,0.041321639039618704,0.27928325641851476,0.040819343413774446,0.10627621685215494,0.027277687841313323,0.8230220539104685,0.0010972132747531264,0.7978753595985898,0.006151773173970788,0.9630203247070312,0.0,0.1887475372644231,0.6098150515672272
