{
  "model": "gcn_teg_concat",
  "split": "B",
  "seed": 3,
  "epochs": 50,
  "risk_mode": "exposure_floor",
  "exposure_delta": 0.01,
  "experiment_tag": "",
  "alpha_ord": 0.3,
  "alpha_hr": 0.5,
  "alpha_topk": 0.1,
  "metrics": {
    "data_2020_train": {
      "macro_f1": 0.5386773500855248,
      "weighted_f1": 0.7429376665378237,
      "mae": 0.6857380080585792,
      "qwk": 0.7200654859814771,
      "recall_6_8": 0.725,
      "precision_6_8": 0.8529411764705882,
      "pr_auc_high": 0.9183934943741592,
      "high_fn_rate": 0.275
    },
    "data_2021_train": {
      "macro_f1": 0.6432613476910465,
      "weighted_f1": 0.8016351002295937,
      "mae": 0.48951169524814425,
      "qwk": 0.8307582452836046,
      "recall_6_8": 0.88,
      "precision_6_8": 0.88,
      "pr_auc_high": 0.9659101620299444,
      "high_fn_rate": 0.12
    },
    "data_2021_test": {
      "macro_f1": 0.26381432774875396,
      "weighted_f1": 0.6132938198511969,
      "mae": 1.2101684393189238,
      "qwk": 0.16181567157871013,
      "recall_6_8": 0.038461538461538464,
      "precision_6_8": 0.2,
      "pr_auc_high": 0.32277894827166076,
      "high_fn_rate": 0.9615384615384616
    }
  },
  "split_sizes": {
    "data_2020": {
      "train": 419,
      "val": 0,
      "test": 0
    },
    "data_2021": {
      "train": 221,
      "val": 0,
      "test": 222
    }
  },
  "risk_summaries": {
    "data_2020": {
      "edge_count": 6603,
      "risk_min": 1.9890921976184472e-07,
      "risk_max": 0.9138785004615784,
      "risk_mean": 0.017826294526457787,
      "risk_p25": 0.0007060476345941424,
      "risk_p50": 0.001660922891460359,
      "risk_p75": 0.003456158796325326,
      "risk_p90": 0.008565305732190609,
      "risk_p95": 0.07219293713569641,
      "risk_p99": 0.43254563212394714,
      "zero_risk_edge_count": 0,
      "zero_risk_edge_ratio": 0.0,
      "edge_attribute_zero_ratio": 0.928365894290474,
      "matrix_5x8": [
        [
          0,
          651,
          377,
          155,
          39,
          14,
          72,
          13
        ],
        [
          0,
          640,
          300,
          125,
          71,
          27,
          150,
          8
        ],
        [
          0,
          599,
          330,
          188,
          85,
          43,
          72,
          3
        ],
        [
          0,
          613,
          328,
          152,
          81,
          44,
          74,
          29
        ],
        [
          0,
          617,
          375,
          143,
          40,
          33,
          104,
          8
        ]
      ]
    },
    "data_2021": {
      "edge_count": 7647,
      "risk_min": 6.284032849634968e-08,
      "risk_max": 0.8571326732635498,
      "risk_mean": 0.01451416127383709,
      "risk_p25": 0.0007074729073792696,
      "risk_p50": 0.001603679615072906,
      "risk_p75": 0.003225054359063506,
      "risk_p90": 0.008288713172078133,
      "risk_p95": 0.05694355070590973,
      "risk_p99": 0.37318629026412964,
      "zero_risk_edge_count": 0,
      "zero_risk_edge_ratio": 0.0,
      "edge_attribute_zero_ratio": 0.9314763959722767,
      "matrix_5x8": [
        [
          0,
          824,
          417,
          195,
          27,
          9,
          58,
          0
        ],
        [
          0,
          729,
          364,
          205,
          59,
          52,
          120,
          0
        ],
        [
          0,
          715,
          401,
          204,
          62,
          57,
          90,
          1
        ],
        [
          0,
          748,
          380,
          171,
          49,
          94,
          78,
          9
        ],
        [
          0,
          697,
          463,
          188,
          34,
          34,
          112,
          1
        ]
      ]
    }
  }
}