beta,lambda_concentration,runs,pyvrp_cost_mean,pyvrp_cost_std,global_risk_mean,global_risk_std,global_cvar90_mean,global_cvar90_std,max_vehicle_risk_mean,max_vehicle_risk_std,max_vehicle_cvar90_mean,max_vehicle_cvar90_std,vehicle_risk_gini_mean,vehicle_risk_gini_std,risk_variance_mean,risk_variance_std,edge_burden_gini_used_mean,edge_burden_gini_used_std,top10_burden_share_mean,top10_burden_share_std,max_edge_burden_mean,max_edge_burden_std,cost_increase_pct,risk_reduction_pct
0.0,0.0,10,146930.6,561.251815141831,9.004060515195166,0.600744410928348,0.28161624443091526,0.03428598808023897,2.9913331020876717,0.25672645636295216,0.4412125344120888,0.07057916789843745,0.22206447902726278,0.03954738058620042,0.5558803549403,0.17984034346490407,0.8802656293813182,0.004161448919037627,0.9003736302344105,0.007819574481995129,1.0300081924529416,0.23533245256467805,0.0,0.0
1.0,0.0,10,180695.6,355.74841297373814,4.006930649575429,0.3129869023850541,0.09537566988990528,0.009037261617171898,1.6517862091434583,0.3297807247440499,0.19543085822733178,0.04415145667105422,0.3576365033823257,0.06921054236777524,0.31648193247069056,0.12702638737775013,0.838126186805112,0.007978551665139846,0.8135828543639837,0.014656222400982783,0.733995488614968,0.037185586180661825,0.2298023692818242,0.5549862594977093
