beta,lambda_concentration,runs,pyvrp_cost_mean,pyvrp_cost_std,global_risk_mean,global_risk_std,global_cvar90_mean,global_cvar90_std,max_vehicle_risk_mean,max_vehicle_risk_std,max_vehicle_cvar90_mean,max_vehicle_cvar90_std,vehicle_risk_gini_mean,vehicle_risk_gini_std,risk_variance_mean,risk_variance_std,edge_burden_gini_used_mean,edge_burden_gini_used_std,top10_burden_share_mean,top10_burden_share_std,max_edge_burden_mean,max_edge_burden_std,cost_increase_pct,risk_reduction_pct
0.0,0.0,3,133997.33333333334,0.5773502691896258,9.668636793697564,0.9821068083688288,0.2571181836774984,0.09364212055964584,2.8762373187346384,0.12033139669533882,0.39028366664424535,0.10958741780082895,0.15600758743503915,0.046289277943126754,0.41093165850481733,0.27261717181013145,0.865565656437069,0.00016489446011433038,0.8931051653664709,0.008850498834194469,1.1840318441390991,0.0,0.0,0.0
1.0,0.0,3,158784.33333333334,354.71443913848975,3.8192277328150035,0.24027974011972103,0.0844715863085903,0.005361541928545069,1.2329360516741872,0.03327006368037761,0.13501495301413038,0.011807106498160986,0.2350434393689179,0.015213268683928416,0.10509213500636555,0.006070133676537078,0.7937065223919721,0.011101804718356558,0.7837871626622098,0.012518675798266586,0.6573064923286438,0.1130865849438967,0.18498129316006287,0.6049879818316118
