beta,lambda_concentration,runs,pyvrp_cost_mean,pyvrp_cost_std,global_risk_mean,global_risk_std,global_cvar90_mean,global_cvar90_std,max_vehicle_risk_mean,max_vehicle_risk_std,max_vehicle_cvar90_mean,max_vehicle_cvar90_std,vehicle_risk_gini_mean,vehicle_risk_gini_std,risk_variance_mean,risk_variance_std,edge_burden_gini_used_mean,edge_burden_gini_used_std,top10_burden_share_mean,top10_burden_share_std,max_edge_burden_mean,max_edge_burden_std,cost_increase_pct,risk_reduction_pct
0.0,0.0,10,133997.6,0.6992058987801011,8.547423434184747,0.8281553224992002,0.2674144811345493,0.04712628969914768,2.3146592544639133,0.24041778618915163,0.37157031562644993,0.08172849596219935,0.13406585871335325,0.023403587701641825,0.19244475183021828,0.07756013988965327,0.8705037381154975,0.00740629789543186,0.9002474421188733,0.00820960372163305,1.0928048074245453,0.32836997780779964,0.0,0.0
1.0,0.0,10,159825.5,284.8735586965636,3.658927188089001,0.31812126266902263,0.10431517521354858,0.013844431869653577,1.2737953156320145,0.1714462429831399,0.14495201305648872,0.02885293806354419,0.2754737497320662,0.06785829809997154,0.13949148461239674,0.05245197709549024,0.8225818471041346,0.0112826078045766,0.8046548654449006,0.016948290680226734,0.6794566512107849,0.0,0.1927489746085004,0.5719262984613607
