{
  "model": "teg_gnn",
  "split": "B",
  "seed": 6,
  "epochs": 50,
  "risk_mode": "exposure_floor",
  "exposure_delta": 0.01,
  "experiment_tag": "teg_low_tail_10seed",
  "alpha_ord": 0.3,
  "alpha_hr": 0.5,
  "alpha_topk": 0.1,
  "metrics": {
    "data_2020_train": {
      "macro_f1": 0.5589847486423436,
      "weighted_f1": 0.7290975288689832,
      "mae": 1.1861716696886317,
      "qwk": 0.6109843654267585,
      "recall_6_8": 0.675,
      "precision_6_8": 0.6136363636363636,
      "pr_auc_high": 0.7603498420273954,
      "high_fn_rate": 0.325
    },
    "data_2021_train": {
      "macro_f1": 0.7386131568296203,
      "weighted_f1": 0.8297370651029189,
      "mae": 1.0307173542377122,
      "qwk": 0.7794553948063998,
      "recall_6_8": 0.8,
      "precision_6_8": 0.8333333333333334,
      "pr_auc_high": 0.8985729623386385,
      "high_fn_rate": 0.2
    },
    "data_2021_test": {
      "macro_f1": 0.3213566354319328,
      "weighted_f1": 0.6131251628878535,
      "mae": 1.5369769106431186,
      "qwk": 0.4066309582465789,
      "recall_6_8": 0.34615384615384615,
      "precision_6_8": 0.391304347826087,
      "pr_auc_high": 0.30266917907083724,
      "high_fn_rate": 0.6538461538461539
    }
  },
  "split_sizes": {
    "data_2020": {
      "train": 419,
      "val": 0,
      "test": 0
    },
    "data_2021": {
      "train": 221,
      "val": 0,
      "test": 222
    }
  },
  "risk_summaries": {
    "data_2020": {
      "edge_count": 6603,
      "risk_min": 1.7312424461124465e-05,
      "risk_max": 0.8894193768501282,
      "risk_mean": 0.019831569865345955,
      "risk_p25": 0.002460994990542531,
      "risk_p50": 0.00369564862921834,
      "risk_p75": 0.0049558780156075954,
      "risk_p90": 0.008527056314051151,
      "risk_p95": 0.09443563222885132,
      "risk_p99": 0.4298105537891388,
      "zero_risk_edge_count": 0,
      "zero_risk_edge_ratio": 0.0,
      "edge_attribute_zero_ratio": 0.928365894290474,
      "matrix_5x8": [
        [
          0,
          110,
          303,
          516,
          266,
          54,
          58,
          14
        ],
        [
          0,
          152,
          354,
          358,
          224,
          93,
          128,
          12
        ],
        [
          0,
          154,
          332,
          437,
          217,
          91,
          86,
          3
        ],
        [
          0,
          139,
          317,
          439,
          230,
          77,
          91,
          28
        ],
        [
          0,
          227,
          326,
          394,
          208,
          43,
          111,
          11
        ]
      ]
    },
    "data_2021": {
      "edge_count": 7647,
      "risk_min": 8.458750357931422e-07,
      "risk_max": 0.8538172245025635,
      "risk_mean": 0.017999999225139618,
      "risk_p25": 0.0025266387965530157,
      "risk_p50": 0.003637049812823534,
      "risk_p75": 0.004945302382111549,
      "risk_p90": 0.008321459405124187,
      "risk_p95": 0.08645016700029373,
      "risk_p99": 0.41849324107170105,
      "zero_risk_edge_count": 0,
      "zero_risk_edge_ratio": 0.0,
      "edge_attribute_zero_ratio": 0.9314763959722767,
      "matrix_5x8": [
        [
          0,
          89,
          316,
          648,
          364,
          59,
          53,
          1
        ],
        [
          0,
          172,
          431,
          499,
          259,
          56,
          112,
          0
        ],
        [
          0,
          185,
          402,
          512,
          267,
          63,
          100,
          1
        ],
        [
          0,
          150,
          357,
          470,
          335,
          92,
          112,
          13
        ],
        [
          0,
          209,
          460,
          405,
          259,
          79,
          112,
          5
        ]
      ]
    }
  }
}