beta,lambda_concentration,runs,pyvrp_cost_mean,pyvrp_cost_std,global_risk_mean,global_risk_std,global_cvar90_mean,global_cvar90_std,max_vehicle_risk_mean,max_vehicle_risk_std,max_vehicle_cvar90_mean,max_vehicle_cvar90_std,vehicle_risk_gini_mean,vehicle_risk_gini_std,risk_variance_mean,risk_variance_std,edge_burden_gini_used_mean,edge_burden_gini_used_std,top10_burden_share_mean,top10_burden_share_std,max_edge_burden_mean,max_edge_burden_std,cost_increase_pct,risk_reduction_pct
0.0,0.0,10,133997.6,0.6992058987801011,7.573808784723951,0.8587152644726873,0.2228984144814128,0.051947425973499946,2.150522513673059,0.3364778271511575,0.35152079857154084,0.09389993392603434,0.1457744707745039,0.043998600704590475,0.1878026090705363,0.11824628229212165,0.8783231258514643,0.0078070155727494785,0.8953503533751641,0.008460742826683255,1.1095970451831818,0.2682893092837412,0.0,0.0
3.0,1.0,10,197144.8,185.9419264179007,2.0698388067896305,0.10112743687727457,0.03662974928598063,0.0032129467633559405,1.0230837599083316,0.0,0.10552914452273399,0.0,0.3776143003490007,0.01852730268739124,0.10061284725756561,0.004273421674539181,0.7447153483741225,0.011030539477209908,0.6830732324204012,0.015525837851557252,0.6989073157310486,0.0,0.47125620160361065,0.7267109765214652
