{
  "name": "fusion_gcn_teg_low_rho050_splitB_seed5_epochs50_10seed_floor_0p01",
  "risk_dirs": [
    "D:\\PyVRP-main\\hazmat_risk_experiments\\outputs_10seed\\risk_matrices\\gcn_splitB_seed5_epochs50_10seed_floor_0p01",
    "D:\\PyVRP-main\\hazmat_risk_experiments\\outputs_10seed\\risk_matrices\\teg_gnn_splitB_seed5_epochs50_teg_low_tail_10seed_floor_0p01"
  ],
  "weights": [
    0.5,
    0.5
  ],
  "ensemble": "mean node probabilities",
  "summaries": [
    {
      "year": "data_2020",
      "edge_count": 6603,
      "risk_mean": 0.02032448411828658,
      "risk_p95": 0.11655062434810523,
      "risk_p99": 0.43462629820828425,
      "risk_max": 0.8738026419554704
    },
    {
      "year": "data_2021",
      "edge_count": 7647,
      "risk_mean": 0.016631866543947032,
      "risk_p95": 0.0977817036659891,
      "risk_p99": 0.3484206951731833,
      "risk_max": 0.8571493134401401
    }
  ]
}