beta,lambda_concentration,runs,pyvrp_cost_mean,pyvrp_cost_std,global_risk_mean,global_risk_std,global_cvar90_mean,global_cvar90_std,max_vehicle_risk_mean,max_vehicle_risk_std,max_vehicle_cvar90_mean,max_vehicle_cvar90_std,vehicle_risk_gini_mean,vehicle_risk_gini_std,risk_variance_mean,risk_variance_std,edge_burden_gini_used_mean,edge_burden_gini_used_std,top10_burden_share_mean,top10_burden_share_std,max_edge_burden_mean,max_edge_burden_std,cost_increase_pct,risk_reduction_pct
0.0,0.0,10,133997.6,0.6992058987801011,7.5549420184601335,0.887614215130968,0.23824675458922617,0.043552877240506424,2.277328618406318,0.413721412437387,0.36446830025563637,0.09539976182067376,0.16712854310660896,0.06123793114250096,0.2618149322753519,0.18955311661047233,0.8371374218973697,0.01112525548940753,0.8614255375311245,0.011135863881290285,1.1071579217910767,0.40507740622788346,0.0,0.0
1.0,0.0,10,157340.2,176.37195544265722,2.9226356577404657,0.28060036611526906,0.06057325241617025,0.007146533393723825,0.9343749602441676,0.1411616985125879,0.10707714364509142,0.012545567682689638,0.2284779188859715,0.05058970898537143,0.06233308051264976,0.03006859959990114,0.6921176794658617,0.026608866943051885,0.6822705938619192,0.03311908205093801,0.4178101509809494,0.0032709044236724064,0.1742016274918357,0.6131491610922014
