{
  "model": "gcn_teg_concat",
  "split": "A",
  "seed": 1,
  "epochs": 50,
  "risk_mode": "exposure_floor",
  "exposure_delta": 0.01,
  "experiment_tag": "",
  "alpha_ord": 0.3,
  "alpha_hr": 0.5,
  "alpha_topk": 0.1,
  "metrics": {
    "data_2020_train": {
      "macro_f1": 0.5109056934986054,
      "weighted_f1": 0.75495266891903,
      "mae": 0.5775641807881685,
      "qwk": 0.7594609438840441,
      "recall_6_8": 0.8387096774193549,
      "precision_6_8": 0.8666666666666667,
      "pr_auc_high": 0.9375752140092355,
      "high_fn_rate": 0.16129032258064516
    },
    "data_2020_val": {
      "macro_f1": 0.2860944527736132,
      "weighted_f1": 0.6356678803455416,
      "mae": 1.2133573970916882,
      "qwk": 0.4375324002073613,
      "recall_6_8": 0.4444444444444444,
      "precision_6_8": 0.6666666666666666,
      "pr_auc_high": 0.47451549377503965,
      "high_fn_rate": 0.5555555555555556
    },
    "data_2021_test": {
      "macro_f1": 0.3320025349137866,
      "weighted_f1": 0.6331895250377154,
      "mae": 1.1723294471958146,
      "qwk": 0.3487942746652902,
      "recall_6_8": 0.3137254901960784,
      "precision_6_8": 0.5,
      "pr_auc_high": 0.43843499121690477,
      "high_fn_rate": 0.6862745098039216
    }
  },
  "split_sizes": {
    "data_2020": {
      "train": 335,
      "val": 84,
      "test": 0
    },
    "data_2021": {
      "train": 0,
      "val": 0,
      "test": 443
    }
  },
  "risk_summaries": {
    "data_2020": {
      "edge_count": 6603,
      "risk_min": 8.514949301208219e-10,
      "risk_max": 0.8961181044578552,
      "risk_mean": 0.019462190568447113,
      "risk_p25": 0.0006818291149102151,
      "risk_p50": 0.0014388897689059377,
      "risk_p75": 0.003876020200550556,
      "risk_p90": 0.008614982478320599,
      "risk_p95": 0.08393720537424088,
      "risk_p99": 0.4398398697376251,
      "zero_risk_edge_count": 0,
      "zero_risk_edge_ratio": 0.0,
      "edge_attribute_zero_ratio": 0.928365894290474,
      "matrix_5x8": [
        [
          0,
          773,
          267,
          116,
          66,
          22,
          54,
          23
        ],
        [
          0,
          721,
          217,
          134,
          62,
          52,
          62,
          73
        ],
        [
          0,
          647,
          270,
          151,
          109,
          38,
          59,
          46
        ],
        [
          0,
          645,
          295,
          120,
          73,
          56,
          77,
          55
        ],
        [
          0,
          649,
          322,
          109,
          81,
          24,
          101,
          34
        ]
      ]
    },
    "data_2021": {
      "edge_count": 7647,
      "risk_min": 3.661428138457268e-08,
      "risk_max": 0.8594939112663269,
      "risk_mean": 0.016800273209810257,
      "risk_p25": 0.000698155490681529,
      "risk_p50": 0.001473632175475359,
      "risk_p75": 0.0033993059769272804,
      "risk_p90": 0.007893155328929424,
      "risk_p95": 0.07752882689237595,
      "risk_p99": 0.41533997654914856,
      "zero_risk_edge_count": 0,
      "zero_risk_edge_ratio": 0.0,
      "edge_attribute_zero_ratio": 0.9314763959722767,
      "matrix_5x8": [
        [
          0,
          946,
          363,
          72,
          104,
          7,
          37,
          1
        ],
        [
          0,
          781,
          339,
          144,
          124,
          53,
          40,
          48
        ],
        [
          0,
          763,
          380,
          136,
          122,
          46,
          54,
          29
        ],
        [
          0,
          690,
          410,
          201,
          83,
          74,
          47,
          24
        ],
        [
          0,
          711,
          424,
          161,
          72,
          61,
          81,
          19
        ]
      ]
    }
  }
}