{
  "model": "stable_tail_rc_gnn",
  "source_model": "gcn_teg_concat",
  "seed": 9,
  "delta": 0.15,
  "risk_mode": "exposure_floor",
  "exposure_delta": 0.01,
  "posthoc_formula": "clip(S_i_norm + delta * P_high * (1 - S_i_norm), 0, 1)",
  "risk_summaries": {
    "data_2020": {
      "edge_count": 6603,
      "risk_min": 1.702995792371255e-10,
      "risk_max": 0.8980862375459235,
      "risk_mean": 0.0190022136819812,
      "risk_p25": 0.0007105561387384776,
      "risk_p50": 0.001743825781770503,
      "risk_p75": 0.0037578701313228575,
      "risk_p90": 0.008754917268697647,
      "risk_p95": 0.07783786487936714,
      "risk_p99": 0.4464536990015445,
      "zero_risk_edge_count": 0,
      "zero_risk_edge_ratio": 0.0,
      "edge_attribute_zero_ratio": 0.928365894290474,
      "matrix_5x8": [
        [
          0,
          535,
          428,
          196,
          66,
          10,
          72,
          14
        ],
        [
          0,
          704,
          280,
          122,
          44,
          22,
          82,
          67
        ],
        [
          0,
          633,
          309,
          169,
          80,
          44,
          40,
          45
        ],
        [
          0,
          646,
          296,
          151,
          48,
          23,
          120,
          37
        ],
        [
          0,
          534,
          413,
          154,
          68,
          27,
          91,
          33
        ]
      ]
    },
    "data_2021": {
      "edge_count": 7647,
      "risk_min": 1.1781566923753438e-17,
      "risk_max": 0.8933865980015311,
      "risk_mean": 0.016531541280097404,
      "risk_p25": 0.0007839685016997526,
      "risk_p50": 0.0018424294692718066,
      "risk_p75": 0.003763501018315453,
      "risk_p90": 0.008586227336293772,
      "risk_p95": 0.06424602942438112,
      "risk_p99": 0.4259502626826708,
      "zero_risk_edge_count": 4,
      "zero_risk_edge_ratio": 0.0005230809467765136,
      "edge_attribute_zero_ratio": 0.9314763959722767,
      "matrix_5x8": [
        [
          1,
          622,
          533,
          260,
          35,
          21,
          54,
          4
        ],
        [
          3,
          797,
          316,
          151,
          119,
          28,
          60,
          55
        ],
        [
          0,
          772,
          338,
          183,
          90,
          66,
          51,
          30
        ],
        [
          0,
          679,
          398,
          183,
          92,
          89,
          52,
          36
        ],
        [
          0,
          587,
          541,
          160,
          80,
          56,
          74,
          31
        ]
      ]
    }
  }
}