beta,lambda_concentration,runs,pyvrp_cost_mean,pyvrp_cost_std,global_risk_mean,global_risk_std,global_cvar90_mean,global_cvar90_std,max_vehicle_risk_mean,max_vehicle_risk_std,max_vehicle_cvar90_mean,max_vehicle_cvar90_std,vehicle_risk_gini_mean,vehicle_risk_gini_std,risk_variance_mean,risk_variance_std,edge_burden_gini_used_mean,edge_burden_gini_used_std,top10_burden_share_mean,top10_burden_share_std,max_edge_burden_mean,max_edge_burden_std,cost_increase_pct,risk_reduction_pct
0.0,0.0,10,146730.9,582.7275807213293,9.851676448163309,0.670162563315731,0.2870401155846941,0.03436066351474317,3.1855094188613293,0.23746199875536872,0.44519449765838326,0.04892691626189442,0.2045092381657248,0.03167275701529877,0.5791126055526343,0.15403795050230634,0.8794580308680595,0.005400951742171285,0.9068704568750261,0.007651672402997653,1.2724508047103882,0.23755599026297097,0.0,0.0
2.0,1.0,10,212699.2,332.59578403154114,2.9832679859882942,0.04334744839025112,0.06543657857451093,0.0014183838865286923,1.1075309025036404,0.10851583163188912,0.10575610023464947,0.00935874150605223,0.3318165613806423,0.06411457759419208,0.13574138575637157,0.052906776954349366,0.7961814049119317,0.004397661962323748,0.7425683718014886,0.005272630214413328,0.6248788237571716,0.0,0.44958696498147305,0.6971816927112771
