{
  "model": "weighted_gcn",
  "split": "B",
  "seed": 4,
  "epochs": 50,
  "risk_mode": "exposure_floor",
  "exposure_delta": 0.01,
  "experiment_tag": "10seed",
  "alpha_ord": 0.5,
  "alpha_hr": 1.0,
  "alpha_topk": 0.3,
  "metrics": {
    "data_2020_train": {
      "macro_f1": 0.6279228318567139,
      "weighted_f1": 0.7603613058257239,
      "mae": 1.320993711077175,
      "qwk": 0.6868153076678999,
      "recall_6_8": 0.8,
      "precision_6_8": 0.7272727272727273,
      "pr_auc_high": 0.804671658131075,
      "high_fn_rate": 0.2
    },
    "data_2021_train": {
      "macro_f1": 0.7433181085291587,
      "weighted_f1": 0.831774869636713,
      "mae": 1.1075967903212847,
      "qwk": 0.8162992825489513,
      "recall_6_8": 0.84,
      "precision_6_8": 0.84,
      "pr_auc_high": 0.9279645133794596,
      "high_fn_rate": 0.16
    },
    "data_2021_test": {
      "macro_f1": 0.29727702852702853,
      "weighted_f1": 0.5750102000102,
      "mae": 1.6959304262756993,
      "qwk": 0.2325508639838153,
      "recall_6_8": 0.34615384615384615,
      "precision_6_8": 0.36,
      "pr_auc_high": 0.34362608027225766,
      "high_fn_rate": 0.6538461538461539
    }
  },
  "split_sizes": {
    "data_2020": {
      "train": 419,
      "val": 0,
      "test": 0
    },
    "data_2021": {
      "train": 221,
      "val": 0,
      "test": 222
    }
  },
  "risk_summaries": {
    "data_2020": {
      "edge_count": 6603,
      "risk_min": 2.903256927311304e-06,
      "risk_max": 0.9197592735290527,
      "risk_mean": 0.021753182634711266,
      "risk_p25": 0.0032503700349479914,
      "risk_p50": 0.004052918870002031,
      "risk_p75": 0.004963504150509834,
      "risk_p90": 0.008559048175811768,
      "risk_p95": 0.11448335647583008,
      "risk_p99": 0.4341135025024414,
      "zero_risk_edge_count": 0,
      "zero_risk_edge_ratio": 0.0,
      "edge_attribute_zero_ratio": 0.928365894290474,
      "matrix_5x8": [
        [
          0,
          45,
          164,
          670,
          339,
          25,
          55,
          23
        ],
        [
          0,
          63,
          251,
          494,
          305,
          60,
          72,
          76
        ],
        [
          0,
          65,
          183,
          563,
          358,
          74,
          46,
          31
        ],
        [
          0,
          70,
          187,
          540,
          340,
          63,
          70,
          51
        ],
        [
          0,
          128,
          249,
          471,
          312,
          42,
          86,
          32
        ]
      ]
    },
    "data_2021": {
      "edge_count": 7647,
      "risk_min": 2.150024585034771e-07,
      "risk_max": 0.8610150218009949,
      "risk_mean": 0.019442128017544746,
      "risk_p25": 0.003202214138582349,
      "risk_p50": 0.004050854127854109,
      "risk_p75": 0.004880154505372047,
      "risk_p90": 0.008170640096068382,
      "risk_p95": 0.10290535539388657,
      "risk_p99": 0.4126172959804535,
      "zero_risk_edge_count": 0,
      "zero_risk_edge_ratio": 0.0,
      "edge_attribute_zero_ratio": 0.9314763959722767,
      "matrix_5x8": [
        [
          0,
          47,
          188,
          794,
          406,
          35,
          56,
          4
        ],
        [
          0,
          78,
          303,
          619,
          365,
          45,
          70,
          49
        ],
        [
          0,
          59,
          244,
          681,
          399,
          52,
          71,
          24
        ],
        [
          0,
          54,
          220,
          612,
          426,
          97,
          95,
          25
        ],
        [
          0,
          137,
          333,
          500,
          366,
          60,
          114,
          19
        ]
      ]
    }
  }
}