beta,lambda_concentration,runs,pyvrp_cost_mean,pyvrp_cost_std,global_risk_mean,global_risk_std,global_cvar90_mean,global_cvar90_std,max_vehicle_risk_mean,max_vehicle_risk_std,max_vehicle_cvar90_mean,max_vehicle_cvar90_std,vehicle_risk_gini_mean,vehicle_risk_gini_std,risk_variance_mean,risk_variance_std,edge_burden_gini_used_mean,edge_burden_gini_used_std,top10_burden_share_mean,top10_burden_share_std,max_edge_burden_mean,max_edge_burden_std,cost_increase_pct,risk_reduction_pct
0.0,0.0,10,133997.5,0.7071067811865476,8.803669332258869,0.8685633431502675,0.27818803981058576,0.044009148843466545,2.639760039251996,0.5260547248027416,0.4520146373442063,0.1170208444807035,0.1554800230812416,0.06073568881914833,0.33431289120606855,0.30037491539737593,0.8758259907475493,0.007553468997012519,0.9010643272310194,0.005903926006756479,1.324266242980957,0.3670649869468256,0.0,0.0
2.0,1.0,10,188327.0,22.754730887834683,2.3480372872785664,0.013817289499476096,0.044063927497233715,0.0005909583785086302,1.1144166884885636,0.020657254927853686,0.10715925512835382,0.00937747930298495,0.3682853069611025,0.002960953922051827,0.11753391720472783,0.0038652578614482096,0.733106676804369,0.0013848698445020828,0.6803376720228922,0.0013781769391180347,0.8629770874977112,0.0,0.4054515942461613,0.7332887914502311
