beta,lambda_concentration,runs,pyvrp_cost_mean,pyvrp_cost_std,global_risk_mean,global_risk_std,global_cvar90_mean,global_cvar90_std,max_vehicle_risk_mean,max_vehicle_risk_std,max_vehicle_cvar90_mean,max_vehicle_cvar90_std,vehicle_risk_gini_mean,vehicle_risk_gini_std,risk_variance_mean,risk_variance_std,edge_burden_gini_used_mean,edge_burden_gini_used_std,top10_burden_share_mean,top10_burden_share_std,max_edge_burden_mean,max_edge_burden_std,cost_increase_pct,risk_reduction_pct
0.0,0.0,10,133997.6,0.6992058987801011,9.261776422028197,0.903231376137446,0.26785541571723664,0.05547942636484895,2.627361623145407,0.23766415705406166,0.40540531572797117,0.08164428147756846,0.13877459583905866,0.03324462715572189,0.26067204964632607,0.11880966405112671,0.857044085039966,0.00807216705951251,0.8918279848812263,0.01047807857197915,1.1812806367874145,0.3471133394152699,0.0,0.0
1.0,0.0,10,160937.3,323.1917387558042,3.9050874459848273,0.176012594502483,0.10594046385042541,0.011838894277071082,1.338074982666876,0.1342465126067652,0.1656163668928535,0.030372047939896302,0.24447565782528474,0.06379063058234363,0.12854752920038245,0.06027465825559301,0.7869462497938884,0.007463970648198481,0.784313644871218,0.011180185142334459,0.6958140134811401,0.0,0.20104613813978744,0.5783651787687779
