{
  "model": "graphsage",
  "split": "B",
  "seed": 6,
  "epochs": 50,
  "risk_mode": "exposure_floor",
  "exposure_delta": 0.01,
  "uncertainty_tau": 0.0,
  "experiment_tag": "paper_comparison_10seed",
  "checkpoint_path": "D:\\PyVRP-main\\hazmat_risk_experiments\\outputs_10seed\\models\\checkpoints\\graphsage_splitB_seed6_epochs50_paper_comparison_10seed.pt",
  "best_epoch": 18,
  "model_source": "checkpoint",
  "alpha_ord": 0.5,
  "alpha_hr": 1.0,
  "alpha_topk": 0.3,
  "lambda_nll": 0.0,
  "lambda_var": 0.0,
  "ec_delta_max": 0.05,
  "lambda_edge": 0.0,
  "lambda_edge_high": 0.0,
  "lambda_distill": 0.0,
  "lambda_delta": 0.0,
  "ec_teacher_epochs": 50,
  "gamma_unc": 0.5,
  "logvar_min": -5.0,
  "logvar_max": 2.0,
  "metrics": {
    "data_2020_train": {
      "macro_f1": 0.3554708378931465,
      "weighted_f1": 0.6547155572854942,
      "mae": 1.289443510403511,
      "qwk": 0.4812720327200125,
      "recall_6_8": 0.55,
      "precision_6_8": 0.5116279069767442,
      "pr_auc_high": 0.5582531440776756,
      "high_fn_rate": 0.45,
      "brier": 0.483318030834198,
      "ece": 0.17967200304130382,
      "high_risk_recall_at_top10pct": 0.5,
      "high_risk_recall_at_top20pct": 0.75,
      "ndcg_at_top20pct": 0.6572854342713877,
      "high_risk_hits_at_10": 7.0,
      "high_risk_hits_at_20": 11.0
    },
    "data_2021_train": {
      "macro_f1": 0.47449583930562195,
      "weighted_f1": 0.6882578246029332,
      "mae": 1.187789545843045,
      "qwk": 0.4686438272507548,
      "recall_6_8": 0.6,
      "precision_6_8": 0.5714285714285714,
      "pr_auc_high": 0.6949585833867999,
      "high_fn_rate": 0.4,
      "brier": 0.43393829464912415,
      "ece": 0.16095903922211038,
      "high_risk_recall_at_top10pct": 0.55,
      "high_risk_recall_at_top20pct": 0.9,
      "ndcg_at_top20pct": 0.6764791425460881,
      "high_risk_hits_at_10": 6.0,
      "high_risk_hits_at_20": 12.0
    },
    "data_2021_val": {
      "macro_f1": 0.2591397849462365,
      "weighted_f1": 0.60831541218638,
      "mae": 1.3729474670792317,
      "qwk": 0.4824455205811138,
      "recall_6_8": 0.4,
      "precision_6_8": 0.6666666666666666,
      "pr_auc_high": 0.6428571428571428,
      "high_fn_rate": 0.6,
      "brier": 0.5562077760696411,
      "ece": 0.1863352917962604,
      "high_risk_recall_at_top10pct": 0.6,
      "high_risk_recall_at_top20pct": 0.6,
      "ndcg_at_top20pct": 0.5645706442135198,
      "high_risk_hits_at_10": 3.0,
      "high_risk_hits_at_20": 4.0
    },
    "data_2021_test": {
      "macro_f1": 0.24144345238095238,
      "weighted_f1": 0.5943666881166881,
      "mae": 1.468226868610869,
      "qwk": 0.2987680200690733,
      "recall_6_8": 0.2692307692307692,
      "precision_6_8": 0.3888888888888889,
      "pr_auc_high": 0.34337739938519696,
      "high_fn_rate": 0.7307692307692307,
      "brier": 0.5514335036277771,
      "ece": 0.15821032910733615,
      "high_risk_recall_at_top10pct": 0.34615384615384615,
      "high_risk_recall_at_top20pct": 0.5,
      "ndcg_at_top20pct": 0.5271599729283044,
      "high_risk_hits_at_10": 4.0,
      "high_risk_hits_at_20": 8.0
    }
  },
  "split_sizes": {
    "data_2020": {
      "train": 419,
      "val": 0,
      "test": 0
    },
    "data_2021": {
      "train": 176,
      "val": 45,
      "test": 222
    }
  },
  "risk_summaries": {
    "data_2020": {
      "edge_count": 6603,
      "risk_min": 3.327641934447456e-06,
      "risk_max": 0.8411968946456909,
      "risk_mean": 0.022708656266331673,
      "risk_p25": 0.001671047881245613,
      "risk_p50": 0.0025686046574264765,
      "risk_p75": 0.004403397440910339,
      "risk_p90": 0.008286765776574612,
      "risk_p95": 0.1535245031118393,
      "risk_p99": 0.4248044192790985,
      "zero_risk_edge_count": 0,
      "zero_risk_edge_ratio": 0.0,
      "edge_attribute_zero_ratio": 0.928365894290474,
      "matrix_5x8": [
        [
          0,
          333,
          600,
          186,
          88,
          72,
          42,
          0
        ],
        [
          0,
          287,
          481,
          276,
          83,
          80,
          114,
          0
        ],
        [
          0,
          225,
          462,
          305,
          151,
          102,
          75,
          0
        ],
        [
          0,
          212,
          542,
          267,
          102,
          111,
          87,
          0
        ],
        [
          0,
          209,
          532,
          274,
          116,
          109,
          80,
          0
        ]
      ]
    },
    "data_2021": {
      "edge_count": 7647,
      "risk_min": 3.3392223031114554e-06,
      "risk_max": 0.8412913680076599,
      "risk_mean": 0.020216306671500206,
      "risk_p25": 0.001689318334683776,
      "risk_p50": 0.0025986458640545607,
      "risk_p75": 0.004017221741378307,
      "risk_p90": 0.007066610734909773,
      "risk_p95": 0.13205620646476746,
      "risk_p99": 0.4190938174724579,
      "zero_risk_edge_count": 0,
      "zero_risk_edge_ratio": 0.0,
      "edge_attribute_zero_ratio": 0.9314763959722767,
      "matrix_5x8": [
        [
          0,
          432,
          706,
          261,
          71,
          22,
          38,
          0
        ],
        [
          0,
          304,
          589,
          333,
          148,
          80,
          75,
          0
        ],
        [
          0,
          229,
          573,
          400,
          165,
          104,
          59,
          0
        ],
        [
          0,
          213,
          639,
          310,
          158,
          166,
          43,
          0
        ],
        [
          0,
          264,
          597,
          351,
          125,
          137,
          55,
          0
        ]
      ]
    }
  }
}