beta,lambda_concentration,runs,pyvrp_cost_mean,pyvrp_cost_std,global_risk_mean,global_risk_std,global_cvar90_mean,global_cvar90_std,max_vehicle_risk_mean,max_vehicle_risk_std,max_vehicle_cvar90_mean,max_vehicle_cvar90_std,vehicle_risk_gini_mean,vehicle_risk_gini_std,risk_variance_mean,risk_variance_std,edge_burden_gini_used_mean,edge_burden_gini_used_std,top10_burden_share_mean,top10_burden_share_std,max_edge_burden_mean,max_edge_burden_std,cost_increase_pct,risk_reduction_pct
0.0,0.0,10,146730.9,582.7275807213293,8.154391173025186,0.6035916607060263,0.23656128625480904,0.030770953459856483,2.6785025916916814,0.266735545374659,0.3952806286768611,0.07132030899799763,0.2158657704694078,0.039010851987863006,0.4477493211106937,0.1500029408668868,0.8520734940174031,0.007157699347464816,0.8789746606116833,0.009079038268034327,1.0231657081981678,0.35950378463171384,0.0,0.0
1.0,0.0,10,179457.0,365.0473333083746,4.055053239939495,0.23905109897811813,0.09072690632611081,0.016937443499772633,1.6855941789383746,0.1548283359498754,0.1943609400668605,0.02879014736579753,0.30982703373311155,0.038102232788751494,0.24386606977181344,0.08045161406484584,0.7867232905950807,0.011102175694752695,0.7867995075012383,0.01418170953249408,0.8502051313337123,0.0,0.2230348208863982,0.5027153893040895
