beta,lambda_concentration,runs,pyvrp_cost_mean,pyvrp_cost_std,global_risk_mean,global_risk_std,global_cvar90_mean,global_cvar90_std,max_vehicle_risk_mean,max_vehicle_risk_std,max_vehicle_cvar90_mean,max_vehicle_cvar90_std,vehicle_risk_gini_mean,vehicle_risk_gini_std,risk_variance_mean,risk_variance_std,edge_burden_gini_used_mean,edge_burden_gini_used_std,top10_burden_share_mean,top10_burden_share_std,max_edge_burden_mean,max_edge_burden_std,cost_increase_pct,risk_reduction_pct
0.0,0.0,5,146531.2,556.7375503771952,8.133457244843587,0.7476036751897105,0.22768178135532063,0.014368655900061983,2.9466411174857057,0.18359334550294393,0.4533505032601811,0.05804925369360727,0.28616204056705125,0.02308773301015707,0.7589553493561874,0.21740942421327764,0.8843118560941665,0.005934577132003159,0.9021649611628803,0.00614115487354314,1.0715829133987427,0.3707462798132278,0.0,0.0
1.0,0.0,5,173280.8,462.28313834705244,3.2345554444496387,0.31908942220523207,0.07276700913873983,0.014557670243640129,1.0681718242034548,0.14751367282184122,0.12187913049544608,0.0038220482015612644,0.2509759116548946,0.03784879160152093,0.08674446886901874,0.021121560651220662,0.8172250102657632,0.01360801771894815,0.7774534339074456,0.022012205936493865,0.4461368680000305,0.05683355347563106,0.18255224825839123,0.6023148155723238
1.0,1.0,5,184232.4,288.86900145221534,2.757312362828948,0.07153580365528701,0.0535284713322407,0.0022427729930718362,1.0307872661127475,0.0193219831572582,0.11934222786554269,0.0,0.282790285649881,0.040728976760466655,0.08399699806098468,0.01710421287807992,0.801123554563185,0.004658415964684067,0.7501015222375954,0.005332348179174785,0.4207201302051544,0.0,0.2572912799458407,0.6609913497021604
