beta,lambda_concentration,runs,pyvrp_cost_mean,pyvrp_cost_std,global_risk_mean,global_risk_std,global_cvar90_mean,global_cvar90_std,max_vehicle_risk_mean,max_vehicle_risk_std,max_vehicle_cvar90_mean,max_vehicle_cvar90_std,vehicle_risk_gini_mean,vehicle_risk_gini_std,risk_variance_mean,risk_variance_std,edge_burden_gini_used_mean,edge_burden_gini_used_std,top10_burden_share_mean,top10_burden_share_std,max_edge_burden_mean,max_edge_burden_std,cost_increase_pct,risk_reduction_pct
0.0,0.0,10,133997.6,0.6992058987801011,6.8452513927491,0.9043854975730957,0.19985145776625773,0.04316470937177652,2.230451844299025,0.4480047416144424,0.3761809357005708,0.10943052964146692,0.21557184025342185,0.07519274129386591,0.33358979097193664,0.23941550598100608,0.8752536558337688,0.01055845000501521,0.8921112591941665,0.010787842128003369,1.1260423017049175,0.4154954178840605,0.0,0.0
1.0,0.0,10,154737.3,112.908074703864,2.4457501240567714,0.17599254684221444,0.05679739026827958,0.007567915719034939,0.8449557663373112,0.14385525431721988,0.09506429100663383,0.019454976989849028,0.25172846526272774,0.08510808127461199,0.05569296756056987,0.03670398420780468,0.7729733604067184,0.013012338715831039,0.7468726994210145,0.01690398629204922,0.37381545996725496,0.03114897973062543,0.15477665271616792,0.6427085020357179
