{
  "name": "fusion_gcn_teg_low_rho025_splitB_seed8_epochs50_10seed_floor_0p01",
  "risk_dirs": [
    "D:\\PyVRP-main\\hazmat_risk_experiments\\outputs_10seed\\risk_matrices\\gcn_splitB_seed8_epochs50_10seed_floor_0p01",
    "D:\\PyVRP-main\\hazmat_risk_experiments\\outputs_10seed\\risk_matrices\\teg_gnn_splitB_seed8_epochs50_teg_low_tail_10seed_floor_0p01"
  ],
  "weights": [
    0.75,
    0.25
  ],
  "ensemble": "mean node probabilities",
  "summaries": [
    {
      "year": "data_2020",
      "edge_count": 6603,
      "risk_mean": 0.019445030588532405,
      "risk_p95": 0.10284348456306812,
      "risk_p99": 0.43269609668182324,
      "risk_max": 0.9405943087747021
    },
    {
      "year": "data_2021",
      "edge_count": 7647,
      "risk_mean": 0.0173377070879886,
      "risk_p95": 0.09236163922612602,
      "risk_p99": 0.41965829705464097,
      "risk_max": 0.8600048630425766
    }
  ]
}