{
  "model": "graphsage_teg_gate",
  "split": "B",
  "seed": 5,
  "epochs": 50,
  "risk_mode": "exposure_floor",
  "exposure_delta": 0.01,
  "uncertainty_tau": 0.0,
  "experiment_tag": "paper_teg_gate_fusions_10seed",
  "checkpoint_path": "D:\\PyVRP-main\\hazmat_risk_experiments\\outputs_10seed\\models\\checkpoints\\graphsage_teg_gate_splitB_seed5_epochs50_paper_teg_gate_fusions_10seed.pt",
  "best_epoch": 48,
  "model_source": "checkpoint",
  "alpha_ord": 0.5,
  "alpha_hr": 1.0,
  "alpha_topk": 0.3,
  "lambda_nll": 0.0,
  "lambda_var": 0.0,
  "ec_delta_max": 0.05,
  "lambda_edge": 0.0,
  "lambda_edge_high": 0.0,
  "lambda_distill": 0.0,
  "lambda_delta": 0.0,
  "ec_teacher_epochs": 50,
  "gamma_unc": 0.5,
  "logvar_min": -5.0,
  "logvar_max": 2.0,
  "metrics": {
    "data_2020_train": {
      "macro_f1": 0.34938758484486254,
      "weighted_f1": 0.6883779021752702,
      "mae": 0.8331062286644069,
      "qwk": 0.6126145121358391,
      "recall_6_8": 0.65,
      "precision_6_8": 0.65,
      "pr_auc_high": 0.80420404330678,
      "high_fn_rate": 0.35,
      "brier": 0.3705795705318451,
      "ece": 0.07564103286846724,
      "high_risk_recall_at_top10pct": 0.675,
      "high_risk_recall_at_top20pct": 0.975,
      "ndcg_at_top20pct": 0.8221909633683627,
      "high_risk_hits_at_10": 10.0,
      "high_risk_hits_at_20": 17.0
    },
    "data_2021_train": {
      "macro_f1": 0.4578421605921056,
      "weighted_f1": 0.7245254576507955,
      "mae": 0.6853763199396498,
      "qwk": 0.7442463860902382,
      "recall_6_8": 0.8,
      "precision_6_8": 0.8888888888888888,
      "pr_auc_high": 0.967339934326827,
      "high_fn_rate": 0.2,
      "brier": 0.3139498829841614,
      "ece": 0.09986438602209091,
      "high_risk_recall_at_top10pct": 0.85,
      "high_risk_recall_at_top20pct": 1.0,
      "ndcg_at_top20pct": 0.9040949065844631,
      "high_risk_hits_at_10": 10.0,
      "high_risk_hits_at_20": 18.0
    },
    "data_2021_val": {
      "macro_f1": 0.2204228520017994,
      "weighted_f1": 0.5805368121157595,
      "mae": 1.3102397755346973,
      "qwk": 0.2678088886333583,
      "recall_6_8": 0.4,
      "precision_6_8": 0.2857142857142857,
      "pr_auc_high": 0.37124542124542126,
      "high_fn_rate": 0.6,
      "brier": 0.5454140305519104,
      "ece": 0.13886627554893494,
      "high_risk_recall_at_top10pct": 0.2,
      "high_risk_recall_at_top20pct": 0.4,
      "ndcg_at_top20pct": 0.4675983483824802,
      "high_risk_hits_at_10": 2.0,
      "high_risk_hits_at_20": 3.0
    },
    "data_2021_test": {
      "macro_f1": 0.270268297593879,
      "weighted_f1": 0.6321265088706949,
      "mae": 1.1650776301957568,
      "qwk": 0.38148362539248193,
      "recall_6_8": 0.38461538461538464,
      "precision_6_8": 0.5555555555555556,
      "pr_auc_high": 0.4983167912052915,
      "high_fn_rate": 0.6153846153846154,
      "brier": 0.47267046570777893,
      "ece": 0.0879540740101187,
      "high_risk_recall_at_top10pct": 0.4230769230769231,
      "high_risk_recall_at_top20pct": 0.6923076923076923,
      "ndcg_at_top20pct": 0.5864903429611091,
      "high_risk_hits_at_10": 6.0,
      "high_risk_hits_at_20": 10.0
    }
  },
  "split_sizes": {
    "data_2020": {
      "train": 419,
      "val": 0,
      "test": 0
    },
    "data_2021": {
      "train": 176,
      "val": 45,
      "test": 222
    }
  },
  "risk_summaries": {
    "data_2020": {
      "edge_count": 6603,
      "risk_min": 0.0,
      "risk_max": 0.8505106568336487,
      "risk_mean": 0.017580224201083183,
      "risk_p25": 0.000603148655500263,
      "risk_p50": 0.0014479398960247636,
      "risk_p75": 0.0031794679816812277,
      "risk_p90": 0.007714133244007826,
      "risk_p95": 0.09647650271654129,
      "risk_p99": 0.38956373929977417,
      "zero_risk_edge_count": 4,
      "zero_risk_edge_ratio": 0.0006057852491291837,
      "edge_attribute_zero_ratio": 0.928365894290474,
      "matrix_5x8": [
        [
          3,
          698,
          358,
          136,
          25,
          28,
          73,
          0
        ],
        [
          0,
          723,
          274,
          113,
          46,
          39,
          126,
          0
        ],
        [
          0,
          667,
          310,
          139,
          77,
          70,
          57,
          0
        ],
        [
          0,
          698,
          302,
          127,
          61,
          56,
          77,
          0
        ],
        [
          1,
          579,
          391,
          157,
          47,
          60,
          85,
          0
        ]
      ]
    },
    "data_2021": {
      "edge_count": 7647,
      "risk_min": 0.0,
      "risk_max": 0.8011555075645447,
      "risk_mean": 0.015015200711786747,
      "risk_p25": 0.0006189544801600277,
      "risk_p50": 0.0014326521195471287,
      "risk_p75": 0.0031712763011455536,
      "risk_p90": 0.007473124656826258,
      "risk_p95": 0.0660785436630249,
      "risk_p99": 0.3780938982963562,
      "zero_risk_edge_count": 5,
      "zero_risk_edge_ratio": 0.0006538511834706421,
      "edge_attribute_zero_ratio": 0.9314763959722767,
      "matrix_5x8": [
        [
          1,
          817,
          427,
          159,
          50,
          26,
          50,
          0
        ],
        [
          1,
          853,
          295,
          93,
          114,
          78,
          95,
          0
        ],
        [
          0,
          822,
          350,
          117,
          103,
          77,
          61,
          0
        ],
        [
          0,
          824,
          292,
          142,
          110,
          110,
          51,
          0
        ],
        [
          3,
          674,
          466,
          131,
          88,
          78,
          89,
          0
        ]
      ]
    }
  }
}