beta,lambda_concentration,runs,pyvrp_cost_mean,pyvrp_cost_std,global_risk_mean,global_risk_std,global_cvar90_mean,global_cvar90_std,max_vehicle_risk_mean,max_vehicle_risk_std,max_vehicle_cvar90_mean,max_vehicle_cvar90_std,vehicle_risk_gini_mean,vehicle_risk_gini_std,risk_variance_mean,risk_variance_std,edge_burden_gini_used_mean,edge_burden_gini_used_std,top10_burden_share_mean,top10_burden_share_std,max_edge_burden_mean,max_edge_burden_std,cost_increase_pct,risk_reduction_pct
0.0,0.0,10,146730.9,582.7275807213293,6.883367037037533,0.618991611251158,0.20433968068962574,0.03999315593310428,2.3700415312756378,0.479582041420534,0.38405764880723187,0.10547323544705978,0.22613660268990343,0.0489574526720078,0.3847081140962357,0.20982196958068078,0.8730104051230828,0.007063301822892272,0.8891930489823541,0.008431702065955771,1.0272974252700806,0.360955522031119,0.0,0.0
2.0,1.0,10,199601.3,547.4985641787362,2.010837285812886,0.0913052651663668,0.038145286703509904,0.004479479473874539,0.8354255432619538,0.04480754901545266,0.08380833940565705,0.01222761160122888,0.31396408025254746,0.020285143980672587,0.05793246682302131,0.005028779582965991,0.7463323651896572,0.005855250862653637,0.68490011009399,0.008425117116659652,0.5730152726173401,0.0,0.3603221952567591,0.7078701055756836
