beta,lambda_concentration,runs,pyvrp_cost_mean,pyvrp_cost_std,global_risk_mean,global_risk_std,global_cvar90_mean,global_cvar90_std,max_vehicle_risk_mean,max_vehicle_risk_std,max_vehicle_cvar90_mean,max_vehicle_cvar90_std,vehicle_risk_gini_mean,vehicle_risk_gini_std,risk_variance_mean,risk_variance_std,edge_burden_gini_used_mean,edge_burden_gini_used_std,top10_burden_share_mean,top10_burden_share_std,max_edge_burden_mean,max_edge_burden_std,cost_increase_pct,risk_reduction_pct
0.0,0.0,3,146220.66666666666,383.9379290111011,13.208931110333651,1.2664394820565252,0.21701124598202126,0.006854624322198628,4.260989155581531,0.2581090339630006,0.6616993788215849,0.05388314707756379,0.20973584826900082,0.03598859513731385,1.066886738694844,0.27096876776103435,0.8593068225648173,0.005758933794809005,0.9010762405388858,0.008175087275157962,1.4714678128560383,0.4577220943078756,0.0,0.0
1.0,0.0,3,181807.33333333334,237.9250582291267,6.938623068194526,0.40435988656153815,0.12286475678121228,0.007349168430876046,2.3041283551914,0.14251814611243693,0.25282065308697166,0.027758179892227567,0.28253764451925556,0.06330856323240949,0.5211465919784688,0.1590521477693443,0.8218678452631473,0.003320226782351163,0.833693102896182,0.0061095161104543225,1.0099999904632568,0.0,0.24337644929353366,0.4747021533962914
