beta,lambda_concentration,runs,pyvrp_cost_mean,pyvrp_cost_std,global_risk_mean,global_risk_std,global_cvar90_mean,global_cvar90_std,max_vehicle_risk_mean,max_vehicle_risk_std,max_vehicle_cvar90_mean,max_vehicle_cvar90_std,vehicle_risk_gini_mean,vehicle_risk_gini_std,risk_variance_mean,risk_variance_std,edge_burden_gini_used_mean,edge_burden_gini_used_std,top10_burden_share_mean,top10_burden_share_std,max_edge_burden_mean,max_edge_burden_std,cost_increase_pct,risk_reduction_pct
0.0,0.0,3,146220.66666666666,383.9379290111011,14.02546299318783,1.429014745668016,0.21312330335815158,0.00952149854461715,4.550372371915728,0.30513699051130094,0.6952293286720912,0.037365265975579785,0.21327681736676896,0.01660319902862211,1.2384640576583754,0.11913434177690357,0.8521315184559874,0.006374527800900346,0.8957150031264347,0.00964007674836255,1.6048064231872559,0.34224747045572707,0.0,0.0
1.0,0.0,3,182146.33333333334,375.94458811550055,6.357375300566976,0.617829578683272,0.10089625032792497,0.009247115472016603,2.1733742551878095,0.11864241027999985,0.18374236826858822,0.04470597212539815,0.2666975866827776,0.012687581869678761,0.37971877916756175,0.09359971060876235,0.7878594687864995,0.01012235288161528,0.7898212097251388,0.017090902076355184,0.9878775676091512,0.09268553214200378,0.2456948630152602,0.5467261719876698
