beta,lambda_concentration,runs,pyvrp_cost_mean,pyvrp_cost_std,global_risk_mean,global_risk_std,global_cvar90_mean,global_cvar90_std,max_vehicle_risk_mean,max_vehicle_risk_std,max_vehicle_cvar90_mean,max_vehicle_cvar90_std,vehicle_risk_gini_mean,vehicle_risk_gini_std,risk_variance_mean,risk_variance_std,edge_burden_gini_used_mean,edge_burden_gini_used_std,top10_burden_share_mean,top10_burden_share_std,max_edge_burden_mean,max_edge_burden_std,cost_increase_pct,risk_reduction_pct
0.0,0.0,10,146730.9,582.7275807213293,6.883367037037533,0.618991611251158,0.20433968068962574,0.03999315593310428,2.3700415312756378,0.479582041420534,0.38405764880723187,0.10547323544705978,0.22613660268990343,0.0489574526720078,0.3847081140962357,0.20982196958068078,0.8730104051230828,0.007063301822892272,0.8891930489823541,0.008431702065955771,1.0272974252700806,0.360955522031119,0.0,0.0
3.0,1.0,10,211694.5,797.4027631421067,2.0123192393002682,0.07844687151708406,0.038234141339150304,0.002576963688589624,0.8793297796459228,0.07128646529511802,0.09295937837670662,0.018955567810899913,0.3320778707865341,0.031241446719161747,0.06838855140897117,0.014915515196206106,0.7484557327821927,0.010531317001443302,0.6857352652945415,0.014283444810727767,0.5730152726173401,0.0,0.4427397364835901,0.7076548107237008
