{
  "model": "gcn",
  "split": "B",
  "seed": 1,
  "epochs": 50,
  "risk_mode": "exposure_floor",
  "exposure_delta": 0.01,
  "experiment_tag": "",
  "alpha_ord": 0.5,
  "alpha_hr": 1.0,
  "alpha_topk": 0.3,
  "metrics": {
    "data_2020_train": {
      "macro_f1": 0.5731947890163813,
      "weighted_f1": 0.7584174082201903,
      "mae": 0.8323656186551387,
      "qwk": 0.6970509109397076,
      "recall_6_8": 0.725,
      "precision_6_8": 0.8055555555555556,
      "pr_auc_high": 0.8973641289774262,
      "high_fn_rate": 0.275
    },
    "data_2021_train": {
      "macro_f1": 0.700706909413771,
      "weighted_f1": 0.8217069333020725,
      "mae": 0.6850413981729623,
      "qwk": 0.7974948509940734,
      "recall_6_8": 0.8,
      "precision_6_8": 0.9523809523809523,
      "pr_auc_high": 0.9546171230820844,
      "high_fn_rate": 0.2
    },
    "data_2021_test": {
      "macro_f1": 0.2939055887478217,
      "weighted_f1": 0.6257980160892782,
      "mae": 1.3346855495114216,
      "qwk": 0.29224519940915805,
      "recall_6_8": 0.2692307692307692,
      "precision_6_8": 0.5833333333333334,
      "pr_auc_high": 0.3459286935161099,
      "high_fn_rate": 0.7307692307692307
    }
  },
  "split_sizes": {
    "data_2020": {
      "train": 419,
      "val": 0,
      "test": 0
    },
    "data_2021": {
      "train": 221,
      "val": 0,
      "test": 222
    }
  },
  "risk_summaries": {
    "data_2020": {
      "edge_count": 6603,
      "risk_min": 0.0,
      "risk_max": 0.8879329562187195,
      "risk_mean": 0.020397525280714035,
      "risk_p25": 0.0012559177121147513,
      "risk_p50": 0.0021448121406137943,
      "risk_p75": 0.0035733990371227264,
      "risk_p90": 0.00849462952464819,
      "risk_p95": 0.11537919193506241,
      "risk_p99": 0.4323665201663971,
      "zero_risk_edge_count": 9,
      "zero_risk_edge_ratio": 0.0013630168105406633,
      "edge_attribute_zero_ratio": 0.928365894290474,
      "matrix_5x8": [
        [
          7,
          423,
          546,
          190,
          46,
          28,
          62,
          19
        ],
        [
          0,
          465,
          441,
          188,
          44,
          37,
          78,
          68
        ],
        [
          0,
          422,
          421,
          246,
          88,
          61,
          54,
          28
        ],
        [
          2,
          416,
          450,
          212,
          75,
          42,
          105,
          19
        ],
        [
          0,
          333,
          529,
          225,
          51,
          56,
          96,
          30
        ]
      ]
    },
    "data_2021": {
      "edge_count": 7647,
      "risk_min": 0.0,
      "risk_max": 0.8544802069664001,
      "risk_mean": 0.017087643966078758,
      "risk_p25": 0.0012492310488596559,
      "risk_p50": 0.00212594261392951,
      "risk_p75": 0.003612323198467493,
      "risk_p90": 0.008345307782292366,
      "risk_p95": 0.09987669438123703,
      "risk_p99": 0.3961964547634125,
      "zero_risk_edge_count": 11,
      "zero_risk_edge_ratio": 0.0014384726036354126,
      "edge_attribute_zero_ratio": 0.9314763959722767,
      "matrix_5x8": [
        [
          2,
          474,
          765,
          165,
          39,
          24,
          59,
          2
        ],
        [
          2,
          550,
          489,
          228,
          91,
          56,
          112,
          1
        ],
        [
          2,
          470,
          567,
          259,
          92,
          46,
          93,
          1
        ],
        [
          2,
          488,
          583,
          233,
          96,
          38,
          78,
          11
        ],
        [
          3,
          425,
          651,
          212,
          54,
          69,
          111,
          4
        ]
      ]
    }
  }
}