risk_matrix,mean,std,p95,p99,tail_gap,max
GCN,0.017184431606788102,0.07075368087326867,0.09901774227619164,0.37399744987487793,0.2749797075986863,0.8528011441230774
TEG-low,0.01883385113726351,0.07506743505080486,0.0942759975790977,0.41640385091304766,0.32212785333394994,0.8571691513061523
Stable-Tail GNN,0.015658002177011514,0.07125999297860883,0.06894283518195146,0.40923160314559937,0.34028876796364793,0.8495379090309143
Edge-GAT,0.017484101983827462,0.07318209896261915,0.10208544209599486,0.4003910422325134,0.2983056001365186,0.8581410050392151
Weighted-GCN,0.01811917397933677,0.06832583065448045,0.10398826301097855,0.36502599716186523,0.2610377341508867,0.8541135787963867
Fusion-rho0.25,0.01740113944284154,0.07118236955903301,0.09961381037791102,0.37715776875388785,0.27754395837597684,0.8538931662693762
Ensemble-4,0.01762016269626972,0.07066424428259026,0.1031266264617443,0.392014964222908,0.2888883377611637,0.8550534844398499
