beta,lambda_concentration,runs,pyvrp_cost_mean,pyvrp_cost_std,global_risk_mean,global_risk_std,global_cvar90_mean,global_cvar90_std,max_vehicle_risk_mean,max_vehicle_risk_std,max_vehicle_cvar90_mean,max_vehicle_cvar90_std,vehicle_risk_gini_mean,vehicle_risk_gini_std,risk_variance_mean,risk_variance_std,edge_burden_gini_used_mean,edge_burden_gini_used_std,top10_burden_share_mean,top10_burden_share_std,max_edge_burden_mean,max_edge_burden_std,cost_increase_pct,risk_reduction_pct
0.0,0.0,10,146730.9,582.7275807213293,12.572288080715975,0.8411556114268712,0.27848782746102263,0.1394989111818527,3.948669865773991,0.33517894443554186,0.565363970732405,0.047160266552510516,0.1873048663150941,0.035995501126081894,0.8195780193119544,0.28348172225682483,0.8766042347963554,0.004484150764006741,0.8991643977836418,0.006548013179961344,1.7574717998504639,0.12782345922466284,0.0,0.0
1.0,0.0,10,177219.3,479.6276449265386,4.906104905479265,0.4371674909973758,0.06056039664020394,0.006628290609109309,1.8989868770120666,0.07939423352020403,0.18807234198569536,0.06131117853559259,0.3233238469094271,0.03697582129087049,0.3554902275354307,0.09810516929197916,0.8096641866690494,0.011216153454660012,0.7788336747160396,0.017720163700560995,1.0099999904632568,0.0,0.2077844543991756,0.609768335407052
2.0,0.0,10,193538.7,395.6182362946492,4.123811323869267,0.1574323354149522,0.04898458953110936,0.003024660384672404,1.8441042742953868,0.03125002870781253,0.11952444577642499,0.019535521813455442,0.36506687938690174,0.03220419326794818,0.33391606367106474,0.04629789804370107,0.7867059994244777,0.006356474532134992,0.7431029654252901,0.009970926031530703,1.0099999904632568,0.0,0.3190043814901975,0.6719919797101012
