{
  "name": "fusion_gcn_teg_low_rho050_splitB_seed0_epochs50_floor_0p01",
  "risk_dirs": [
    "hazmat_risk_experiments\\outputs\\risk_matrices\\gcn_splitB_seed0_epochs50_floor_0p01",
    "hazmat_risk_experiments\\outputs\\risk_matrices\\teg_gnn_splitB_seed0_epochs50_teg_low_tail_floor_0p01"
  ],
  "weights": [
    0.5,
    0.5
  ],
  "ensemble": "mean node probabilities",
  "summaries": [
    {
      "year": "data_2020",
      "edge_count": 6603,
      "risk_mean": 0.020424285465054707,
      "risk_p95": 0.11331328399720503,
      "risk_p99": 0.4326070192791002,
      "risk_max": 0.9036303323227912
    },
    {
      "year": "data_2021",
      "edge_count": 7647,
      "risk_mean": 0.01777209365708168,
      "risk_p95": 0.10154522051929037,
      "risk_p99": 0.3923501747546187,
      "risk_max": 0.8549851651472373
    }
  ]
}