{
  "pairs": "D:\\PyVRP-main\\hazmat_risk_experiments\\outputs_10seed\\od_paths\\fixed_od_pairs_150.csv",
  "num_pairs": 150,
  "year": "data_2021",
  "k_paths": 50,
  "cvar_alpha": 0.9,
  "re_threshold": "p75",
  "sources": [
    {
      "risk_source": "Stable-Tail-MatrixEnsRaw-r005_seed0",
      "risk_dir": "D:\\PyVRP-main\\hazmat_risk_experiments\\outputs_10seed\\risk_matrices\\stable_tail_matrix_ens_raw_r005_splitB_seed0_floor_0p01",
      "largest_component_nodes": 4357,
      "largest_component_edges": 6650,
      "re_threshold": "p75",
      "re_threshold_value": 0.0035529083106666803,
      "risk_diagnostics": {
        "edge_count": 6650,
        "zero_risk_edge_count": 1,
        "zero_risk_edge_ratio": 0.00015037593984962405,
        "risk_min": 0.0,
        "risk_p25": 0.0006659913924522698,
        "risk_p50": 0.0016146969282999635,
        "risk_p75": 0.0035529083106666803,
        "risk_p90": 0.008172509260475636,
        "risk_p95": 0.06892307847738266,
        "risk_p99": 0.40055322647094727,
        "risk_max": 0.8283793926239014,
        "edge_attribute_zero_ratio": 0.0,
        "S_i_norm_zero_or_near_zero_ratio": 0.005278861602019738
      }
    },
    {
      "risk_source": "Stable-Tail-MatrixEnsRaw-r005_seed1",
      "risk_dir": "D:\\PyVRP-main\\hazmat_risk_experiments\\outputs_10seed\\risk_matrices\\stable_tail_matrix_ens_raw_r005_splitB_seed1_floor_0p01",
      "largest_component_nodes": 4357,
      "largest_component_edges": 6650,
      "re_threshold": "p75",
      "re_threshold_value": 0.004462672397494316,
      "risk_diagnostics": {
        "edge_count": 6650,
        "zero_risk_edge_count": 0,
        "zero_risk_edge_ratio": 0.0,
        "risk_min": 1.1324882143171067e-09,
        "risk_p25": 0.0009633832960389555,
        "risk_p50": 0.0018062492017634213,
        "risk_p75": 0.004462672397494316,
        "risk_p90": 0.00815257616341114,
        "risk_p95": 0.08019365295767682,
        "risk_p99": 0.4163611829280853,
        "risk_max": 0.8352795243263245,
        "edge_attribute_zero_ratio": 0.0,
        "S_i_norm_zero_or_near_zero_ratio": 0.0006885471654808355
      }
    },
    {
      "risk_source": "Stable-Tail-MatrixEnsRaw-r005_seed2",
      "risk_dir": "D:\\PyVRP-main\\hazmat_risk_experiments\\outputs_10seed\\risk_matrices\\stable_tail_matrix_ens_raw_r005_splitB_seed2_floor_0p01",
      "largest_component_nodes": 4357,
      "largest_component_edges": 6650,
      "re_threshold": "p75",
      "re_threshold_value": 0.004060642677359283,
      "risk_diagnostics": {
        "edge_count": 6650,
        "zero_risk_edge_count": 0,
        "zero_risk_edge_ratio": 0.0,
        "risk_min": 2.937997862773045e-07,
        "risk_p25": 0.0009524640045128763,
        "risk_p50": 0.0018523139879107475,
        "risk_p75": 0.004060642677359283,
        "risk_p90": 0.008001133799552917,
        "risk_p95": 0.0750166092067955,
        "risk_p99": 0.4129188358783722,
        "risk_max": 0.9032462239265442,
        "edge_attribute_zero_ratio": 0.0,
        "S_i_norm_zero_or_near_zero_ratio": 0.0004590314436538903
      }
    },
    {
      "risk_source": "Stable-Tail-MatrixEnsRaw-r005_seed3",
      "risk_dir": "D:\\PyVRP-main\\hazmat_risk_experiments\\outputs_10seed\\risk_matrices\\stable_tail_matrix_ens_raw_r005_splitB_seed3_floor_0p01",
      "largest_component_nodes": 4357,
      "largest_component_edges": 6650,
      "re_threshold": "p75",
      "re_threshold_value": 0.0033011764753609896,
      "risk_diagnostics": {
        "edge_count": 6650,
        "zero_risk_edge_count": 0,
        "zero_risk_edge_ratio": 0.0,
        "risk_min": 4.8696993104613284e-08,
        "risk_p25": 0.0008021606045076624,
        "risk_p50": 0.001603838987648487,
        "risk_p75": 0.0033011764753609896,
        "risk_p90": 0.0075622098520398175,
        "risk_p95": 0.06734491400420656,
        "risk_p99": 0.37514854133129283,
        "risk_max": 0.8189915418624878,
        "edge_attribute_zero_ratio": 0.0,
        "S_i_norm_zero_or_near_zero_ratio": 0.0009180628873077806
      }
    },
    {
      "risk_source": "Stable-Tail-MatrixEnsRaw-r005_seed4",
      "risk_dir": "D:\\PyVRP-main\\hazmat_risk_experiments\\outputs_10seed\\risk_matrices\\stable_tail_matrix_ens_raw_r005_splitB_seed4_floor_0p01",
      "largest_component_nodes": 4357,
      "largest_component_edges": 6650,
      "re_threshold": "p75",
      "re_threshold_value": 0.0037009981460869312,
      "risk_diagnostics": {
        "edge_count": 6650,
        "zero_risk_edge_count": 0,
        "zero_risk_edge_ratio": 0.0,
        "risk_min": 8.089202085947989e-10,
        "risk_p25": 0.0009951757383532822,
        "risk_p50": 0.0019167131395079195,
        "risk_p75": 0.0037009981460869312,
        "risk_p90": 0.008221223950386047,
        "risk_p95": 0.06805263459682465,
        "risk_p99": 0.4179469645023346,
        "risk_max": 0.8628483414649963,
        "edge_attribute_zero_ratio": 0.0,
        "S_i_norm_zero_or_near_zero_ratio": 0.0009180628873077806
      }
    },
    {
      "risk_source": "Stable-Tail-MatrixEnsRaw-r005_seed5",
      "risk_dir": "D:\\PyVRP-main\\hazmat_risk_experiments\\outputs_10seed\\risk_matrices\\stable_tail_matrix_ens_raw_r005_splitB_seed5_floor_0p01",
      "largest_component_nodes": 4357,
      "largest_component_edges": 6650,
      "re_threshold": "p75",
      "re_threshold_value": 0.0036258974578231573,
      "risk_diagnostics": {
        "edge_count": 6650,
        "zero_risk_edge_count": 0,
        "zero_risk_edge_ratio": 0.0,
        "risk_min": 1.358985901589449e-08,
        "risk_p25": 0.0007831725961295888,
        "risk_p50": 0.0015351864276453853,
        "risk_p75": 0.0036258974578231573,
        "risk_p90": 0.007752035278826952,
        "risk_p95": 0.06684256345033646,
        "risk_p99": 0.4005541855096843,
        "risk_max": 0.8305265307426453,
        "edge_attribute_zero_ratio": 0.0,
        "S_i_norm_zero_or_near_zero_ratio": 0.0006885471654808355
      }
    },
    {
      "risk_source": "Stable-Tail-MatrixEnsRaw-r005_seed6",
      "risk_dir": "D:\\PyVRP-main\\hazmat_risk_experiments\\outputs_10seed\\risk_matrices\\stable_tail_matrix_ens_raw_r005_splitB_seed6_floor_0p01",
      "largest_component_nodes": 4357,
      "largest_component_edges": 6650,
      "re_threshold": "p75",
      "re_threshold_value": 0.004169424530118704,
      "risk_diagnostics": {
        "edge_count": 6650,
        "zero_risk_edge_count": 0,
        "zero_risk_edge_ratio": 0.0,
        "risk_min": 2.4267603482286404e-09,
        "risk_p25": 0.0012164418585598469,
        "risk_p50": 0.0020378262270241976,
        "risk_p75": 0.004169424530118704,
        "risk_p90": 0.00714613264426589,
        "risk_p95": 0.0808912880718707,
        "risk_p99": 0.40944552421569824,
        "risk_max": 0.810831606388092,
        "edge_attribute_zero_ratio": 0.0,
        "S_i_norm_zero_or_near_zero_ratio": 0.0009180628873077806
      }
    },
    {
      "risk_source": "Stable-Tail-MatrixEnsRaw-r005_seed7",
      "risk_dir": "D:\\PyVRP-main\\hazmat_risk_experiments\\outputs_10seed\\risk_matrices\\stable_tail_matrix_ens_raw_r005_splitB_seed7_floor_0p01",
      "largest_component_nodes": 4357,
      "largest_component_edges": 6650,
      "re_threshold": "p75",
      "re_threshold_value": 0.004668669309467077,
      "risk_diagnostics": {
        "edge_count": 6650,
        "zero_risk_edge_count": 0,
        "zero_risk_edge_ratio": 0.0,
        "risk_min": 3.106253387841207e-08,
        "risk_p25": 0.0007712257065577433,
        "risk_p50": 0.0017600334831513464,
        "risk_p75": 0.004668669309467077,
        "risk_p90": 0.008232178166508675,
        "risk_p95": 0.06838607490062713,
        "risk_p99": 0.41602030396461487,
        "risk_max": 0.8302126526832581,
        "edge_attribute_zero_ratio": 0.0,
        "S_i_norm_zero_or_near_zero_ratio": 0.001606610052788616
      }
    },
    {
      "risk_source": "Stable-Tail-MatrixEnsRaw-r005_seed8",