{
  "model": "stable_tail_ua_gnn",
  "split": "B",
  "seed": 5,
  "epochs": 50,
  "risk_mode": "exposure_floor",
  "exposure_delta": 0.01,
  "uncertainty_tau": 0.25,
  "experiment_tag": "stable_tail_ua_formal_10seed",
  "alpha_ord": 0.3,
  "alpha_hr": 0.5,
  "alpha_topk": 0.1,
  "lambda_nll": 0.2,
  "lambda_var": 0.01,
  "gamma_unc": 0.5,
  "logvar_min": -5.0,
  "logvar_max": 2.0,
  "metrics": {
    "data_2020_train": {
      "macro_f1": 0.299866308080127,
      "weighted_f1": 0.6796410955625375,
      "mae": 0.9700384630277161,
      "qwk": 0.5646418264862416,
      "recall_6_8": 0.575,
      "precision_6_8": 0.6216216216216216,
      "pr_auc_high": 0.6859014637971428,
      "high_fn_rate": 0.425,
      "brier": 0.3878617286682129,
      "ece": 0.10696647253981069,
      "ordinal_nll": 0.9095192345119437,
      "uncertainty_mean": 1.8791923522949219,
      "correct_uncertainty": 1.9095561504364014,
      "error_uncertainty": 1.7917563915252686,
      "error_uncertainty_corr": -0.11300241178040071,
      "high_fn_uncertainty": 1.7416932582855225
    },
    "data_2021_train": {
      "macro_f1": 0.3589164939812153,
      "weighted_f1": 0.6739287448358466,
      "mae": 0.8680538906771598,
      "qwk": 0.6239399012945515,
      "recall_6_8": 0.6,
      "precision_6_8": 0.6521739130434783,
      "pr_auc_high": 0.747929725581637,
      "high_fn_rate": 0.4,
      "brier": 0.3673788011074066,
      "ece": 0.10139236218249634,
      "ordinal_nll": 0.8808231683771365,
      "uncertainty_mean": 1.8749958276748657,
      "correct_uncertainty": 1.93686044216156,
      "error_uncertainty": 1.7089920043945312,
      "error_uncertainty_corr": -0.21336874406955833,
      "high_fn_uncertainty": 1.5198174715042114
    },
    "data_2021_test": {
      "macro_f1": 0.23664529914529914,
      "weighted_f1": 0.5846038346038346,
      "mae": 1.2339258164815536,
      "qwk": 0.2912452681838068,
      "recall_6_8": 0.2692307692307692,
      "precision_6_8": 0.5833333333333334,
      "pr_auc_high": 0.4855765734451706,
      "high_fn_rate": 0.7307692307692307,
      "brier": 0.49545061588287354,
      "ece": 0.11040357507026946,
      "ordinal_nll": 1.067123825278921,
      "uncertainty_mean": 1.8355457782745361,
      "correct_uncertainty": 1.8219226598739624,
      "error_uncertainty": 1.861716866493225,
      "error_uncertainty_corr": 0.043336918026169347,
      "high_fn_uncertainty": 1.8773189783096313
    }
  },
  "split_sizes": {
    "data_2020": {
      "train": 419,
      "val": 0,
      "test": 0
    },
    "data_2021": {
      "train": 221,
      "val": 0,
      "test": 222
    }
  },
  "risk_summaries": {
    "data_2020": {
      "edge_count": 6603,
      "risk_min": 0.0013304317835718393,
      "risk_max": 1.0,
      "risk_mean": 0.028024299070239067,
      "risk_p25": 0.0025044982321560383,
      "risk_p50": 0.003189351409673691,
      "risk_p75": 0.0054778424091637135,
      "risk_p90": 0.009999999776482582,
      "risk_p95": 0.1823083758354187,
      "risk_p99": 0.5150400400161743,
      "zero_risk_edge_count": 0,
      "zero_risk_edge_ratio": 0.0,
      "edge_attribute_zero_ratio": 0.928365894290474,
      "matrix_5x8": [
        [
          0,
          619,
          371,
          161,
          64,
          61,
          45,
          0
        ],
        [
          0,
          604,
          323,
          182,
          65,
          33,
          114,
          0
        ],
        [
          0,
          556,
          345,
          186,
          93,
          79,
          61,
          0
        ],
        [
          0,
          584,
          333,
          173,
          83,
          98,
          50,
          0
        ],
        [
          0,
          526,
          384,
          166,
          86,
          73,
          85,
          0
        ]
      ]
    },
    "data_2021": {
      "edge_count": 7647,
      "risk_min": 0.0013217853847891092,
      "risk_max": 0.9999998807907104,
      "risk_mean": 0.025049753487110138,
      "risk_p25": 0.0025147125124931335,
      "risk_p50": 0.003203738247975707,
      "risk_p75": 0.005150363314896822,
      "risk_p90": 0.009207619354128838,
      "risk_p95": 0.15765692293643951,
      "risk_p99": 0.5049999952316284,
      "zero_risk_edge_count": 0,
      "zero_risk_edge_ratio": 0.0,
      "edge_attribute_zero_ratio": 0.9314763959722767,
      "matrix_5x8": [
        [
          0,
          746,
          474,
          180,
          70,
          22,
          36,
          2
        ],
        [
          0,
          741,
          386,
          140,
          141,
          39,
          82,
          0
        ],
        [
          0,
          614,
          456,
          207,
          151,
          42,
          54,
          6
        ],
        [
          0,
          635,
          423,
          147,
          219,
          69,
          35,
          1
        ],
        [
          0,
          577,
          509,
          172,
          132,
          75,
          61,
          3
        ]
      ]
    }
  }
}