beta,lambda_concentration,runs,pyvrp_cost_mean,pyvrp_cost_std,global_risk_mean,global_risk_std,global_cvar90_mean,global_cvar90_std,max_vehicle_risk_mean,max_vehicle_risk_std,max_vehicle_cvar90_mean,max_vehicle_cvar90_std,vehicle_risk_gini_mean,vehicle_risk_gini_std,risk_variance_mean,risk_variance_std,edge_burden_gini_used_mean,edge_burden_gini_used_std,top10_burden_share_mean,top10_burden_share_std,max_edge_burden_mean,max_edge_burden_std,cost_increase_pct,risk_reduction_pct
0.0,0.0,3,146220.66666666666,383.9379290111011,13.58321724459529,1.4691708385055744,0.22759994460847185,0.013087244743716102,4.541935201113422,0.35669902895218414,0.6451414012246661,0.03670206931427241,0.22125881552298607,0.023302572593831342,1.2563284372129422,0.240477975919558,0.8465772999961656,0.007127924200197388,0.8935237970280929,0.010135712987890217,1.412976821263631,0.5083767789194422,0.0,0.0
1.0,0.0,3,181895.66666666666,1172.0210464549402,7.518682348619525,0.0981029613304236,0.15006038957775872,0.008477855027354674,2.4213985961396247,0.24009354198872412,0.2847442037558981,0.05737751555982843,0.2268873453450888,0.030015066650095006,0.3938718296414743,0.09497965386051652,0.8067751797568951,0.0019263784874093293,0.8269642135523164,0.004470449934346091,0.879956841468811,0.0,0.24398055906369825,0.44647264243589807
