beta,lambda_concentration,runs,pyvrp_cost_mean,pyvrp_cost_std,global_risk_mean,global_risk_std,global_cvar90_mean,global_cvar90_std,max_vehicle_risk_mean,max_vehicle_risk_std,max_vehicle_cvar90_mean,max_vehicle_cvar90_std,vehicle_risk_gini_mean,vehicle_risk_gini_std,risk_variance_mean,risk_variance_std,edge_burden_gini_used_mean,edge_burden_gini_used_std,top10_burden_share_mean,top10_burden_share_std,max_edge_burden_mean,max_edge_burden_std,cost_increase_pct,risk_reduction_pct
0.0,0.0,10,133997.6,0.6992058987801011,7.7630690654635846,0.8782060000644443,0.22835161541999316,0.05322837524547056,2.2021062834146887,0.33927063154741155,0.3585215885869023,0.09536683446562799,0.14569077489841542,0.043264768549021844,0.19625602428854438,0.12227656435277522,0.8778503387001461,0.007798614991385875,0.8949552807834389,0.008435496694451145,1.141307577996374,0.26517837128884136,0.0,0.0
1.0,0.0,10,159086.5,249.3026941958978,2.9225861615026005,0.16210879226605104,0.07278274932955535,0.01079354667630248,1.0108769825893071,0.09270839460779672,0.12765896396274773,0.015892923720720514,0.3082465349401219,0.0630529528685955,0.10793797714105893,0.03474068741197878,0.8035073319660222,0.007800127046437072,0.7736032288454844,0.013682328195306017,0.7156655483736769,0.0,0.18723395045881414,0.6235269663508144
