beta,lambda_concentration,runs,pyvrp_cost_mean,pyvrp_cost_std,global_risk_mean,global_risk_std,global_cvar90_mean,global_cvar90_std,max_vehicle_risk_mean,max_vehicle_risk_std,max_vehicle_cvar90_mean,max_vehicle_cvar90_std,vehicle_risk_gini_mean,vehicle_risk_gini_std,risk_variance_mean,risk_variance_std,edge_burden_gini_used_mean,edge_burden_gini_used_std,top10_burden_share_mean,top10_burden_share_std,max_edge_burden_mean,max_edge_burden_std,cost_increase_pct,risk_reduction_pct
0.0,0.0,10,146930.6,561.251815141831,9.309401851584724,0.7178232145551485,0.2936909821526389,0.03381928758519021,3.038766321603582,0.23627601532051476,0.4239891316689226,0.04344927074180018,0.20751818483703324,0.04322871593833524,0.5288736478245335,0.17724676317978158,0.8761191583866129,0.004304113119675494,0.8971527700662062,0.006413763237892865,1.1246137194787804,0.22502941702189408,0.0,0.0
1.0,0.0,10,177471.2,226.5753737721732,3.7987408176837527,0.35127929725288815,0.08868333043200546,0.01926109617944166,1.563088736781886,0.22643832075734177,0.18364703434941243,0.016190816721631404,0.32282491719279155,0.06195147096695929,0.22711706963061715,0.09256519970750857,0.814247709147595,0.0077238298351655745,0.7899019932424018,0.014211812586012637,0.8668722209997153,0.0,0.20785731495005128,0.5919457685632411
