beta,lambda_concentration,runs,pyvrp_cost_mean,pyvrp_cost_std,global_risk_mean,global_risk_std,global_cvar90_mean,global_cvar90_std,max_vehicle_risk_mean,max_vehicle_risk_std,max_vehicle_cvar90_mean,max_vehicle_cvar90_std,vehicle_risk_gini_mean,vehicle_risk_gini_std,risk_variance_mean,risk_variance_std,edge_burden_gini_used_mean,edge_burden_gini_used_std,top10_burden_share_mean,top10_burden_share_std,max_edge_burden_mean,max_edge_burden_std,cost_increase_pct,risk_reduction_pct
0.0,0.0,10,133997.6,0.6992058987801011,7.93330854713418,0.8874714391799734,0.24569190616902267,0.04234334567569389,2.2829891562182083,0.41520307891385805,0.38582845001609833,0.10656345944221032,0.1403076160311934,0.052605062682446344,0.20873376875001398,0.17513697948770754,0.8630562916335883,0.00943228230728576,0.8886005687772747,0.011147169039957718,1.103932353464711,0.4021819299207213,0.0,0.0
1.0,0.0,10,159371.7,344.9041895947337,3.2502057311552606,0.07584777681924505,0.07018160769520321,0.002897386044707013,1.076786269965036,0.17913854194113746,0.1385261229508386,0.017491670696025554,0.27395277425809483,0.08173922830384979,0.11554040594388226,0.05855174916298203,0.7875838481496258,0.0049080279083854915,0.7780606003118341,0.0058354988185963744,0.726757900762799,1.1702778228589004e-16,0.18936234678830072,0.5903089219528779
