beta,lambda_concentration,runs,pyvrp_cost_mean,pyvrp_cost_std,global_risk_mean,global_risk_std,global_cvar90_mean,global_cvar90_std,max_vehicle_risk_mean,max_vehicle_risk_std,max_vehicle_cvar90_mean,max_vehicle_cvar90_std,vehicle_risk_gini_mean,vehicle_risk_gini_std,risk_variance_mean,risk_variance_std,edge_burden_gini_used_mean,edge_burden_gini_used_std,top10_burden_share_mean,top10_burden_share_std,max_edge_burden_mean,max_edge_burden_std,cost_increase_pct,risk_reduction_pct
0.0,0.0,10,133997.6,0.6992058987801011,8.251541902572535,0.8920558783656096,0.2560240753790419,0.046683831373008154,2.4457795815666943,0.2987100849102144,0.40331487186253073,0.09014598894446542,0.16186551641763242,0.040508609357762536,0.2636889022017983,0.13774681554276583,0.866119480845495,0.008397964542536988,0.8940320923370051,0.008485060682014772,1.14007927775383,0.401739491825659,0.0,0.0
1.0,0.0,10,161633.0,346.59614667345755,3.472934317518411,0.10139550932829458,0.07981214712911897,0.008624881297030075,1.1643230023997604,0.10109360233609654,0.13452921002482374,0.025124016858081365,0.2757414164191775,0.04982631552272377,0.12547582635811375,0.04507318806741161,0.8058217606194585,0.004542076464912183,0.7954568896963605,0.006399145687256543,0.8905753493309021,0.0,0.2062380221735314,0.5791169264454376
