{
  "model": "stable_tail_rc_gnn",
  "source_model": "gcn_teg_concat",
  "seed": 4,
  "delta": 0.03,
  "risk_mode": "exposure_floor",
  "exposure_delta": 0.01,
  "posthoc_formula": "clip(S_i_norm + delta * P_high * (1 - S_i_norm), 0, 1)",
  "risk_summaries": {
    "data_2020": {
      "edge_count": 6603,
      "risk_min": 5.108969275809092e-09,
      "risk_max": 0.9156679324415654,
      "risk_mean": 0.01979191043402808,
      "risk_p25": 0.0008506656293712987,
      "risk_p50": 0.0018727849852423013,
      "risk_p75": 0.004020935105494946,
      "risk_p90": 0.008718097903802529,
      "risk_p95": 0.08663698526445306,
      "risk_p99": 0.4402639498255808,
      "zero_risk_edge_count": 0,
      "zero_risk_edge_ratio": 0.0,
      "edge_attribute_zero_ratio": 0.928365894290474,
      "matrix_5x8": [
        [
          0,
          605,
          394,
          165,
          38,
          25,
          21,
          73
        ],
        [
          0,
          608,
          324,
          124,
          75,
          21,
          41,
          128
        ],
        [
          0,
          558,
          311,
          210,
          84,
          43,
          47,
          67
        ],
        [
          0,
          563,
          344,
          186,
          36,
          46,
          66,
          80
        ],
        [
          0,
          513,
          398,
          174,
          64,
          26,
          43,
          102
        ]
      ]
    },
    "data_2021": {
      "edge_count": 7647,
      "risk_min": 1.1920928690424641e-09,
      "risk_max": 0.904138693476632,
      "risk_mean": 0.01827780520870995,
      "risk_p25": 0.0008924590460413921,
      "risk_p50": 0.0019000164020525673,
      "risk_p75": 0.0037523322466531677,
      "risk_p90": 0.00862256046590066,
      "risk_p95": 0.07173375477896077,
      "risk_p99": 0.4354393091492531,
      "zero_risk_edge_count": 0,
      "zero_risk_edge_ratio": 0.0,
      "edge_attribute_zero_ratio": 0.9314763959722767,
      "matrix_5x8": [
        [
          0,
          681,
          529,
          185,
          49,
          15,
          30,
          41
        ],
        [
          0,
          742,
          340,
          166,
          71,
          71,
          45,
          94
        ],
        [
          0,
          649,
          408,
          207,
          69,
          92,
          44,
          61
        ],
        [
          0,
          609,
          378,
          176,
          91,
          143,
          81,
          51
        ],
        [
          0,
          570,
          485,
          178,
          69,
          88,
          54,
          85
        ]
      ]
    }
  }
}