{
  "model": "gcn_teg_concat",
  "split": "B",
  "seed": 1,
  "epochs": 50,
  "risk_mode": "exposure_floor",
  "exposure_delta": 0.01,
  "experiment_tag": "",
  "alpha_ord": 0.3,
  "alpha_hr": 0.5,
  "alpha_topk": 0.1,
  "metrics": {
    "data_2020_train": {
      "macro_f1": 0.4277356694919624,
      "weighted_f1": 0.7116033578631135,
      "mae": 0.7175234771392696,
      "qwk": 0.7164574576578122,
      "recall_6_8": 0.8,
      "precision_6_8": 0.7441860465116279,
      "pr_auc_high": 0.8653026515755299,
      "high_fn_rate": 0.2
    },
    "data_2021_train": {
      "macro_f1": 0.4648275551469446,
      "weighted_f1": 0.7143303281822628,
      "mae": 0.6218490087535274,
      "qwk": 0.7183985732931857,
      "recall_6_8": 0.8,
      "precision_6_8": 0.7407407407407407,
      "pr_auc_high": 0.8987831185966535,
      "high_fn_rate": 0.2
    },
    "data_2021_test": {
      "macro_f1": 0.2840924851847182,
      "weighted_f1": 0.614521304812567,
      "mae": 1.220495021660178,
      "qwk": 0.3234359645262225,
      "recall_6_8": 0.2692307692307692,
      "precision_6_8": 0.5,
      "pr_auc_high": 0.37658265304703964,
      "high_fn_rate": 0.7307692307692307
    }
  },
  "split_sizes": {
    "data_2020": {
      "train": 419,
      "val": 0,
      "test": 0
    },
    "data_2021": {
      "train": 221,
      "val": 0,
      "test": 222
    }
  },
  "risk_summaries": {
    "data_2020": {
      "edge_count": 6603,
      "risk_min": 0.0,
      "risk_max": 0.8959851861000061,
      "risk_mean": 0.019376952201128006,
      "risk_p25": 0.0006251684972085059,
      "risk_p50": 0.0014782664366066456,
      "risk_p75": 0.003803208004683256,
      "risk_p90": 0.00856585893779993,
      "risk_p95": 0.07809480279684067,
      "risk_p99": 0.43702995777130127,
      "zero_risk_edge_count": 4,
      "zero_risk_edge_ratio": 0.0006057852491291837,
      "edge_attribute_zero_ratio": 0.928365894290474,
      "matrix_5x8": [
        [
          4,
          697,
          334,
          103,
          67,
          33,
          67,
          16
        ],
        [
          0,
          693,
          265,
          99,
          73,
          39,
          82,
          70
        ],
        [
          0,
          652,
          274,
          124,
          120,
          27,
          75,
          48
        ],
        [
          0,
          668,
          292,
          117,
          62,
          35,
          99,
          48
        ],
        [
          0,
          573,
          373,
          127,
          74,
          29,
          99,
          45
        ]
      ]
    },
    "data_2021": {
      "edge_count": 7647,
      "risk_min": 0.0,
      "risk_max": 0.8681530356407166,
      "risk_mean": 0.016396677121520042,
      "risk_p25": 0.0006342841661535203,
      "risk_p50": 0.0014522609999403358,
      "risk_p75": 0.003443010151386261,
      "risk_p90": 0.008491300977766514,
      "risk_p95": 0.05945339426398277,
      "risk_p99": 0.428810715675354,
      "zero_risk_edge_count": 10,
      "zero_risk_edge_ratio": 0.0013077023669412842,
      "edge_attribute_zero_ratio": 0.9314763959722767,
      "matrix_5x8": [
        [
          1,
          845,
          379,
          190,
          28,
          22,
          62,
          3
        ],
        [
          3,
          854,
          275,
          113,
          62,
          91,
          83,
          48
        ],
        [
          1,
          766,
          327,
          161,
          89,
          68,
          83,
          35
        ],
        [
          2,
          745,
          332,
          161,
          125,
          48,
          80,
          36
        ],
        [
          3,
          735,
          387,
          130,
          56,
          69,
          124,
          25
        ]
      ]
    }
  }
}