beta,lambda_concentration,runs,pyvrp_cost_mean,pyvrp_cost_std,global_risk_mean,global_risk_std,global_cvar90_mean,global_cvar90_std,max_vehicle_risk_mean,max_vehicle_risk_std,max_vehicle_cvar90_mean,max_vehicle_cvar90_std,vehicle_risk_gini_mean,vehicle_risk_gini_std,risk_variance_mean,risk_variance_std,edge_burden_gini_used_mean,edge_burden_gini_used_std,top10_burden_share_mean,top10_burden_share_std,max_edge_burden_mean,max_edge_burden_std,cost_increase_pct,risk_reduction_pct
0.0,0.0,3,146220.66666666666,383.9379290111011,8.493491772033545,0.7894503251084666,0.25629714034610757,0.017448040722190708,3.064367317594588,0.3498102472300965,0.5149735176728831,0.07505261098408975,0.2835120065765205,0.03486411063095244,0.827861802568337,0.12520683541542837,0.8801190044263884,0.005875384788718983,0.9024538412799238,0.007004308584816126,1.2095167636871338,0.4269443561983391,0.0,0.0
1.0,0.0,3,178382.66666666666,662.15733276415,4.053967878745638,0.1236387063745959,0.09740510053661357,0.004270055066265752,1.7938743871248637,0.3384036981878966,0.18910317200546464,0.047392926819316686,0.3838673359168341,0.06675133810566512,0.3466553168135946,0.1738906984450979,0.8426799851251591,0.00589740304784113,0.8251847954483925,0.007630828738732175,0.9630203247070312,0.0,0.21995522748722252,0.5226971441716551
