beta,lambda_concentration,runs,pyvrp_cost_mean,pyvrp_cost_std,global_risk_mean,global_risk_std,global_cvar90_mean,global_cvar90_std,max_vehicle_risk_mean,max_vehicle_risk_std,max_vehicle_cvar90_mean,max_vehicle_cvar90_std,vehicle_risk_gini_mean,vehicle_risk_gini_std,risk_variance_mean,risk_variance_std,edge_burden_gini_used_mean,edge_burden_gini_used_std,top10_burden_share_mean,top10_burden_share_std,max_edge_burden_mean,max_edge_burden_std,cost_increase_pct,risk_reduction_pct
0.0,0.0,10,133997.6,0.6992058987801011,11.833187030884437,1.1195883472858565,0.2678350839565228,0.10665187284380662,3.2141323366435244,0.27309142150846766,0.4673705830223237,0.12625551961948586,0.13129466118687427,0.023548704902276542,0.35435988515369593,0.14270859799985972,0.8564771727630334,0.0070206180841030225,0.890104437880588,0.01081957932244641,1.4450412154197694,0.3829577795688598,0.0,0.0
1.0,0.0,10,161100.3,274.4651566633226,5.082990420330316,0.2811781712125262,0.09522148445732938,0.007172503544350394,1.7667781903408468,0.22556752571426056,0.18118115933168502,0.013679242063908944,0.2716333241775959,0.06647072645063282,0.26421226180477436,0.11014257029811737,0.792159663413199,0.00746494130695924,0.7887928589164993,0.010845252585975686,1.0099999904632568,0.0,0.20226257783721485,0.5704462029490146
