{
  "model": "gcn",
  "split": "B",
  "seed": 8,
  "epochs": 50,
  "risk_mode": "exposure_floor",
  "exposure_delta": 0.01,
  "uncertainty_tau": 0.0,
  "experiment_tag": "paper_comparison_10seed",
  "checkpoint_path": "D:\\PyVRP-main\\hazmat_risk_experiments\\outputs_10seed\\models\\checkpoints\\gcn_splitB_seed8_epochs50_paper_comparison_10seed.pt",
  "best_epoch": 38,
  "model_source": "checkpoint",
  "alpha_ord": 0.5,
  "alpha_hr": 1.0,
  "alpha_topk": 0.3,
  "lambda_nll": 0.0,
  "lambda_var": 0.0,
  "ec_delta_max": 0.05,
  "lambda_edge": 0.0,
  "lambda_edge_high": 0.0,
  "lambda_distill": 0.0,
  "lambda_delta": 0.0,
  "ec_teacher_epochs": 50,
  "gamma_unc": 0.5,
  "logvar_min": -5.0,
  "logvar_max": 2.0,
  "metrics": {
    "data_2020_train": {
      "macro_f1": 0.5605664120994309,
      "weighted_f1": 0.7354229237937078,
      "mae": 1.0665132015443308,
      "qwk": 0.6136058997016804,
      "recall_6_8": 0.575,
      "precision_6_8": 0.92,
      "pr_auc_high": 0.8212517505832899,
      "high_fn_rate": 0.425,
      "brier": 0.38111668825149536,
      "ece": 0.1618790214699037,
      "high_risk_recall_at_top10pct": 0.675,
      "high_risk_recall_at_top20pct": 0.925,
      "ndcg_at_top20pct": 0.844717295737008,
      "high_risk_hits_at_10": 9.0,
      "high_risk_hits_at_20": 17.0
    },
    "data_2021_train": {
      "macro_f1": 0.69605670249069,
      "weighted_f1": 0.7975063332445135,
      "mae": 0.8538386668843457,
      "qwk": 0.7112602535421326,
      "recall_6_8": 0.7,
      "precision_6_8": 0.9333333333333333,
      "pr_auc_high": 0.9396992111632204,
      "high_fn_rate": 0.3,
      "brier": 0.2895730137825012,
      "ece": 0.17311862263489852,
      "high_risk_recall_at_top10pct": 0.7,
      "high_risk_recall_at_top20pct": 0.95,
      "ndcg_at_top20pct": 0.8967298545103756,
      "high_risk_hits_at_10": 10.0,
      "high_risk_hits_at_20": 16.0
    },
    "data_2021_val": {
      "macro_f1": 0.35775862068965514,
      "weighted_f1": 0.7439080459770115,
      "mae": 1.4698449269374476,
      "qwk": 0.42501197891710585,
      "recall_6_8": 0.4,
      "precision_6_8": 0.6666666666666666,
      "pr_auc_high": 0.6092592592592592,
      "high_fn_rate": 0.6,
      "brier": 0.4364098012447357,
      "ece": 0.24004562430911594,
      "high_risk_recall_at_top10pct": 0.6,
      "high_risk_recall_at_top20pct": 0.8,
      "ndcg_at_top20pct": 0.681693330389617,
      "high_risk_hits_at_10": 4.0,
      "high_risk_hits_at_20": 4.0
    },
    "data_2021_test": {
      "macro_f1": 0.2726352624016695,
      "weighted_f1": 0.6028770586056459,
      "mae": 1.4075394701291677,
      "qwk": 0.2651362211839803,
      "recall_6_8": 0.23076923076923078,
      "precision_6_8": 0.5454545454545454,
      "pr_auc_high": 0.36151471451375927,
      "high_fn_rate": 0.7692307692307693,
      "brier": 0.5114412307739258,
      "ece": 0.12310691526881211,
      "high_risk_recall_at_top10pct": 0.38461538461538464,
      "high_risk_recall_at_top20pct": 0.5769230769230769,
      "ndcg_at_top20pct": 0.48603841192409347,
      "high_risk_hits_at_10": 6.0,
      "high_risk_hits_at_20": 9.0
    }
  },
  "split_sizes": {
    "data_2020": {
      "train": 419,
      "val": 0,
      "test": 0
    },
    "data_2021": {
      "train": 176,
      "val": 45,
      "test": 222
    }
  },
  "risk_summaries": {
    "data_2020": {
      "edge_count": 6603,
      "risk_min": 9.366443620706377e-09,
      "risk_max": 0.8600850105285645,
      "risk_mean": 0.020640980452299118,
      "risk_p25": 0.0016263127326965332,
      "risk_p50": 0.00248170574195683,
      "risk_p75": 0.00385054643265903,
      "risk_p90": 0.008531846106052399,
      "risk_p95": 0.1347830593585968,
      "risk_p99": 0.43173110485076904,
      "zero_risk_edge_count": 0,
      "zero_risk_edge_ratio": 0.0,
      "edge_attribute_zero_ratio": 0.928365894290474,
      "matrix_5x8": [
        [
          0,
          300,
          651,
          217,
          48,
          47,
          45,
          13
        ],
        [
          0,
          304,
          497,
          298,
          51,
          42,
          62,
          67
        ],
        [
          0,
          227,
          523,
          319,
          121,
          63,
          39,
          28
        ],
        [
          0,
          224,
          596,
          274,
          90,
          56,
          62,
          19
        ],
        [
          0,
          242,
          588,
          256,
          94,
          47,
          69,
          24
        ]
      ]
    },
    "data_2021": {
      "edge_count": 7647,
      "risk_min": 3.4059796649721363e-10,
      "risk_max": 0.8584684133529663,
      "risk_mean": 0.01831507310271263,
      "risk_p25": 0.0016493661096319556,
      "risk_p50": 0.0024733408354222775,
      "risk_p75": 0.0036874960642307997,
      "risk_p90": 0.00787922739982605,
      "risk_p95": 0.11945351213216782,
      "risk_p99": 0.39327937364578247,
      "zero_risk_edge_count": 0,
      "zero_risk_edge_ratio": 0.0,
      "edge_attribute_zero_ratio": 0.9314763959722767,
      "matrix_5x8": [
        [
          0,
          439,
          728,
          270,
          47,
          4,
          41,
          1
        ],
        [
          0,
          344,
          592,
          339,
          122,
          32,
          55,
          45
        ],
        [
          0,
          210,
          642,
          456,
          116,
          27,
          57,
          22
        ],
        [
          0,
          237,
          660,
          362,
          185,
          34,
          40,
          11
        ],
        [
          0,
          268,
          717,
          306,
          118,
          37,
          64,
          19
        ]
      ]
    }
  }
}