{
  "model": "ua_gnn",
  "split": "B",
  "seed": 2,
  "epochs": 50,
  "risk_mode": "exposure_floor",
  "exposure_delta": 0.01,
  "uncertainty_tau": 0.0,
  "experiment_tag": "ua_pretest_3seed",
  "alpha_ord": 0.3,
  "alpha_hr": 0.5,
  "alpha_topk": 0.1,
  "lambda_nll": 0.2,
  "lambda_var": 0.01,
  "metrics": {
    "data_2020_train": {
      "macro_f1": 0.344147500297695,
      "weighted_f1": 0.6466538848634594,
      "mae": 1.1299486767712645,
      "qwk": 0.39462675874146746,
      "recall_6_8": 0.35,
      "precision_6_8": 0.7,
      "pr_auc_high": 0.6345619017227283,
      "high_fn_rate": 0.65,
      "brier": 0.4142277240753174,
      "ece": 0.09352369510473102,
      "ordinal_nll": 0.8571066638800783,
      "uncertainty_mean": 1.5637673139572144,
      "correct_uncertainty": 1.510595440864563,
      "error_uncertainty": 1.6994003057479858,
      "error_uncertainty_corr": 0.15089780318937335,
      "high_fn_uncertainty": 1.8707365989685059
    },
    "data_2021_train": {
      "macro_f1": 0.3449269991015274,
      "weighted_f1": 0.6451289369158404,
      "mae": 1.016839580896958,
      "qwk": 0.4100162983328496,
      "recall_6_8": 0.36,
      "precision_6_8": 0.75,
      "pr_auc_high": 0.7835435104674549,
      "high_fn_rate": 0.64,
      "brier": 0.38078489899635315,
      "ece": 0.1069637240327861,
      "ordinal_nll": 0.740734612303054,
      "uncertainty_mean": 1.509196162223816,
      "correct_uncertainty": 1.448268175125122,
      "error_uncertainty": 1.658660888671875,
      "error_uncertainty_corr": 0.17119816010208563,
      "high_fn_uncertainty": 1.6556464433670044
    },
    "data_2021_test": {
      "macro_f1": 0.23707989637078664,
      "weighted_f1": 0.5732676134677515,
      "mae": 1.372224942294092,
      "qwk": 0.12241142489106804,
      "recall_6_8": 0.11538461538461539,
      "precision_6_8": 0.375,
      "pr_auc_high": 0.3807037079261088,
      "high_fn_rate": 0.8846153846153846,
      "brier": 0.5103776454925537,
      "ece": 0.061318781998780394,
      "ordinal_nll": 1.0894192797187565,
      "uncertainty_mean": 1.466766357421875,
      "correct_uncertainty": 1.354729175567627,
      "error_uncertainty": 1.6819955110549927,
      "error_uncertainty_corr": 0.2713536148685028,
      "high_fn_uncertainty": 1.8413165807724
    }
  },
  "split_sizes": {
    "data_2020": {
      "train": 419,
      "val": 0,
      "test": 0
    },
    "data_2021": {
      "train": 221,
      "val": 0,
      "test": 222
    }
  },
  "risk_summaries": {
    "data_2020": {
      "edge_count": 6603,
      "risk_min": 9.88926217360131e-07,
      "risk_max": 0.8330966234207153,
      "risk_mean": 0.01818089559674263,
      "risk_p25": 0.0015758243389427662,
      "risk_p50": 0.0024380721151828766,
      "risk_p75": 0.0032756244763731956,
      "risk_p90": 0.006410178262740374,
      "risk_p95": 0.13286463916301727,
      "risk_p99": 0.3669116199016571,
      "zero_risk_edge_count": 0,
      "zero_risk_edge_ratio": 0.0,
      "edge_attribute_zero_ratio": 0.928365894290474,
      "matrix_5x8": [
        [
          0,
          284,
          674,
          302,
          23,
          27,
          11,
          0
        ],
        [
          0,
          388,
          526,
          269,
          37,
          35,
          66,
          0
        ],
        [
          0,
          280,
          592,
          300,
          58,
          47,
          43,
          0
        ],
        [
          0,
          261,
          604,
          305,
          50,
          74,
          27,
          0
        ],
        [
          0,
          228,
          605,
          345,
          51,
          64,
          27,
          0
        ]
      ]
    },
    "data_2021": {
      "edge_count": 7647,
      "risk_min": 1.3927731743024196e-05,
      "risk_max": 0.847045361995697,
      "risk_mean": 0.01718914322555065,
      "risk_p25": 0.0016589389415457845,
      "risk_p50": 0.0024665736127644777,
      "risk_p75": 0.003321919357404113,
      "risk_p90": 0.006582682952284813,
      "risk_p95": 0.12575453519821167,
      "risk_p99": 0.3371252119541168,
      "zero_risk_edge_count": 0,
      "zero_risk_edge_ratio": 0.0,
      "edge_attribute_zero_ratio": 0.9314763959722767,
      "matrix_5x8": [
        [
          0,
          324,
          782,
          368,
          7,
          43,
          4,
          2
        ],
        [
          0,
          391,
          677,
          313,
          50,
          41,
          57,
          0
        ],
        [
          0,
          284,
          721,
          379,
          59,
          56,
          31,
          0
        ],
        [
          0,
          285,
          676,
          359,
          131,
          38,
          30,
          10
        ],
        [
          0,
          282,
          623,
          437,
          84,
          72,
          31,
          0
        ]
      ]
    }
  }
}