beta,lambda_concentration,runs,pyvrp_cost_mean,pyvrp_cost_std,global_risk_mean,global_risk_std,global_cvar90_mean,global_cvar90_std,max_vehicle_risk_mean,max_vehicle_risk_std,max_vehicle_cvar90_mean,max_vehicle_cvar90_std,vehicle_risk_gini_mean,vehicle_risk_gini_std,risk_variance_mean,risk_variance_std,edge_burden_gini_used_mean,edge_burden_gini_used_std,top10_burden_share_mean,top10_burden_share_std,max_edge_burden_mean,max_edge_burden_std,cost_increase_pct,risk_reduction_pct
0.0,0.0,10,146730.9,582.7275807213293,7.8967481224292255,0.6427201839793081,0.22610579484779808,0.021253480222623893,2.69367231487995,0.2778745869439648,0.410067822627191,0.08030268328060897,0.24727153575414906,0.03203458092313613,0.5373846773019701,0.16287586749714159,0.8804099425880038,0.005973689723189332,0.9032409184674867,0.006880401504475616,1.0408714771270753,0.3657249576917124,0.0,0.0
2.0,2.0,10,203337.0,193.43560513342246,1.9886806001815802,0.05977510913743974,0.03806136433710787,0.00217411294457945,0.779442037064291,0.03923686816420068,0.07362824834209247,0.01044177748320072,0.27504575937844883,0.03397776830881524,0.04437750713958654,0.009171496350425907,0.742341897512631,0.0049385893491125064,0.6743651694886442,0.00766421399012612,0.3396504521369934,0.0,0.3857817269573076,0.7481646154403917
