{
  "model": "stable_tail_rc_gnn",
  "source_model": "gcn_teg_concat",
  "seed": 0,
  "delta": 0.05,
  "risk_mode": "exposure_floor",
  "exposure_delta": 0.01,
  "posthoc_formula": "clip(S_i_norm + delta * P_high * (1 - S_i_norm), 0, 1)",
  "risk_summaries": {
    "data_2020": {
      "edge_count": 6603,
      "risk_min": 3.405990307908654e-10,
      "risk_max": 0.881042435829628,
      "risk_mean": 0.018599265115911555,
      "risk_p25": 0.0005695196775728995,
      "risk_p50": 0.0015474608807582284,
      "risk_p75": 0.003563589251191133,
      "risk_p90": 0.00861646150876404,
      "risk_p95": 0.08172210943380286,
      "risk_p99": 0.43562241434374754,
      "zero_risk_edge_count": 0,
      "zero_risk_edge_ratio": 0.0,
      "edge_attribute_zero_ratio": 0.928365894290474,
      "matrix_5x8": [
        [
          0,
          764,
          299,
          90,
          61,
          24,
          68,
          15
        ],
        [
          0,
          694,
          298,
          116,
          35,
          38,
          132,
          8
        ],
        [
          0,
          621,
          331,
          147,
          95,
          43,
          80,
          3
        ],
        [
          0,
          645,
          302,
          141,
          67,
          56,
          82,
          28
        ],
        [
          0,
          628,
          355,
          111,
          68,
          33,
          111,
          14
        ]
      ]
    },
    "data_2021": {
      "edge_count": 7647,
      "risk_min": 2.1191722016105563e-17,
      "risk_max": 0.8569544062890301,
      "risk_mean": 0.01592030962961715,
      "risk_p25": 0.0005989942470470502,
      "risk_p50": 0.0015402976812793252,
      "risk_p75": 0.0035272631757577427,
      "risk_p90": 0.008456756675945084,
      "risk_p95": 0.06973544344429072,
      "risk_p99": 0.41712103297309466,
      "zero_risk_edge_count": 1,
      "zero_risk_edge_ratio": 0.0001307702366941284,
      "edge_attribute_zero_ratio": 0.9314763959722767,
      "matrix_5x8": [
        [
          1,
          917,
          320,
          167,
          76,
          7,
          38,
          4
        ],
        [
          0,
          752,
          335,
          145,
          129,
          51,
          117,
          0
        ],
        [
          0,
          700,
          380,
          218,
          94,
          32,
          100,
          6
        ],
        [
          0,
          740,
          330,
          180,
          127,
          59,
          80,
          13
        ],
        [
          0,
          726,
          385,
          171,
          86,
          53,
          103,
          5
        ]
      ]
    }
  }
}