beta,lambda_concentration,runs,pyvrp_cost_mean,pyvrp_cost_std,global_risk_mean,global_risk_std,global_cvar90_mean,global_cvar90_std,max_vehicle_risk_mean,max_vehicle_risk_std,max_vehicle_cvar90_mean,max_vehicle_cvar90_std,vehicle_risk_gini_mean,vehicle_risk_gini_std,risk_variance_mean,risk_variance_std,edge_burden_gini_used_mean,edge_burden_gini_used_std,top10_burden_share_mean,top10_burden_share_std,max_edge_burden_mean,max_edge_burden_std,cost_increase_pct,risk_reduction_pct
0.0,0.0,10,133997.6,0.6992058987801011,6.152816654695198,0.7149365199346466,0.1755704219068964,0.03855482817043352,1.791872751039773,0.31475521804650597,0.3114187994144029,0.07217472488039663,0.1705295144284497,0.06278970107198495,0.16833500133265225,0.12780190953868326,0.8737958966204733,0.0062082624686929915,0.8903467417282769,0.007433950826330565,0.9233570456504822,0.10491960278353592,0.0,0.0
3.0,1.0,10,185506.3,325.1847509066534,1.4412738814022306,0.051933432168700104,0.02815650555218015,0.002199711614301099,0.43940035443520176,0.012450466205969507,0.04409829418485363,0.003313345083318187,0.21219642793450316,0.024173541692138176,0.012519508553444364,0.0022321883181958273,0.6811710526367408,0.012176247416118554,0.5931167683940501,0.01567002242548939,0.22484923899173737,0.0,0.38440016836122426,0.765753806380178
