beta,lambda_concentration,runs,pyvrp_cost_mean,pyvrp_cost_std,global_risk_mean,global_risk_std,global_cvar90_mean,global_cvar90_std,max_vehicle_risk_mean,max_vehicle_risk_std,max_vehicle_cvar90_mean,max_vehicle_cvar90_std,vehicle_risk_gini_mean,vehicle_risk_gini_std,risk_variance_mean,risk_variance_std,edge_burden_gini_used_mean,edge_burden_gini_used_std,top10_burden_share_mean,top10_burden_share_std,max_edge_burden_mean,max_edge_burden_std,cost_increase_pct,risk_reduction_pct
0.0,0.0,10,146930.6,561.251815141831,7.910752697141019,0.622205071166313,0.23092188710155628,0.025821933276631563,2.602257500280954,0.253730335641069,0.3927528332644056,0.06640385494992572,0.23865971551256857,0.032567103810764136,0.49219017353949857,0.13156662506793512,0.879100965036311,0.004848355243238231,0.901736842851584,0.006222876155713321,0.9584720599289668,0.2755413439099036,0.0,0.0
1.0,0.0,10,172997.0,718.880302198418,2.740055137148688,0.3042967054598098,0.05911143774004163,0.011269882301084097,0.9186296780097173,0.1411188555713424,0.09409111712562032,0.01666047567873603,0.2559106968989762,0.052093606533716794,0.06818048538215545,0.031266299616193906,0.7939928094890026,0.01959142439996643,0.7566393126951778,0.029761356501617552,0.3563771716084462,0.024573233438382816,0.1774062040174068,0.6536290234253423
