{
  "model": "gcn",
  "split": "B",
  "seed": 2,
  "epochs": 50,
  "risk_mode": "exposure_floor",
  "exposure_delta": 0.01,
  "experiment_tag": "",
  "alpha_ord": 0.5,
  "alpha_hr": 1.0,
  "alpha_topk": 0.3,
  "metrics": {
    "data_2020_train": {
      "macro_f1": 0.6147622473687382,
      "weighted_f1": 0.7724505109566614,
      "mae": 0.8944659338367034,
      "qwk": 0.6693589233924138,
      "recall_6_8": 0.75,
      "precision_6_8": 0.7894736842105263,
      "pr_auc_high": 0.8732892796500272,
      "high_fn_rate": 0.25
    },
    "data_2021_train": {
      "macro_f1": 0.7621351172047767,
      "weighted_f1": 0.8238194634843697,
      "mae": 0.7057071910425304,
      "qwk": 0.7968950204716607,
      "recall_6_8": 0.88,
      "precision_6_8": 0.88,
      "pr_auc_high": 0.9446946688949457,
      "high_fn_rate": 0.12
    },
    "data_2021_test": {
      "macro_f1": 0.3107095644847323,
      "weighted_f1": 0.6547971422132496,
      "mae": 1.2808145032897214,
      "qwk": 0.3267109413351238,
      "recall_6_8": 0.3076923076923077,
      "precision_6_8": 0.42105263157894735,
      "pr_auc_high": 0.3923904744797102,
      "high_fn_rate": 0.6923076923076923
    }
  },
  "split_sizes": {
    "data_2020": {
      "train": 419,
      "val": 0,
      "test": 0
    },
    "data_2021": {
      "train": 221,
      "val": 0,
      "test": 222
    }
  },
  "risk_summaries": {
    "data_2020": {
      "edge_count": 6603,
      "risk_min": 2.39270065094388e-07,
      "risk_max": 0.9561081528663635,
      "risk_mean": 0.02139228582382202,
      "risk_p25": 0.0013547663111239672,
      "risk_p50": 0.0023974929936230183,
      "risk_p75": 0.00404181657359004,
      "risk_p90": 0.00853352528065443,
      "risk_p95": 0.12951888144016266,
      "risk_p99": 0.43227851390838623,
      "zero_risk_edge_count": 0,
      "zero_risk_edge_ratio": 0.0,
      "edge_attribute_zero_ratio": 0.928365894290474,
      "matrix_5x8": [
        [
          0,
          367,
          480,
          292,
          88,
          12,
          69,
          13
        ],
        [
          0,
          458,
          430,
          163,
          89,
          42,
          129,
          10
        ],
        [
          0,
          372,
          432,
          241,
          134,
          61,
          76,
          4
        ],
        [
          0,
          379,
          435,
          251,
          84,
          48,
          86,
          38
        ],
        [
          0,
          299,
          504,
          254,
          107,
          31,
          115,
          10
        ]
      ]
    },
    "data_2021": {
      "edge_count": 7647,
      "risk_min": 1.0217938717360653e-09,
      "risk_max": 0.895763635635376,
      "risk_mean": 0.019261430948972702,
      "risk_p25": 0.0013817761791869998,
      "risk_p50": 0.002391671994701028,
      "risk_p75": 0.003916215151548386,
      "risk_p90": 0.00852228607982397,
      "risk_p95": 0.11157821118831635,
      "risk_p99": 0.42895323038101196,
      "zero_risk_edge_count": 0,
      "zero_risk_edge_ratio": 0.0,
      "edge_attribute_zero_ratio": 0.9314763959722767,
      "matrix_5x8": [
        [
          0,
          417,
          645,
          336,
          62,
          11,
          49,
          10
        ],
        [
          0,
          512,
          497,
          257,
          69,
          76,
          67,
          51
        ],
        [
          0,
          419,
          534,
          314,
          93,
          57,
          82,
          31
        ],
        [
          0,
          411,
          505,
          298,
          95,
          72,
          81,
          67
        ],
        [
          0,
          379,
          583,
          286,
          75,
          73,
          97,
          36
        ]
      ]
    }
  }
}