beta,lambda_concentration,runs,pyvrp_cost_mean,pyvrp_cost_std,global_risk_mean,global_risk_std,global_cvar90_mean,global_cvar90_std,max_vehicle_risk_mean,max_vehicle_risk_std,max_vehicle_cvar90_mean,max_vehicle_cvar90_std,vehicle_risk_gini_mean,vehicle_risk_gini_std,risk_variance_mean,risk_variance_std,edge_burden_gini_used_mean,edge_burden_gini_used_std,top10_burden_share_mean,top10_burden_share_std,max_edge_burden_mean,max_edge_burden_std,cost_increase_pct,risk_reduction_pct
0.0,0.0,10,133997.6,0.6992058987801011,10.641820645367261,1.0965748535209965,0.2616243286696861,0.08497949005406316,3.113351451733615,0.29582654369705935,0.43727519691500455,0.12590763969370866,0.16888395154630934,0.04370378041590636,0.48054748382955265,0.22631856797689764,0.8548399892004561,0.008224986661582301,0.8873773367984421,0.011654947734007545,1.510014498233795,0.3381219548214901,0.0,0.0
1.0,0.0,10,161827.7,318.85909462052706,4.107491100823973,0.44187275665612685,0.08355208895415042,0.012253243473436105,1.6037994817015715,0.2483036986604982,0.1616392870288017,0.02973723478467395,0.292306846100343,0.06987931495813174,0.2164240952927483,0.08218393946623652,0.758743975032732,0.021054151901011935,0.7532920013263017,0.027942343331519452,0.6539464473724366,0.012446852631053152,0.20769103327223776,0.614023648987853
