{
  "model": "edge_gat",
  "split": "B",
  "seed": 0,
  "epochs": 50,
  "risk_mode": "exposure_floor",
  "exposure_delta": 0.01,
  "experiment_tag": "10seed",
  "alpha_ord": 0.5,
  "alpha_hr": 1.0,
  "alpha_topk": 0.3,
  "metrics": {
    "data_2020_train": {
      "macro_f1": 0.6093713670883791,
      "weighted_f1": 0.7967986192131566,
      "mae": 0.8788775951796947,
      "qwk": 0.7237886803775266,
      "recall_6_8": 0.725,
      "precision_6_8": 0.8787878787878788,
      "pr_auc_high": 0.9213045318615264,
      "high_fn_rate": 0.275
    },
    "data_2021_train": {
      "macro_f1": 0.7594874971230521,
      "weighted_f1": 0.8480590855407188,
      "mae": 0.6748499118222493,
      "qwk": 0.8042472820828689,
      "recall_6_8": 0.88,
      "precision_6_8": 0.9166666666666666,
      "pr_auc_high": 0.9716317295642644,
      "high_fn_rate": 0.12
    },
    "data_2021_test": {
      "macro_f1": 0.294138608947931,
      "weighted_f1": 0.640839465209598,
      "mae": 1.2457004373964244,
      "qwk": 0.2930463473284577,
      "recall_6_8": 0.19230769230769232,
      "precision_6_8": 0.4166666666666667,
      "pr_auc_high": 0.35104888154701036,
      "high_fn_rate": 0.8076923076923077
    }
  },
  "split_sizes": {
    "data_2020": {
      "train": 419,
      "val": 0,
      "test": 0
    },
    "data_2021": {
      "train": 221,
      "val": 0,
      "test": 222
    }
  },
  "risk_summaries": {
    "data_2020": {
      "edge_count": 6603,
      "risk_min": 0.0,
      "risk_max": 0.8991173505783081,
      "risk_mean": 0.01997050829231739,
      "risk_p25": 0.0012783972779288888,
      "risk_p50": 0.002165414858609438,
      "risk_p75": 0.003624601988121867,
      "risk_p90": 0.008571702055633068,
      "risk_p95": 0.11257179826498032,
      "risk_p99": 0.4328709542751312,
      "zero_risk_edge_count": 11,
      "zero_risk_edge_ratio": 0.0016659094351052551,
      "edge_attribute_zero_ratio": 0.928365894290474,
      "matrix_5x8": [
        [
          5,
          468,
          553,
          151,
          48,
          15,
          51,
          30
        ],
        [
          0,
          452,
          459,
          184,
          66,
          18,
          53,
          89
        ],
        [
          0,
          371,
          433,
          319,
          81,
          22,
          54,
          40
        ],
        [
          1,
          381,
          480,
          240,
          70,
          47,
          48,
          54
        ],
        [
          5,
          358,
          554,
          184,
          70,
          24,
          74,
          51
        ]
      ]
    },
    "data_2021": {
      "edge_count": 7647,
      "risk_min": 0.0,
      "risk_max": 0.8581409454345703,
      "risk_mean": 0.01748410239815712,
      "risk_p25": 0.0012618780601769686,
      "risk_p50": 0.0021891924552619457,
      "risk_p75": 0.0034519487526267767,
      "risk_p90": 0.008452125824987888,
      "risk_p95": 0.10208543390035629,
      "risk_p99": 0.4003911316394806,
      "zero_risk_edge_count": 19,
      "zero_risk_edge_ratio": 0.00248463449718844,
      "edge_attribute_zero_ratio": 0.9314763959722767,
      "matrix_5x8": [
        [
          4,
          654,
          569,
          240,
          16,
          2,
          40,
          5
        ],
        [
          3,
          570,
          449,
          250,
          126,
          20,
          66,
          45
        ],
        [
          5,
          379,
          588,
          302,
          123,
          30,
          74,
          29
        ],
        [
          2,
          407,
          571,
          278,
          128,
          54,
          65,
          24
        ],
        [
          5,
          452,
          597,
          248,
          72,
          49,
          84,
          22
        ]
      ]
    }
  }
}