beta,lambda_concentration,runs,pyvrp_cost_mean,pyvrp_cost_std,global_risk_mean,global_risk_std,global_cvar90_mean,global_cvar90_std,max_vehicle_risk_mean,max_vehicle_risk_std,max_vehicle_cvar90_mean,max_vehicle_cvar90_std,vehicle_risk_gini_mean,vehicle_risk_gini_std,risk_variance_mean,risk_variance_std,edge_burden_gini_used_mean,edge_burden_gini_used_std,top10_burden_share_mean,top10_burden_share_std,max_edge_burden_mean,max_edge_burden_std,cost_increase_pct,risk_reduction_pct
0.0,0.0,10,146730.9,582.7275807213293,7.420932839418725,0.6492634918690072,0.21778832712203716,0.0416894167086499,2.362198650357459,0.39865689956162803,0.37504640971620873,0.08144757238097214,0.19378652325797435,0.061644025168220616,0.31343831054404825,0.17118709122365805,0.8781791189838305,0.006505720397041759,0.8905461224574068,0.008267789606790475,1.103269600868225,0.33513107074500537,0.0,0.0
3.0,1.0,10,219759.9,546.4522851997235,2.2912773865261933,0.009780232214353587,0.0428333711859427,8.857002457424181e-07,0.9367300366809201,0.04343234314412541,0.0975978246238889,0.01554550590711116,0.32915861407539715,0.029612506080696075,0.07867695666991473,0.012063431663562618,0.7726906927020801,0.002636987328098973,0.7124594665179493,0.0015490469811090546,0.6722076535224915,0.0,0.49770702694524466,0.6912413255708216
