beta,lambda_concentration,runs,pyvrp_cost_mean,pyvrp_cost_std,global_risk_mean,global_risk_std,global_cvar90_mean,global_cvar90_std,max_vehicle_risk_mean,max_vehicle_risk_std,max_vehicle_cvar90_mean,max_vehicle_cvar90_std,vehicle_risk_gini_mean,vehicle_risk_gini_std,risk_variance_mean,risk_variance_std,edge_burden_gini_used_mean,edge_burden_gini_used_std,top10_burden_share_mean,top10_burden_share_std,max_edge_burden_mean,max_edge_burden_std,cost_increase_pct,risk_reduction_pct
0.0,0.0,10,146730.9,582.7275807213293,9.69880848109599,0.5834019310441122,0.30064236897280056,0.02389352721797177,3.338207280462265,0.2629742192169648,0.47268178820355783,0.055650506931314146,0.2551829105578715,0.029095695347318498,0.8528757112994538,0.1852540463713797,0.8607776102692242,0.005060540210211328,0.8957760178005572,0.008984958961544033,1.0560841091711586,0.34594735063764376,0.0,0.0
1.0,0.0,10,180354.9,486.1546278934535,5.070561414220064,0.14137322476689762,0.14271633534303574,0.007313187513597852,1.9980868252980932,0.32271617922184115,0.21419430007942136,0.04326718516268776,0.3166303789972829,0.08660804876585741,0.3746312708927089,0.18209291868101313,0.8318349246110998,0.007090133196016876,0.8350408141593704,0.006932377364657746,0.8919868723937798,0.0,0.22915418633702922,0.47719749038208087
