beta,lambda_concentration,runs,pyvrp_cost_mean,pyvrp_cost_std,global_risk_mean,global_risk_std,global_cvar90_mean,global_cvar90_std,max_vehicle_risk_mean,max_vehicle_risk_std,max_vehicle_cvar90_mean,max_vehicle_cvar90_std,vehicle_risk_gini_mean,vehicle_risk_gini_std,risk_variance_mean,risk_variance_std,edge_burden_gini_used_mean,edge_burden_gini_used_std,top10_burden_share_mean,top10_burden_share_std,max_edge_burden_mean,max_edge_burden_std,cost_increase_pct,risk_reduction_pct
0.0,0.0,10,146730.9,582.7275807213293,8.357164025287272,0.6259566928195034,0.2391095919857519,0.023238161940423267,2.9448279896372695,0.16358664659625027,0.43428370251896836,0.05738232651594253,0.27472290170390723,0.024900602313150538,0.7195837812946053,0.17256410095241637,0.8836001135768831,0.006187419112724698,0.9021510212905419,0.006902912617376119,1.0715827703475953,0.34954289447777503,0.0,0.0
1.5,1.0,10,196086.0,364.8890242251745,2.5606200485297466,0.09198295104879005,0.04903646427969591,0.0029018627253899,0.9450558744469163,0.15467221936069253,0.10507824081661446,0.021206036385611624,0.2838667335051662,0.06231544858746252,0.07649455417390959,0.027330751441171017,0.7939972974008487,0.006290459678929684,0.7359564889079684,0.01004854461541975,0.42072001099586487,0.0,0.3363647329908016,0.693601795922341
