beta,lambda_concentration,runs,pyvrp_cost_mean,pyvrp_cost_std,global_risk_mean,global_risk_std,global_cvar90_mean,global_cvar90_std,max_vehicle_risk_mean,max_vehicle_risk_std,max_vehicle_cvar90_mean,max_vehicle_cvar90_std,vehicle_risk_gini_mean,vehicle_risk_gini_std,risk_variance_mean,risk_variance_std,edge_burden_gini_used_mean,edge_burden_gini_used_std,top10_burden_share_mean,top10_burden_share_std,max_edge_burden_mean,max_edge_burden_std,cost_increase_pct,risk_reduction_pct
0.0,0.0,10,133997.5,0.7071067811865476,10.623048380555701,0.9488477015347627,0.2412945177095925,0.09572037584560532,3.1209300029440783,0.535515086573233,0.4805680719949305,0.17667239682559613,0.15933118827743978,0.05586302173192341,0.4648264883563241,0.4278811622103246,0.8771498423535474,0.007775725170656851,0.9024636766744244,0.008729063768383004,1.4059998989105225,0.5112336835053072,0.0,0.0
1.0,0.0,10,157648.8,226.79741327155094,4.204841165061225,0.20540553299976175,0.07630420044913247,0.0031923269065227307,1.3262062579902705,0.1407183713973206,0.13265834758501677,0.019357639946418755,0.2634824250670972,0.05928936561969772,0.17123377038205206,0.06674290677391675,0.8263820941862143,0.0032952708503431382,0.8011564653148138,0.006444916842309033,1.0099999904632568,0.0,0.17650553181962342,0.6041775378940832
2.0,0.0,10,171864.9,549.9530181953929,3.698623077297816,0.1908984360221066,0.06912230636171954,0.006083847387518578,1.3267102925223297,0.09873542494324737,0.12953082339949018,0.020163980020102824,0.33297469838093663,0.055715961878019665,0.20686213127261946,0.05644703514451469,0.8088034921987655,0.01059284764625558,0.7726602151458959,0.015765574531207964,1.0099999904632568,0.0,0.282597809660628,0.6518303461680187
