beta,lambda_concentration,runs,pyvrp_cost_mean,pyvrp_cost_std,global_risk_mean,global_risk_std,global_cvar90_mean,global_cvar90_std,max_vehicle_risk_mean,max_vehicle_risk_std,max_vehicle_cvar90_mean,max_vehicle_cvar90_std,vehicle_risk_gini_mean,vehicle_risk_gini_std,risk_variance_mean,risk_variance_std,edge_burden_gini_used_mean,edge_burden_gini_used_std,top10_burden_share_mean,top10_burden_share_std,max_edge_burden_mean,max_edge_burden_std,cost_increase_pct,risk_reduction_pct
0.0,0.0,3,133997.33333333334,0.5773502691896258,8.560855406782744,1.039975909058682,0.2795194024178937,0.05521758766132823,2.448470955598168,0.1795178714529001,0.3920173120788402,0.04917272911496333,0.13325741678489478,0.021784225793796932,0.20905589775556077,0.09796336009786302,0.8684298524151303,0.0013598835451659574,0.8973298782009295,0.002353128900678413,0.8815152049064636,0.0,0.0,0.0
1.0,0.0,3,159207.33333333334,327.33214527958194,3.4540368148930916,0.01303507557516181,0.08424139474761205,0.013282976560847823,1.2153055717159684,0.09156915201879653,0.15087345464243776,0.012837847696548268,0.3228550495872334,0.030147701557740745,0.15936639705563524,0.027334029766174973,0.8184682147395232,0.0073476109759094054,0.7986728152660412,0.00684858587227105,0.8113341927528381,0.0,0.1881380723994507,0.596531345202132
