beta,lambda_concentration,runs,pyvrp_cost_mean,pyvrp_cost_std,global_risk_mean,global_risk_std,global_cvar90_mean,global_cvar90_std,max_vehicle_risk_mean,max_vehicle_risk_std,max_vehicle_cvar90_mean,max_vehicle_cvar90_std,vehicle_risk_gini_mean,vehicle_risk_gini_std,risk_variance_mean,risk_variance_std,edge_burden_gini_used_mean,edge_burden_gini_used_std,top10_burden_share_mean,top10_burden_share_std,max_edge_burden_mean,max_edge_burden_std,cost_increase_pct,risk_reduction_pct
0.0,0.0,10,146730.9,582.7275807213293,9.275490823406267,0.690845394229281,0.2919173036967665,0.032638321440659354,3.0214392695619607,0.22840468854616325,0.42975468585533755,0.04904012343695053,0.20901896113610957,0.03673628868773554,0.5452269665600438,0.16867427074659977,0.8771108453190795,0.005478350594996758,0.8984824339939586,0.0075074339845464825,1.1844574332237243,0.3022662490930271,0.0,0.0
2.0,1.0,10,211210.4,628.8501322961528,2.8467074343135663,0.016922482422549272,0.05428737850672344,0.0013387546856919118,1.1997899178981697,0.18180141859171994,0.13774641815083796,0.016676132926860144,0.3292312094089943,0.07324510264745157,0.1328199536652988,0.06344209228977936,0.7785105920931681,0.0022620715246091283,0.7299226307366998,0.0028565045996615844,0.8629770874977112,0.0,0.4394404995812062,0.6930936067414646
