{
  "name": "fusion_gcn_teg_low_rho025_splitB_seed4_epochs50_10seed_floor_0p01",
  "risk_dirs": [
    "D:\\PyVRP-main\\hazmat_risk_experiments\\outputs_10seed\\risk_matrices\\gcn_splitB_seed4_epochs50_10seed_floor_0p01",
    "D:\\PyVRP-main\\hazmat_risk_experiments\\outputs_10seed\\risk_matrices\\teg_gnn_splitB_seed4_epochs50_teg_low_tail_10seed_floor_0p01"
  ],
  "weights": [
    0.75,
    0.25
  ],
  "ensemble": "mean node probabilities",
  "summaries": [
    {
      "year": "data_2020",
      "edge_count": 6603,
      "risk_mean": 0.0203324747285482,
      "risk_p95": 0.11583295808746479,
      "risk_p99": 0.43255947322744137,
      "risk_max": 0.9269392088172026
    },
    {
      "year": "data_2021",
      "edge_count": 7647,
      "risk_mean": 0.018482170879182996,
      "risk_p95": 0.1064823989809254,
      "risk_p99": 0.43052878352442475,
      "risk_max": 0.8611548611465635
    }
  ]
}