beta,lambda_concentration,runs,pyvrp_cost_mean,pyvrp_cost_std,global_risk_mean,global_risk_std,global_cvar90_mean,global_cvar90_std,max_vehicle_risk_mean,max_vehicle_risk_std,max_vehicle_cvar90_mean,max_vehicle_cvar90_std,vehicle_risk_gini_mean,vehicle_risk_gini_std,risk_variance_mean,risk_variance_std,edge_burden_gini_used_mean,edge_burden_gini_used_std,top10_burden_share_mean,top10_burden_share_std,max_edge_burden_mean,max_edge_burden_std,cost_increase_pct,risk_reduction_pct
0.0,0.0,10,146730.9,582.7275807213293,7.538579416761569,0.6559607102317608,0.22123900304367164,0.042274230076050724,2.3951788047708287,0.4003273971246,0.3797837030666093,0.08191905498285058,0.19299695143185275,0.061318592893733974,0.3205514156226035,0.17437043070563388,0.8780492365619296,0.006464610513938705,0.890605464662119,0.008240206089215446,1.122670430615258,0.3317539985683111,0.0,0.0
1.0,0.0,10,175245.6,398.41943281477177,3.2444462473262616,0.22205170711018363,0.08305295843962732,0.006547139095792599,1.3135173245717353,0.04265675460809677,0.15449863447962947,0.02449626683236699,0.33203525672695733,0.04442273883992031,0.1713737150475581,0.04026084867065406,0.8177769801856888,0.009151449037213726,0.7883138193950476,0.0134950991214382,0.6829482593127969,1.1702778228589004e-16,0.19433329993886778,0.5696210031145915
