beta,lambda_concentration,runs,pyvrp_cost_mean,pyvrp_cost_std,global_risk_mean,global_risk_std,global_cvar90_mean,global_cvar90_std,max_vehicle_risk_mean,max_vehicle_risk_std,max_vehicle_cvar90_mean,max_vehicle_cvar90_std,vehicle_risk_gini_mean,vehicle_risk_gini_std,risk_variance_mean,risk_variance_std,edge_burden_gini_used_mean,edge_burden_gini_used_std,top10_burden_share_mean,top10_burden_share_std,max_edge_burden_mean,max_edge_burden_std,cost_increase_pct,risk_reduction_pct
0.0,0.0,10,133997.6,0.6992058987801011,8.904276464698203,0.934623415366081,0.27710046256628507,0.05030516038505352,2.521855722824937,0.30310842318120085,0.3965658239031984,0.09528816890259671,0.1464597199831983,0.0412798037194992,0.2553612378294071,0.15045813398378596,0.873996499305278,0.006781680373254257,0.8969589005432315,0.007731023931504326,1.3601177872786185,0.2675807500484341,0.0,0.0
1.0,0.0,10,158389.7,325.8933192864738,3.234523606342846,0.17234311288850368,0.06983009604850383,0.005432045246262118,1.23861258868344,0.13581602859644284,0.1432994430904188,0.024083165763050675,0.32264471139608264,0.02789446867625483,0.14439016778095223,0.025637350265540832,0.8000935643573504,0.011848650124940806,0.7694179598490808,0.016608730370853343,0.5969671766611706,0.0,0.18203385732281777,0.6367449259727009
