{
  "model": "gcn_teg_concat",
  "split": "B",
  "seed": 2,
  "epochs": 50,
  "risk_mode": "exposure_floor",
  "exposure_delta": 0.01,
  "experiment_tag": "",
  "alpha_ord": 0.3,
  "alpha_hr": 0.5,
  "alpha_topk": 0.1,
  "metrics": {
    "data_2020_train": {
      "macro_f1": 0.4013037867399375,
      "weighted_f1": 0.7075436070169003,
      "mae": 0.8287249728397355,
      "qwk": 0.6605868980114453,
      "recall_6_8": 0.725,
      "precision_6_8": 0.6444444444444445,
      "pr_auc_high": 0.7804405934883852,
      "high_fn_rate": 0.275
    },
    "data_2021_train": {
      "macro_f1": 0.47227060258384246,
      "weighted_f1": 0.7397311327764368,
      "mae": 0.6545978682338891,
      "qwk": 0.713691020798632,
      "recall_6_8": 0.8,
      "precision_6_8": 0.7692307692307693,
      "pr_auc_high": 0.8888723557144611,
      "high_fn_rate": 0.2
    },
    "data_2021_test": {
      "macro_f1": 0.29815072725311154,
      "weighted_f1": 0.6494878483658287,
      "mae": 1.1367576005386613,
      "qwk": 0.3644300658285886,
      "recall_6_8": 0.34615384615384615,
      "precision_6_8": 0.42857142857142855,
      "pr_auc_high": 0.39854729241197756,
      "high_fn_rate": 0.6538461538461539
    }
  },
  "split_sizes": {
    "data_2020": {
      "train": 419,
      "val": 0,
      "test": 0
    },
    "data_2021": {
      "train": 221,
      "val": 0,
      "test": 222
    }
  },
  "risk_summaries": {
    "data_2020": {
      "edge_count": 6603,
      "risk_min": 3.097738385804405e-07,
      "risk_max": 0.9310483932495117,
      "risk_mean": 0.019495783373713493,
      "risk_p25": 0.0007315743714570999,
      "risk_p50": 0.0016250967746600509,
      "risk_p75": 0.0038032231386750937,
      "risk_p90": 0.008495851419866085,
      "risk_p95": 0.08034616708755493,
      "risk_p99": 0.4290405213832855,
      "zero_risk_edge_count": 0,
      "zero_risk_edge_ratio": 0.0,
      "edge_attribute_zero_ratio": 0.928365894290474,
      "matrix_5x8": [
        [
          0,
          667,
          303,
          174,
          48,
          46,
          60,
          23
        ],
        [
          0,
          722,
          215,
          127,
          66,
          39,
          80,
          72
        ],
        [
          0,
          619,
          244,
          191,
          72,
          95,
          70,
          29
        ],
        [
          0,
          623,
          303,
          137,
          58,
          55,
          98,
          47
        ],
        [
          0,
          573,
          330,
          170,
          65,
          54,
          101,
          27
        ]
      ]
    },
    "data_2021": {
      "edge_count": 7647,
      "risk_min": 3.4059796649721363e-10,
      "risk_max": 0.9009861350059509,
      "risk_mean": 0.017853252589702606,
      "risk_p25": 0.0007695019012317061,
      "risk_p50": 0.0017067972803488374,
      "risk_p75": 0.004010531585663557,
      "risk_p90": 0.00848927441984415,
      "risk_p95": 0.07138009369373322,
      "risk_p99": 0.42713215947151184,
      "zero_risk_edge_count": 0,
      "zero_risk_edge_ratio": 0.0,
      "edge_attribute_zero_ratio": 0.9314763959722767,
      "matrix_5x8": [
        [
          0,
          749,
          449,
          150,
          110,
          8,
          48,
          16
        ],
        [
          0,
          783,
          336,
          106,
          103,
          41,
          92,
          68
        ],
        [
          0,
          689,
          346,
          188,
          145,
          29,
          94,
          39
        ],
        [
          0,
          672,
          334,
          164,
          139,
          49,
          108,
          63
        ],
        [
          0,
          639,
          437,
          136,
          94,
          41,
          116,
          66
        ]
      ]
    }
  }
}