beta,lambda_concentration,runs,pyvrp_cost_mean,pyvrp_cost_std,global_risk_mean,global_risk_std,global_cvar90_mean,global_cvar90_std,max_vehicle_risk_mean,max_vehicle_risk_std,max_vehicle_cvar90_mean,max_vehicle_cvar90_std,vehicle_risk_gini_mean,vehicle_risk_gini_std,risk_variance_mean,risk_variance_std,edge_burden_gini_used_mean,edge_burden_gini_used_std,top10_burden_share_mean,top10_burden_share_std,max_edge_burden_mean,max_edge_burden_std,cost_increase_pct,risk_reduction_pct
0.0,0.0,10,146730.9,582.7275807213293,10.02988628937204,0.7406525786345837,0.1899734345175752,0.07505523727480372,3.508987876176252,0.1845640629147658,0.5000717914672126,0.09405502125447117,0.27111472365543116,0.023884634591052598,1.0095911367159203,0.22903528330712375,0.8858028194183628,0.005908431024647426,0.9026841276444767,0.00691500580321589,1.3103480815887452,0.36347835015640506,0.0,0.0
1.0,0.0,10,172961.2,376.58636312124855,3.469104048316013,0.19979341768120032,0.055897556048800465,0.0047311124967293105,1.2035950972826284,0.06772750975209268,0.09783985194676217,0.02089728811961558,0.2685510940947694,0.040675596836734496,0.11931787035782741,0.03507329390204088,0.8133907184630408,0.007601827554162318,0.7625302112274476,0.010395670414066463,0.5631649672985077,0.09365450262808139,0.17876466374839942,0.6541232923056535
2.0,0.0,10,186046.0,201.06217943710845,3.20333885347225,0.1257542546387021,0.05068024176426922,0.0019089218503545468,1.1911955388859496,0.0,0.07518518942275217,0.0010115946254170571,0.28434767122116317,0.03028829234408841,0.1118579824000375,0.013762605157074406,0.8011986313697241,0.005438566793690071,0.7440198395732577,0.007535618986516242,0.5049999952316284,0.0,0.2679401543914745,0.6806206211064145
