beta,lambda_concentration,runs,pyvrp_cost_mean,pyvrp_cost_std,global_risk_mean,global_risk_std,global_cvar90_mean,global_cvar90_std,max_vehicle_risk_mean,max_vehicle_risk_std,max_vehicle_cvar90_mean,max_vehicle_cvar90_std,vehicle_risk_gini_mean,vehicle_risk_gini_std,risk_variance_mean,risk_variance_std,edge_burden_gini_used_mean,edge_burden_gini_used_std,top10_burden_share_mean,top10_burden_share_std,max_edge_burden_mean,max_edge_burden_std,cost_increase_pct,risk_reduction_pct
0.0,0.0,5,146531.2,556.7375503771952,8.816814359958517,0.7241828256490008,0.26452116111841606,0.031178803193718217,2.848010806099046,0.24652452364049443,0.42213901958295275,0.04402006830015726,0.20529736978129023,0.01610377446434793,0.46398259575337464,0.11973937033249021,0.8397573749971811,0.0070034916202277656,0.8708136010407248,0.008703506485369572,1.13204824924469,0.3101633056508614,0.0,0.0
1.0,0.0,5,181168.4,277.62978946791713,4.316387035674415,0.24654872196253355,0.08642892731959378,0.017676295311660793,1.4812297900440172,0.3495778161386528,0.1768611260822841,0.04577541813947655,0.25755670509548956,0.0877722326267247,0.18388774435074412,0.11401222744246625,0.747712710244002,0.008507192328576172,0.7473049871259626,0.012067245826658322,0.8544294834136963,0.0,0.23638105741302862,0.5104368925722471
