beta,lambda_concentration,runs,pyvrp_cost_mean,pyvrp_cost_std,global_risk_mean,global_risk_std,global_cvar90_mean,global_cvar90_std,max_vehicle_risk_mean,max_vehicle_risk_std,max_vehicle_cvar90_mean,max_vehicle_cvar90_std,vehicle_risk_gini_mean,vehicle_risk_gini_std,risk_variance_mean,risk_variance_std,edge_burden_gini_used_mean,edge_burden_gini_used_std,top10_burden_share_mean,top10_burden_share_std,max_edge_burden_mean,max_edge_burden_std,cost_increase_pct,risk_reduction_pct
0.0,0.0,3,133997.33333333334,0.5773502691896258,16.6044437084347,1.3184365941330727,0.28263668732994646,0.2832586140327407,4.523799693832795,0.331028481284092,0.5508826474348704,0.04600095275189738,0.14616610675274214,0.0158032257208263,0.8276821856475777,0.3045505774798034,0.8193056322252094,0.0004098500658839846,0.8617273041106902,0.02674075343156542,1.867199420928955,0.0,0.0,0.0
1.0,0.0,3,167487.0,309.34931711578093,7.60324418808644,0.47462837890080617,0.05475161500340661,0.005070713804740465,2.789189409619818,0.5791089860360314,0.1463326505094609,0.016743260272806714,0.22950118271083944,0.07197932032560597,0.5277249681428147,0.3267979391359016,0.7418463172713693,0.012172044249340468,0.7515265553681635,0.014939171005813795,1.0099999904632568,0.0,0.24992785926088074,0.5420958195531299
