delta,seeds,risk_mean_mean,risk_mean_std,risk_p50_mean,risk_p50_std,risk_p75_mean,risk_p75_std,risk_p90_mean,risk_p90_std,risk_p95_mean,risk_p95_std,risk_p99_mean,risk_p99_std,risk_max_mean,risk_max_std,tail_gap_mean
0.03,10,0.016194025889058675,0.001464213523071588,0.0016264990570185977,0.00014648659800961528,0.0036310356667145303,0.0004454320106483925,0.008279853904693208,0.00039411417013486723,0.06312418620710775,0.0056676502889174305,0.41631240676329817,0.022307147814951127,0.8727344671349091,0.018620002508945736,0.3531882205561904
0.05,10,0.016294991927896345,0.0014709521816243746,0.0016405191981760142,0.00015020135299576753,0.0036623414066833757,0.00044704387171122284,0.008311740501948692,0.00038990836119045873,0.06354931943910105,0.005601091095897099,0.4180829980076263,0.022047120883188855,0.8753006816780042,0.01819377595918813,0.35453367856852525
0.08,10,0.016446460310552802,0.0014811047387744102,0.0016616435639597528,0.000153513738029448,0.0037119563573179736,0.00045314639044322596,0.008359570397831922,0.00038360859144016243,0.06419427515827028,0.0055556710766911654,0.42051796923784607,0.021605434781878496,0.8791500034926467,0.01755478808875139,0.35632369407957576
