beta,lambda_concentration,runs,pyvrp_cost_mean,pyvrp_cost_std,global_risk_mean,global_risk_std,global_cvar90_mean,global_cvar90_std,max_vehicle_risk_mean,max_vehicle_risk_std,max_vehicle_cvar90_mean,max_vehicle_cvar90_std,vehicle_risk_gini_mean,vehicle_risk_gini_std,risk_variance_mean,risk_variance_std,edge_burden_gini_used_mean,edge_burden_gini_used_std,top10_burden_share_mean,top10_burden_share_std,max_edge_burden_mean,max_edge_burden_std,cost_increase_pct,risk_reduction_pct
0.0,0.0,10,133997.6,0.6992058987801011,8.128117647366162,0.8382846020767037,0.24650591013988038,0.03880580650637282,2.3536833040900094,0.4358932177889647,0.3945571526341761,0.10133953502480175,0.13733733088868477,0.05040390868910815,0.21831762969899313,0.1864082889482745,0.8462242222497245,0.009028520214062764,0.8725718213753841,0.007949297634139756,1.11455157995224,0.4141381243115023,0.0,0.0
1.0,0.0,10,161268.8,255.0572049125015,3.584321304420155,0.194421754478583,0.08131636829291336,0.013158427483428357,1.1444085430150153,0.1335591427635687,0.14275377188321378,0.02104124880963053,0.2715742884563578,0.06648065053143094,0.12953158864062425,0.052825363377670985,0.7518087408932902,0.009793874263952255,0.7451253866401507,0.013193866279899635,0.8146808743476868,0.0,0.20352006304590517,0.559021970408834
