beta,lambda_concentration,runs,pyvrp_cost_mean,pyvrp_cost_std,global_risk_mean,global_risk_std,global_cvar90_mean,global_cvar90_std,max_vehicle_risk_mean,max_vehicle_risk_std,max_vehicle_cvar90_mean,max_vehicle_cvar90_std,vehicle_risk_gini_mean,vehicle_risk_gini_std,risk_variance_mean,risk_variance_std,edge_burden_gini_used_mean,edge_burden_gini_used_std,top10_burden_share_mean,top10_burden_share_std,max_edge_burden_mean,max_edge_burden_std,cost_increase_pct,risk_reduction_pct
0.0,0.0,10,146730.9,582.7275807213293,14.086168785276822,0.9055980710193817,0.36016447457213596,0.10841111128596984,4.368801368563436,0.33886283263315986,0.6211964186742194,0.08019498394731407,0.19628502341778212,0.03201076829030894,1.0628699501640804,0.2917437542419716,0.8481087236777803,0.004833451796924427,0.8885630895283141,0.014157435489237327,1.4710888385772705,0.2804789817124983,0.0,0.0
1.5,1.0,10,218509.4,815.0881615574546,5.21614848987665,0.011016276328288188,0.09708150589595874,0.002460434382117344,2.3400993426330388,0.11979668838212572,0.22800709102598446,0.024598541527109115,0.4058525154631005,0.020076885098401685,0.6214971663357353,0.06938685557122012,0.753885444773476,0.0015617153673361,0.7485945570390451,0.00204639805418648,1.0787785053253174,0.0,0.4891846230071512,0.6296971469396764
2.0,1.0,10,229736.7,757.2995957860917,5.222445054585114,0.010040594983466659,0.09795823890496427,0.0025204485674429327,2.143169400538318,0.20796159763220712,0.23207467218476632,0.005280975755190468,0.39421474827857084,0.014842055375188267,0.6041121271471909,0.03442872411201406,0.7532999278869067,0.0015194758169736317,0.7481317223382952,0.0016387581281053548,1.0787785053253174,0.0,0.5657008850896439,0.6292501435845097
