beta,lambda_concentration,runs,pyvrp_cost_mean,pyvrp_cost_std,global_risk_mean,global_risk_std,global_cvar90_mean,global_cvar90_std,max_vehicle_risk_mean,max_vehicle_risk_std,max_vehicle_cvar90_mean,max_vehicle_cvar90_std,vehicle_risk_gini_mean,vehicle_risk_gini_std,risk_variance_mean,risk_variance_std,edge_burden_gini_used_mean,edge_burden_gini_used_std,top10_burden_share_mean,top10_burden_share_std,max_edge_burden_mean,max_edge_burden_std,cost_increase_pct,risk_reduction_pct
0.0,0.0,10,146730.9,582.7275807213293,9.087849223343705,0.5372306162231623,0.28798132669044435,0.024453223877047247,3.104611559549812,0.24931473826935788,0.42807741256696835,0.059793068633498994,0.23471450995271192,0.030302691048965106,0.6408073773193055,0.18638714974103446,0.8694222461991894,0.00566860655722596,0.90050640527998,0.009769941025582879,1.0264158844947815,0.3595292398070328,0.0,0.0
1.0,0.0,10,180947.7,247.33380503099676,4.617416565887789,0.18918958595673177,0.10540895702258568,0.01977449368503312,1.6316564103210112,0.29793664220956134,0.1913764900913728,0.02807607208149784,0.31875760737714415,0.06841062460873132,0.30722883612958796,0.1539843783455386,0.8391430790822051,0.0037703556683283943,0.8352273756167552,0.00740862233846093,0.7359781265258789,0.0,0.23319423516110116,0.4919131631247082
1.0,1.0,10,200208.9,842.3247526274465,3.9570895452094588,0.14560616382946828,0.08410425032757406,0.004035522483743764,1.5214107424835674,0.0128760801090028,0.18568630428718672,0.006231147275332172,0.3328487817089214,0.02466311544792764,0.22843453609515912,0.022108498178126736,0.8279009736239008,0.0029595563609693056,0.8122377956506293,0.005484614241032305,0.7359781265258789,0.0,0.36446310899749135,0.5645735918411192
