{
  "model": "weighted_gcn",
  "split": "B",
  "seed": 6,
  "epochs": 50,
  "risk_mode": "exposure_floor",
  "exposure_delta": 0.01,
  "experiment_tag": "10seed",
  "alpha_ord": 0.5,
  "alpha_hr": 1.0,
  "alpha_topk": 0.3,
  "metrics": {
    "data_2020_train": {
      "macro_f1": 0.646565815222989,
      "weighted_f1": 0.7137670147186059,
      "mae": 1.2736003586816615,
      "qwk": 0.6930315784326946,
      "recall_6_8": 0.85,
      "precision_6_8": 0.6938775510204082,
      "pr_auc_high": 0.8223911481085945,
      "high_fn_rate": 0.15
    },
    "data_2021_train": {
      "macro_f1": 0.7503749062396322,
      "weighted_f1": 0.79049546845679,
      "mae": 1.1269257659911984,
      "qwk": 0.7794661013749319,
      "recall_6_8": 0.84,
      "precision_6_8": 0.84,
      "pr_auc_high": 0.9245245382412567,
      "high_fn_rate": 0.16
    },
    "data_2021_test": {
      "macro_f1": 0.32039517739240875,
      "weighted_f1": 0.5715264009547723,
      "mae": 1.5801096342070386,
      "qwk": 0.3400539698558609,
      "recall_6_8": 0.34615384615384615,
      "precision_6_8": 0.4090909090909091,
      "pr_auc_high": 0.3343039000869707,
      "high_fn_rate": 0.6538461538461539
    }
  },
  "split_sizes": {
    "data_2020": {
      "train": 419,
      "val": 0,
      "test": 0
    },
    "data_2021": {
      "train": 221,
      "val": 0,
      "test": 222
    }
  },
  "risk_summaries": {
    "data_2020": {
      "edge_count": 6603,
      "risk_min": 5.914228313486092e-05,
      "risk_max": 0.8610088229179382,
      "risk_mean": 0.01985984854400158,
      "risk_p25": 0.002949787536635995,
      "risk_p50": 0.0038775696884840727,
      "risk_p75": 0.004954780917614698,
      "risk_p90": 0.008344260044395924,
      "risk_p95": 0.1059994101524353,
      "risk_p99": 0.422589510679245,
      "zero_risk_edge_count": 0,
      "zero_risk_edge_ratio": 0.0,
      "edge_attribute_zero_ratio": 0.928365894290474,
      "matrix_5x8": [
        [
          0,
          62,
          212,
          648,
          293,
          29,
          65,
          12
        ],
        [
          0,
          65,
          311,
          454,
          287,
          69,
          127,
          8
        ],
        [
          0,
          82,
          246,
          543,
          293,
          79,
          75,
          2
        ],
        [
          0,
          77,
          238,
          517,
          315,
          77,
          69,
          28
        ],
        [
          0,
          161,
          326,
          436,
          237,
          40,
          111,
          9
        ]
      ]
    },
    "data_2021": {
      "edge_count": 7647,
      "risk_min": 5.646432782668853e-06,
      "risk_max": 0.8551790118217468,
      "risk_mean": 0.01743825152516365,
      "risk_p25": 0.00292962440289557,
      "risk_p50": 0.0038908107671886683,
      "risk_p75": 0.004847006872296333,
      "risk_p90": 0.008292256854474545,
      "risk_p95": 0.08074220269918442,
      "risk_p99": 0.3848918676376343,
      "zero_risk_edge_count": 0,
      "zero_risk_edge_ratio": 0.0,
      "edge_attribute_zero_ratio": 0.9314763959722767,
      "matrix_5x8": [
        [
          0,
          64,
          268,
          667,
          427,
          50,
          54,
          0
        ],
        [
          0,
          89,
          337,
          616,
          317,
          71,
          99,
          0
        ],
        [
          0,
          80,
          365,
          569,
          348,
          77,
          90,
          1
        ],
        [
          0,
          57,
          295,
          609,
          356,
          121,
          78,
          13
        ],
        [
          0,
          179,
          376,
          466,
          339,
          69,
          99,
          1
        ]
      ]
    }
  }
}