beta,lambda_concentration,runs,pyvrp_cost_mean,pyvrp_cost_std,global_risk_mean,global_risk_std,global_cvar90_mean,global_cvar90_std,max_vehicle_risk_mean,max_vehicle_risk_std,max_vehicle_cvar90_mean,max_vehicle_cvar90_std,vehicle_risk_gini_mean,vehicle_risk_gini_std,risk_variance_mean,risk_variance_std,edge_burden_gini_used_mean,edge_burden_gini_used_std,top10_burden_share_mean,top10_burden_share_std,max_edge_burden_mean,max_edge_burden_std,cost_increase_pct,risk_reduction_pct
0.0,0.0,3,133997.33333333334,0.5773502691896258,15.208442436375966,1.3843314293030857,0.27822513864399534,0.2505824024394048,4.029642802973588,0.2434682694006158,0.5103876441717148,0.08107065430412388,0.13295234025001146,0.012958941354308967,0.5738810300825793,0.26461111993463954,0.8232228890331789,0.0015355558519479086,0.8649572149264825,0.018246095570801875,1.9072096347808838,0.0,0.0,0.0
1.0,0.0,3,165266.66666666666,301.0669914376754,6.576999733379732,0.6868563681009173,0.05793391752172571,0.006353949744066557,1.8586833416484296,0.5709811958427164,0.08097155490032737,0.011888308786818439,0.15380151234083095,0.13665019016082783,0.20490370742607122,0.29430249064702696,0.7271714738066367,0.02578638570648676,0.7356076702998537,0.03196422867683418,1.0099999904632568,0.0,0.23335787776871164,0.5675428459623681
