{
  "model": "ua_teg_gnn",
  "split": "B",
  "seed": 2,
  "epochs": 50,
  "risk_mode": "exposure_floor",
  "exposure_delta": 0.01,
  "uncertainty_tau": 0.0,
  "experiment_tag": "ua_pretest_3seed",
  "alpha_ord": 0.3,
  "alpha_hr": 0.5,
  "alpha_topk": 0.1,
  "lambda_nll": 0.2,
  "lambda_var": 0.01,
  "metrics": {
    "data_2020_train": {
      "macro_f1": 0.20520064265832716,
      "weighted_f1": 0.5831003856560402,
      "mae": 1.1501033217403454,
      "qwk": 0.09570499535482035,
      "recall_6_8": 0.075,
      "precision_6_8": 0.75,
      "pr_auc_high": 0.4446877274946402,
      "high_fn_rate": 0.925,
      "brier": 0.4926069974899292,
      "ece": 0.05089403351053132,
      "ordinal_nll": 1.145211371990245,
      "uncertainty_mean": 2.3990161418914795,
      "correct_uncertainty": 2.4165854454040527,
      "error_uncertainty": 2.362456798553467,
      "error_uncertainty_corr": -0.06624014435030702,
      "high_fn_uncertainty": 2.3410117626190186
    },
    "data_2021_train": {
      "macro_f1": 0.19228210246174318,
      "weighted_f1": 0.5342407191649883,
      "mae": 1.1110832035686813,
      "qwk": 0.18511160796100135,
      "recall_6_8": 0.16,
      "precision_6_8": 1.0,
      "pr_auc_high": 0.563341064392657,
      "high_fn_rate": 0.84,
      "brier": 0.5273904204368591,
      "ece": 0.0650526243367346,
      "ordinal_nll": 1.1554499874562394,
      "uncertainty_mean": 2.3859963417053223,
      "correct_uncertainty": 2.4332680702209473,
      "error_uncertainty": 2.3042914867401123,
      "error_uncertainty_corr": -0.1628264015178304,
      "high_fn_uncertainty": 2.1614792346954346
    },
    "data_2021_test": {
      "macro_f1": 0.16256648936170212,
      "weighted_f1": 0.510434636764424,
      "mae": 1.3378409436015315,
      "qwk": 0.03564813453679472,
      "recall_6_8": 0.038461538461538464,
      "precision_6_8": 1.0,
      "pr_auc_high": 0.3835980810254514,
      "high_fn_rate": 0.9615384615384616,
      "brier": 0.605339765548706,
      "ece": 0.132923758781708,
      "ordinal_nll": 1.22170445151148,
      "uncertainty_mean": 2.4102096557617188,
      "correct_uncertainty": 2.395305633544922,
      "error_uncertainty": 2.4342308044433594,
      "error_uncertainty_corr": 0.04978555867770247,
      "high_fn_uncertainty": 2.4017906188964844
    }
  },
  "split_sizes": {
    "data_2020": {
      "train": 419,
      "val": 0,
      "test": 0
    },
    "data_2021": {
      "train": 221,
      "val": 0,
      "test": 222
    }
  },
  "risk_summaries": {
    "data_2020": {
      "edge_count": 6603,
      "risk_min": 1.7029898324860682e-10,
      "risk_max": 0.7088626623153687,
      "risk_mean": 0.010156352072954178,
      "risk_p25": 0.0008421489037573338,
      "risk_p50": 0.001340340357273817,
      "risk_p75": 0.0021333149634301662,
      "risk_p90": 0.0032076621428132057,
      "risk_p95": 0.06347738951444626,
      "risk_p99": 0.21484975516796112,
      "zero_risk_edge_count": 0,
      "zero_risk_edge_ratio": 0.0,
      "edge_attribute_zero_ratio": 0.928365894290474,
      "matrix_5x8": [
        [
          0,
          858,
          416,
          46,
          1,
          0,
          0,
          0
        ],
        [
          0,
          795,
          485,
          39,
          2,
          0,
          0,
          0
        ],
        [
          0,
          703,
          508,
          89,
          7,
          13,
          0,
          0
        ],
        [
          0,
          693,
          521,
          79,
          20,
          8,
          0,
          0
        ],
        [
          0,
          751,
          476,
          64,
          22,
          7,
          0,
          0
        ]
      ]
    },
    "data_2021": {
      "edge_count": 7647,
      "risk_min": 5.108969358680326e-10,
      "risk_max": 0.7680491805076599,
      "risk_mean": 0.00981211755424738,
      "risk_p25": 0.0008818148053251207,
      "risk_p50": 0.0013904960360378027,
      "risk_p75": 0.0021287379786372185,
      "risk_p90": 0.003167924238368869,
      "risk_p95": 0.060708869248628616,
      "risk_p99": 0.20393508672714233,
      "zero_risk_edge_count": 0,
      "zero_risk_edge_ratio": 0.0,
      "edge_attribute_zero_ratio": 0.9314763959722767,
      "matrix_5x8": [
        [
          0,
          954,
          552,
          21,
          1,
          2,
          0,
          0
        ],
        [
          0,
          916,
          528,
          75,
          7,
          0,
          3,
          0
        ],
        [
          0,
          784,
          617,
          116,
          5,
          0,
          8,
          0
        ],
        [
          0,
          751,
          600,
          141,
          14,
          10,
          13,
          0
        ],
        [
          0,
          803,
          601,
          110,
          13,
          0,
          2,
          0
        ]
      ]
    }
  }
}