beta,lambda_concentration,runs,pyvrp_cost_mean,pyvrp_cost_std,global_risk_mean,global_risk_std,global_cvar90_mean,global_cvar90_std,max_vehicle_risk_mean,max_vehicle_risk_std,max_vehicle_cvar90_mean,max_vehicle_cvar90_std,vehicle_risk_gini_mean,vehicle_risk_gini_std,risk_variance_mean,risk_variance_std,edge_burden_gini_used_mean,edge_burden_gini_used_std,top10_burden_share_mean,top10_burden_share_std,max_edge_burden_mean,max_edge_burden_std,cost_increase_pct,risk_reduction_pct
0.0,0.0,10,146730.9,582.7275807213293,7.918000978257274,0.5325529248776086,0.24456675020625102,0.02957111935741866,2.61130073228851,0.35647593368605207,0.38573748466248314,0.08892258862836283,0.23143413859769896,0.0391247767916242,0.47097793723706183,0.17406396111069794,0.8581465861013307,0.006159111205762966,0.8864345072029346,0.01180007423407831,0.9128762602806091,0.31413320553219337,0.0,0.0
1.0,0.0,10,179617.7,542.5517998823296,3.64866411394882,0.34721823018295256,0.09065882908061437,0.011868749537611942,1.2532225894476288,0.1533225429536371,0.1525248307535159,0.03844114671069991,0.29719003636560287,0.05345369950776774,0.16599065671024735,0.059900154505620515,0.8104922376999179,0.015442668277334011,0.804924943956453,0.022198622547918136,0.6064610958099366,0.011461028210021346,0.2241300230558118,0.5391937783326192
