{
  "model": "gcn_teg_concat",
  "split": "A",
  "seed": 2,
  "epochs": 50,
  "risk_mode": "exposure_floor",
  "exposure_delta": 0.01,
  "experiment_tag": "",
  "alpha_ord": 0.3,
  "alpha_hr": 0.5,
  "alpha_topk": 0.1,
  "metrics": {
    "data_2020_train": {
      "macro_f1": 0.455107824778187,
      "weighted_f1": 0.7494801191868462,
      "mae": 0.6002730893739195,
      "qwk": 0.690158214100534,
      "recall_6_8": 0.7741935483870968,
      "precision_6_8": 0.8571428571428571,
      "pr_auc_high": 0.920426829754344,
      "high_fn_rate": 0.22580645161290322
    },
    "data_2020_val": {
      "macro_f1": 0.2481371087928465,
      "weighted_f1": 0.6201003004281692,
      "mae": 1.235589847116314,
      "qwk": 0.16241299303944312,
      "recall_6_8": 0.1111111111111111,
      "precision_6_8": 1.0,
      "pr_auc_high": 0.3865423846306199,
      "high_fn_rate": 0.8888888888888888
    },
    "data_2021_test": {
      "macro_f1": 0.26885415302740134,
      "weighted_f1": 0.6156002680598344,
      "mae": 1.1868702032408316,
      "qwk": 0.24123540693066092,
      "recall_6_8": 0.21568627450980393,
      "precision_6_8": 0.6111111111111112,
      "pr_auc_high": 0.3769891592664986,
      "high_fn_rate": 0.7843137254901961
    }
  },
  "split_sizes": {
    "data_2020": {
      "train": 335,
      "val": 84,
      "test": 0
    },
    "data_2021": {
      "train": 0,
      "val": 0,
      "test": 443
    }
  },
  "risk_summaries": {
    "data_2020": {
      "edge_count": 6603,
      "risk_min": 1.8221991027189688e-08,
      "risk_max": 0.8577660918235779,
      "risk_mean": 0.017219463363289833,
      "risk_p25": 0.000701734097674489,
      "risk_p50": 0.001519182464107871,
      "risk_p75": 0.0032063613180071115,
      "risk_p90": 0.008373400196433067,
      "risk_p95": 0.08110614866018295,
      "risk_p99": 0.42327994108200073,
      "zero_risk_edge_count": 0,
      "zero_risk_edge_ratio": 0.0,
      "edge_attribute_zero_ratio": 0.928365894290474,
      "matrix_5x8": [
        [
          0,
          661,
          383,
          157,
          29,
          14,
          66,
          11
        ],
        [
          0,
          699,
          311,
          110,
          50,
          19,
          67,
          65
        ],
        [
          0,
          669,
          324,
          133,
          86,
          46,
          35,
          27
        ],
        [
          0,
          673,
          324,
          116,
          75,
          29,
          85,
          19
        ],
        [
          0,
          599,
          415,
          118,
          45,
          40,
          83,
          20
        ]
      ]
    },
    "data_2021": {
      "edge_count": 7647,
      "risk_min": 2.724783731977709e-09,
      "risk_max": 0.8694078922271729,
      "risk_mean": 0.014970287680625916,
      "risk_p25": 0.0007872458663769066,
      "risk_p50": 0.0015801198314875364,
      "risk_p75": 0.0030142837204039097,
      "risk_p90": 0.0074281757697463036,
      "risk_p95": 0.07602865993976593,
      "risk_p99": 0.3702318072319031,
      "zero_risk_edge_count": 0,
      "zero_risk_edge_ratio": 0.0,
      "edge_attribute_zero_ratio": 0.9314763959722767,
      "matrix_5x8": [
        [
          0,
          760,
          506,
          186,
          24,
          14,
          39,
          1
        ],
        [
          0,
          808,
          366,
          144,
          89,
          41,
          36,
          45
        ],
        [
          0,
          776,
          409,
          179,
          53,
          43,
          49,
          21
        ],
        [
          0,
          689,
          448,
          193,
          115,
          27,
          46,
          11
        ],
        [
          0,
          646,
          529,
          167,
          45,
          66,
          59,
          17
        ]
      ]
    }
  }
}