beta,lambda_concentration,runs,pyvrp_cost_mean,pyvrp_cost_std,global_risk_mean,global_risk_std,global_cvar90_mean,global_cvar90_std,max_vehicle_risk_mean,max_vehicle_risk_std,max_vehicle_cvar90_mean,max_vehicle_cvar90_std,vehicle_risk_gini_mean,vehicle_risk_gini_std,risk_variance_mean,risk_variance_std,edge_burden_gini_used_mean,edge_burden_gini_used_std,top10_burden_share_mean,top10_burden_share_std,max_edge_burden_mean,max_edge_burden_std,cost_increase_pct,risk_reduction_pct
0.0,0.0,3,133997.33333333334,0.5773502691896258,7.477218623567751,1.0711394780843089,0.2468325989934933,0.050145219625403435,2.2063441595916324,0.286611212530668,0.3568473659041855,0.0781954381073895,0.15664993944560276,0.04617899027710152,0.23057688248729324,0.18306859717583437,0.8736815367103686,0.002156492341018312,0.8917020249820703,0.006189602270438146,0.905780017375946,0.0,0.0,0.0
1.0,0.0,3,154975.0,293.04607146317454,2.6337131305929993,0.09814329711459507,0.06434245076928533,0.01029957814767663,0.8904631799062676,0.19225003014830871,0.1090460190519927,0.021014423357640973,0.24719560696444418,0.10070929354034396,0.06315494696951018,0.04123788497386327,0.7931339705638741,0.005994970761106032,0.756773556173818,0.010812944010893128,0.452890008687973,0.0,0.15655286672371582,0.6477683396480692
