beta,lambda_concentration,runs,pyvrp_cost_mean,pyvrp_cost_std,global_risk_mean,global_risk_std,global_cvar90_mean,global_cvar90_std,max_vehicle_risk_mean,max_vehicle_risk_std,max_vehicle_cvar90_mean,max_vehicle_cvar90_std,vehicle_risk_gini_mean,vehicle_risk_gini_std,risk_variance_mean,risk_variance_std,edge_burden_gini_used_mean,edge_burden_gini_used_std,top10_burden_share_mean,top10_burden_share_std,max_edge_burden_mean,max_edge_burden_std,cost_increase_pct,risk_reduction_pct
0.0,0.0,3,133997.33333333334,0.5773502691896258,7.8180115859352854,0.8947633094827581,0.23705267644376604,0.06362297496510104,2.4109242744355774,0.10168046537939866,0.3526276551187038,0.07146395165411602,0.1635712652388089,0.05089446795434832,0.31049872305897236,0.18985917080019443,0.8733484603312721,0.0006212819249530751,0.8973593823270974,9.294788214486065e-05,1.0516544580459595,0.0,0.0,0.0
1.0,0.0,3,159591.66666666666,224.58925471476445,2.664764124023956,0.497145871150464,0.06567978078978164,0.023812846401861463,0.9346125250837455,0.09626016979981733,0.10929258948280697,0.0163030490329654,0.2702568317313097,0.003992772004402827,0.07040902768166962,0.027461380004586335,0.7894776804067423,0.020687282475589104,0.7551635239989567,0.033727495793942845,0.5411475896835327,0.026535643054357246,0.1910062886823617,0.6591506555428283
