{
  "name": "fusion_gcn_teg_low_rho050_splitB_seed7_epochs50_10seed_floor_0p01",
  "risk_dirs": [
    "D:\\PyVRP-main\\hazmat_risk_experiments\\outputs_10seed\\risk_matrices\\gcn_splitB_seed7_epochs50_10seed_floor_0p01",
    "D:\\PyVRP-main\\hazmat_risk_experiments\\outputs_10seed\\risk_matrices\\teg_gnn_splitB_seed7_epochs50_teg_low_tail_10seed_floor_0p01"
  ],
  "weights": [
    0.5,
    0.5
  ],
  "ensemble": "mean node probabilities",
  "summaries": [
    {
      "year": "data_2020",
      "edge_count": 6603,
      "risk_mean": 0.02161572980043367,
      "risk_p95": 0.1307653643011828,
      "risk_p99": 0.4304100524915758,
      "risk_max": 0.857530363010037
    },
    {
      "year": "data_2021",
      "edge_count": 7647,
      "risk_mean": 0.019748652977123717,
      "risk_p95": 0.12464667746202328,
      "risk_p99": 0.42598009953169924,
      "risk_max": 0.8576502430084416
    }
  ]
}