beta,lambda_concentration,runs,pyvrp_cost_mean,pyvrp_cost_std,global_risk_mean,global_risk_std,global_cvar90_mean,global_cvar90_std,max_vehicle_risk_mean,max_vehicle_risk_std,max_vehicle_cvar90_mean,max_vehicle_cvar90_std,vehicle_risk_gini_mean,vehicle_risk_gini_std,risk_variance_mean,risk_variance_std,edge_burden_gini_used_mean,edge_burden_gini_used_std,top10_burden_share_mean,top10_burden_share_std,max_edge_burden_mean,max_edge_burden_std,cost_increase_pct,risk_reduction_pct
0.0,0.0,10,146730.9,582.7275807213293,9.836274802454863,0.621023338682492,0.29516536140856064,0.03914179382753526,3.040816281773732,0.3003383109819196,0.4192911752561728,0.04846138534133349,0.18982240844637882,0.0415228001373079,0.4890536090891991,0.18403958794072064,0.8710969353507313,0.004953921329773596,0.906985744473365,0.0102211112282248,0.9924641191959381,0.22241535479374608,0.0,0.0
1.0,0.0,10,180753.2,380.2863833130675,4.404909113061149,0.3411030282355378,0.1209649442028065,0.012324686649107663,1.5510601598231006,0.2043161014385643,0.17989524375769267,0.027952815782988426,0.2873582252997767,0.08742103803127056,0.22725226540059662,0.08706059940522178,0.8459711128113767,0.005113717085381807,0.8381497682790583,0.012167269275265583,0.6966358423233032,0.0,0.231868679330666,0.5521770994073532
