{
  "pairs": "D:\\PyVRP-main\\hazmat_risk_experiments\\outputs\\od_paths\\od_formal_floor001_p50_k50_cached_floor_0p01_a0p9_l1_p75\\od_pairs.csv",
  "num_pairs": 150,
  "year": "data_2021",
  "k_paths": 50,
  "cvar_alpha": 0.9,
  "risk_mode": "floor_0.01",
  "split": "B",
  "model_seeds": [
    0,
    1,
    2,
    3,
    4
  ],
  "sources": [
    {
      "risk_source": "GCN_seed0",
      "risk_dir": "D:\\PyVRP-main\\hazmat_risk_experiments\\outputs\\risk_matrices\\gcn_splitB_seed0_epochs50_floor_0p01",
      "largest_component_nodes": 4357,
      "largest_component_edges": 6650,
      "re_threshold": "p75",
      "re_threshold_value": 0.0036491616629064083,
      "risk_diagnostics": {
        "edge_count": 6650,
        "zero_risk_edge_count": 6,
        "zero_risk_edge_ratio": 0.0009022556390977444,
        "risk_min": 0.0,
        "risk_p25": 0.0014405576221179217,
        "risk_p50": 0.0023347914684563875,
        "risk_p75": 0.0036491616629064083,
        "risk_p90": 0.00846952199935913,
        "risk_p95": 0.11309318989515305,
        "risk_p99": 0.4163665771484375,
        "risk_max": 0.8528047204017639,
        "edge_attribute_zero_ratio": 0.0,
        "S_i_norm_zero_or_near_zero_ratio": 0.005278861602019738
      }
    },
    {
      "risk_source": "GCN_seed1",
      "risk_dir": "D:\\PyVRP-main\\hazmat_risk_experiments\\outputs\\risk_matrices\\gcn_splitB_seed1_epochs50_floor_0p01",
      "largest_component_nodes": 4357,
      "largest_component_edges": 6650,
      "re_threshold": "p75",
      "re_threshold_value": 0.003756520338356495,
      "risk_diagnostics": {
        "edge_count": 6650,
        "zero_risk_edge_count": 11,
        "zero_risk_edge_ratio": 0.0016541353383458647,
        "risk_min": 0.0,
        "risk_p25": 0.001301684242207557,
        "risk_p50": 0.0021690712310373783,
        "risk_p75": 0.003756520338356495,
        "risk_p90": 0.008345307782292366,
        "risk_p95": 0.10338181629776944,
        "risk_p99": 0.41620227694511414,
        "risk_max": 0.8544802069664001,
        "edge_attribute_zero_ratio": 0.0,
        "S_i_norm_zero_or_near_zero_ratio": 0.006196924489327519
      }
    },
    {
      "risk_source": "GCN_seed2",
      "risk_dir": "D:\\PyVRP-main\\hazmat_risk_experiments\\outputs\\risk_matrices\\gcn_splitB_seed2_epochs50_floor_0p01",
      "largest_component_nodes": 4357,
      "largest_component_edges": 6650,
      "re_threshold": "p75",
      "re_threshold_value": 0.0041127377189695835,
      "risk_diagnostics": {
        "edge_count": 6650,
        "zero_risk_edge_count": 0,
        "zero_risk_edge_ratio": 0.0,
        "risk_min": 1.0217938717360653e-09,
        "risk_p25": 0.0014132274664007127,
        "risk_p50": 0.002461368218064308,
        "risk_p75": 0.0041127377189695835,
        "risk_p90": 0.008563359268009663,
        "risk_p95": 0.12096489630639495,
        "risk_p99": 0.42895323038101196,
        "risk_max": 0.895763635635376,
        "edge_attribute_zero_ratio": 0.0,
        "S_i_norm_zero_or_near_zero_ratio": 0.0018361257746155612
      }
    },
    {
      "risk_source": "GCN_seed3",
      "risk_dir": "D:\\PyVRP-main\\hazmat_risk_experiments\\outputs\\risk_matrices\\gcn_splitB_seed3_epochs50_floor_0p01",
      "largest_component_nodes": 4357,
      "largest_component_edges": 6650,
      "re_threshold": "p75",
      "re_threshold_value": 0.0036963673774152994,
      "risk_diagnostics": {
        "edge_count": 6650,
        "zero_risk_edge_count": 0,
        "zero_risk_edge_ratio": 0.0,
        "risk_min": 8.514949301208219e-10,
        "risk_p25": 0.0013675420195795596,
        "risk_p50": 0.002289246069267392,
        "risk_p75": 0.0036963673774152994,
        "risk_p90": 0.008508308790624142,
        "risk_p95": 0.11212270669639005,
        "risk_p99": 0.4261578619480133,
        "risk_max": 0.8570114970207214,
        "edge_attribute_zero_ratio": 0.0,
        "S_i_norm_zero_or_near_zero_ratio": 0.0020656414964425065
      }
    },
    {
      "risk_source": "GCN_seed4",
      "risk_dir": "D:\\PyVRP-main\\hazmat_risk_experiments\\outputs\\risk_matrices\\gcn_splitB_seed4_epochs50_floor_0p01",
      "largest_component_nodes": 4357,
      "largest_component_edges": 6650,
      "re_threshold": "p75",
      "re_threshold_value": 0.0039805215783417225,
      "risk_diagnostics": {
        "edge_count": 6650,
        "zero_risk_edge_count": 0,
        "zero_risk_edge_ratio": 0.0,
        "risk_min": 1.7029898324860682e-10,
        "risk_p25": 0.001440580002963543,
        "risk_p50": 0.002407671418040991,
        "risk_p75": 0.0039805215783417225,
        "risk_p90": 0.008570536971092224,
        "risk_p95": 0.12385003007948374,
        "risk_p99": 0.4328121542930603,
        "risk_max": 0.8629637360572815,
        "edge_attribute_zero_ratio": 0.0,
        "S_i_norm_zero_or_near_zero_ratio": 0.002983704383750287
      }
    },
    {
      "risk_source": "TEG-low_seed0",
      "risk_dir": "D:\\PyVRP-main\\hazmat_risk_experiments\\outputs\\risk_matrices\\teg_gnn_splitB_seed0_epochs50_teg_low_tail_floor_0p01",
      "largest_component_nodes": 4357,
      "largest_component_edges": 6650,
      "re_threshold": "p75",
      "re_threshold_value": 0.005017534480430186,
      "risk_diagnostics": {
        "edge_count": 6650,
        "zero_risk_edge_count": 0,
        "zero_risk_edge_ratio": 0.0,
        "risk_min": 8.514948746096707e-09,
        "risk_p25": 0.0029855972388759255,
        "risk_p50": 0.003805560292676091,
        "risk_p75": 0.005017534480430186,
        "risk_p90": 0.008558443747460842,
        "risk_p95": 0.10677983611822128,
        "risk_p99": 0.43220144510269165,
        "risk_max": 0.8626388907432556,
        "edge_attribute_zero_ratio": 0.0,
        "S_i_norm_zero_or_near_zero_ratio": 0.0009180628873077806
      }
    },
    {
      "risk_source": "TEG-low_seed1",
      "risk_dir": "D:\\PyVRP-main\\hazmat_risk_experiments\\outputs\\risk_matrices\\teg_gnn_splitB_seed1_epochs50_teg_low_tail_floor_0p01",
      "largest_component_nodes": 4357,
      "largest_component_edges": 6650,
      "re_threshold": "p75",
      "re_threshold_value": 0.004801902454346418,
      "risk_diagnostics": {
        "edge_count": 6650,
        "zero_risk_edge_count": 0,
        "zero_risk_edge_ratio": 0.0,
        "risk_min": 8.085795570877963e-07,
        "risk_p25": 0.00296291324775666,
        "risk_p50": 0.0037395639810711145,
        "risk_p75": 0.004801902454346418,
        "risk_p90": 0.008528919890522957,
        "risk_p95": 0.10514000430703052,
        "risk_p99": 0.4243529736995697,
        "risk_max": 0.8567861318588257,
        "edge_attribute_zero_ratio": 0.0,
        "S_i_norm_zero_or_near_zero_ratio": 0.00022951572182694515
      }
    },
    {
      "risk_source": "TEG-low_seed2",
      "risk_dir": "D:\\PyVRP-main\\hazmat_risk_experiments\\outputs\\risk_matrices\\teg_gnn_splitB_seed2_epochs50_teg_low_tail_floor_0p01",
      "largest_component_nodes": 4357,
      "largest_component_edges": 6650,
      "re_threshold": "p75",
      "re_threshold_value": 0.004909631330519915,
      "risk_diagnostics": {
        "edge_count": 6650,
        "zero_risk_edge_count": 0,
        "zero_risk_edge_ratio": 0.0,
        "risk_min": 1.209122757472869e-07,
        "risk_p25": 0.002998048672452569,
        "risk_p50": 0.0038511957973241806,
        "risk_p75": 0.004909631330519915,
        "risk_p90": 0.008569532074034214,
        "risk_p95": 0.1193649750202886,
        "risk_p99": 0.43276137113571167,
        "risk_max": 0.8653541207313538,
        "edge_attribute_zero_ratio": 0.0,
        "S_i_norm_zero_or_near_zero_ratio": 0.00022951572182694515
      }
    },
    {
      "risk_source": "TEG-low_seed3",
      "risk_dir": "D:\\PyVRP-main\\hazmat_risk_experiments\\outputs\\risk_matrices\\teg_gnn_splitB_seed3_epochs50_teg_low_tail_floor_0p01",
      "largest_component_nodes": 4357,
      "largest_component_edges": 6650,
      "re_threshold": "p75",
      "re_threshold_value": 0.004721544217318296,