beta,lambda_concentration,runs,pyvrp_cost_mean,pyvrp_cost_std,global_risk_mean,global_risk_std,global_cvar90_mean,global_cvar90_std,max_vehicle_risk_mean,max_vehicle_risk_std,max_vehicle_cvar90_mean,max_vehicle_cvar90_std,vehicle_risk_gini_mean,vehicle_risk_gini_std,risk_variance_mean,risk_variance_std,edge_burden_gini_used_mean,edge_burden_gini_used_std,top10_burden_share_mean,top10_burden_share_std,max_edge_burden_mean,max_edge_burden_std,cost_increase_pct,risk_reduction_pct
0.0,0.0,10,146730.9,582.7275807213293,9.08802764324355,0.7843518825985692,0.17262022066230004,0.06661721884887159,3.017626762569853,0.5804491424236493,0.47027285094890325,0.14671854052517716,0.20371727688056235,0.047985220553075913,0.556970870677439,0.3175373793979516,0.8710254243571457,0.006805600015787715,0.8867071973983199,0.008535787890424987,1.1999998569488526,0.4216369710927341,0.0,0.0
1.0,0.0,10,174810.6,253.33035085963678,3.614871152064734,0.22447847731777582,0.05876918196891575,0.0031045785704223038,1.4825215340737485,0.09567040203851541,0.10750709236382723,0.011704606241744934,0.319723003299946,0.04664216412879006,0.19152167375225743,0.03569332043970939,0.7846845876903257,0.009781707410333322,0.7474020275652689,0.012135329602052573,0.8502613306045532,0.0,0.1913686892127017,0.6022380989616823
2.0,0.0,10,190745.7,484.87594060520036,3.0750182702293385,0.20963740081379487,0.04909591000360676,0.004911942790208457,1.2715731604228495,0.08413282312725225,0.10899300066175517,0.0272415987828358,0.31251033244064697,0.011846266265604647,0.13391864120720348,0.021018151650052372,0.7679889166632774,0.010653754725659338,0.7171114394643224,0.01723445852968927,0.8502613306045532,0.0,0.2999695360690899,0.6616407441810427
