beta,lambda_concentration,runs,pyvrp_cost_mean,pyvrp_cost_std,global_risk_mean,global_risk_std,global_cvar90_mean,global_cvar90_std,max_vehicle_risk_mean,max_vehicle_risk_std,max_vehicle_cvar90_mean,max_vehicle_cvar90_std,vehicle_risk_gini_mean,vehicle_risk_gini_std,risk_variance_mean,risk_variance_std,edge_burden_gini_used_mean,edge_burden_gini_used_std,top10_burden_share_mean,top10_burden_share_std,max_edge_burden_mean,max_edge_burden_std,cost_increase_pct,risk_reduction_pct
0.0,0.0,10,146730.9,582.7275807213293,10.006667116645383,0.678739660992666,0.29154662458865865,0.03491642914285983,3.2316943912456964,0.24139095072892255,0.4511500147324698,0.04922586117315076,0.2037152847804024,0.03165153607179215,0.5931446798043678,0.15783404509743443,0.8792050301474628,0.005391582685623664,0.9068189486439844,0.007721368963267057,1.2922709555921075,0.23432256671701876,0.0,0.0
1.0,0.0,10,177363.1,273.9129829384183,3.7113177012695155,0.3420515826759029,0.0788643225341177,0.007227105373931602,1.2115321586232712,0.27132733200953824,0.13824709715216588,0.033359328712699476,0.23981242409057976,0.044805883429891925,0.11628602798479488,0.05369343413710691,0.8208955389927455,0.010038718664430794,0.7878141239819755,0.018008196007603058,0.6512287316303071,0.029560559880574218,0.20876447973807843,0.6291155028934029
