{
  "model": "gcn_teg_concat",
  "split": "B",
  "seed": 3,
  "epochs": 50,
  "risk_mode": "exposure_floor",
  "exposure_delta": 0.01,
  "uncertainty_tau": 0.0,
  "experiment_tag": "st_v1_formal_10seed",
  "checkpoint_path": "D:\\PyVRP-main\\hazmat_risk_experiments\\outputs_10seed\\st_v1_formal_10seed\\models\\checkpoints\\gcn_teg_concat_splitB_seed3_epochs50_st_v1_formal_10seed.pt",
  "best_epoch": 50,
  "model_source": "checkpoint",
  "alpha_ord": 0.5,
  "alpha_hr": 1.0,
  "alpha_topk": 0.3,
  "lambda_nll": 0.0,
  "lambda_var": 0.0,
  "ec_delta_max": 0.05,
  "lambda_edge": 0.0,
  "lambda_edge_high": 0.0,
  "lambda_distill": 0.0,
  "lambda_delta": 0.0,
  "ec_teacher_epochs": 50,
  "gamma_unc": 0.5,
  "logvar_min": -5.0,
  "logvar_max": 2.0,
  "metrics": {
    "data_2020_train": {
      "macro_f1": 0.5386773500855248,
      "weighted_f1": 0.7429376665378237,
      "mae": 0.6857380031720199,
      "qwk": 0.7200654859814771,
      "recall_6_8": 0.725,
      "precision_6_8": 0.8529411764705882,
      "pr_auc_high": 0.9183934943741592,
      "high_fn_rate": 0.275,
      "brier": 0.30216965079307556,
      "ece": 0.05651682387672916
    },
    "data_2021_train": {
      "macro_f1": 0.6432613476910465,
      "weighted_f1": 0.8016351002295937,
      "mae": 0.48951167407460294,
      "qwk": 0.8307582452836046,
      "recall_6_8": 0.88,
      "precision_6_8": 0.88,
      "pr_auc_high": 0.9659101620299444,
      "high_fn_rate": 0.12,
      "brier": 0.2325863093137741,
      "ece": 0.059906177998128515
    },
    "data_2021_test": {
      "macro_f1": 0.26381432774875396,
      "weighted_f1": 0.6132938198511969,
      "mae": 1.210168420696692,
      "qwk": 0.16181567157871013,
      "recall_6_8": 0.038461538461538464,
      "precision_6_8": 0.2,
      "pr_auc_high": 0.32277894827166076,
      "high_fn_rate": 0.9615384615384616,
      "brier": 0.4872360825538635,
      "ece": 0.09500008365055462
    }
  },
  "split_sizes": {
    "data_2020": {
      "train": 419,
      "val": 0,
      "test": 0
    },
    "data_2021": {
      "train": 221,
      "val": 0,
      "test": 222
    }
  },
  "risk_summaries": {
    "data_2020": {
      "edge_count": 6603,
      "risk_min": 1.9890921976184472e-07,
      "risk_max": 0.9138784408569336,
      "risk_mean": 0.017826294526457787,
      "risk_p25": 0.0007060476345941424,
      "risk_p50": 0.0016609231242910028,
      "risk_p75": 0.0034561585634946823,
      "risk_p90": 0.008565305732190609,
      "risk_p95": 0.0721929520368576,
      "risk_p99": 0.43254563212394714,
      "zero_risk_edge_count": 0,
      "zero_risk_edge_ratio": 0.0,
      "edge_attribute_zero_ratio": 0.928365894290474,
      "matrix_5x8": [
        [
          0,
          651,
          377,
          155,
          39,
          14,
          72,
          13
        ],
        [
          0,
          640,
          300,
          125,
          71,
          27,
          150,
          8
        ],
        [
          0,
          599,
          330,
          188,
          85,
          43,
          72,
          3
        ],
        [
          0,
          613,
          328,
          152,
          81,
          44,
          74,
          29
        ],
        [
          0,
          617,
          375,
          143,
          40,
          33,
          104,
          8
        ]
      ]
    },
    "data_2021": {
      "edge_count": 7647,
      "risk_min": 6.284032849634968e-08,
      "risk_max": 0.8571326732635498,
      "risk_mean": 0.014514162205159664,
      "risk_p25": 0.0007074730820022523,
      "risk_p50": 0.001603679615072906,
      "risk_p75": 0.003225055057555437,
      "risk_p90": 0.008288713172078133,
      "risk_p95": 0.056943561881780624,
      "risk_p99": 0.37318629026412964,
      "zero_risk_edge_count": 0,
      "zero_risk_edge_ratio": 0.0,
      "edge_attribute_zero_ratio": 0.9314763959722767,
      "matrix_5x8": [
        [
          0,
          824,
          417,
          195,
          27,
          9,
          58,
          0
        ],
        [
          0,
          729,
          364,
          205,
          59,
          52,
          120,
          0
        ],
        [
          0,
          715,
          401,
          204,
          62,
          57,
          90,
          1
        ],
        [
          0,
          748,
          380,
          171,
          49,
          94,
          78,
          9
        ],
        [
          0,
          697,
          463,
          188,
          34,
          34,
          112,
          1
        ]
      ]
    }
  }
}