beta,lambda_concentration,runs,pyvrp_cost_mean,pyvrp_cost_std,global_risk_mean,global_risk_std,global_cvar90_mean,global_cvar90_std,max_vehicle_risk_mean,max_vehicle_risk_std,max_vehicle_cvar90_mean,max_vehicle_cvar90_std,vehicle_risk_gini_mean,vehicle_risk_gini_std,risk_variance_mean,risk_variance_std,edge_burden_gini_used_mean,edge_burden_gini_used_std,top10_burden_share_mean,top10_burden_share_std,max_edge_burden_mean,max_edge_burden_std,cost_increase_pct,risk_reduction_pct
0.0,0.0,10,146730.9,582.7275807213293,8.017644759854358,0.6500613215689874,0.22953448656502035,0.02156237708051071,2.7283194249167475,0.27839497272727376,0.4151555699553822,0.08063343830886514,0.24603900055811687,0.03183263750794999,0.5482712496804083,0.16529287331086373,0.8801670006342304,0.005956088860901149,0.9031244742148514,0.0069199405743326555,1.0487621418670172,0.36849745467293443,0.0,0.0
1.0,0.0,10,172318.2,379.2990025472428,2.5751564859586558,0.24938356333439415,0.053726531857487755,0.0054977617159389335,0.8693645844223932,0.12422587810902186,0.09011485227933783,0.019868627183986017,0.2720070394657821,0.06759163581491077,0.06755188844279714,0.03552273538163539,0.7873207323849866,0.015662989648311268,0.7447757267110989,0.02412702563601044,0.35025654501857806,0.004138594575440416,0.17438249203133094,0.6788138458249535
