{
  "model": "stable_tail_rc_gnn",
  "source_model": "gcn_teg_concat",
  "seed": 5,
  "delta": 0.08,
  "risk_mode": "exposure_floor",
  "exposure_delta": 0.01,
  "posthoc_formula": "clip(S_i_norm + delta * P_high * (1 - S_i_norm), 0, 1)",
  "risk_summaries": {
    "data_2020": {
      "edge_count": 6603,
      "risk_min": 6.207930387858003e-22,
      "risk_max": 0.8699318316638641,
      "risk_mean": 0.018074921122888922,
      "risk_p25": 0.0006285583158206637,
      "risk_p50": 0.0015939531637215744,
      "risk_p75": 0.0033879189364669224,
      "risk_p90": 0.008427552632332821,
      "risk_p95": 0.07375443688010744,
      "risk_p99": 0.42616621075164635,
      "zero_risk_edge_count": 2,
      "zero_risk_edge_ratio": 0.00030289262456459186,
      "edge_attribute_zero_ratio": 0.928365894290474,
      "matrix_5x8": [
        [
          1,
          679,
          379,
          136,
          32,
          18,
          74,
          2
        ],
        [
          0,
          644,
          325,
          113,
          71,
          25,
          142,
          1
        ],
        [
          0,
          638,
          343,
          121,
          74,
          53,
          77,
          14
        ],
        [
          0,
          694,
          292,
          128,
          62,
          35,
          102,
          8
        ],
        [
          1,
          647,
          348,
          117,
          49,
          31,
          114,
          13
        ]
      ]
    },
    "data_2021": {
      "edge_count": 7647,
      "risk_min": 4.289135038702063e-19,
      "risk_max": 0.8694140510881612,
      "risk_mean": 0.014070622384913198,
      "risk_p25": 0.0006320973080930267,
      "risk_p50": 0.0015486927252586057,
      "risk_p75": 0.003185087773372871,
      "risk_p90": 0.007555626599055228,
      "risk_p95": 0.05877299288249614,
      "risk_p99": 0.3815591481779971,
      "zero_risk_edge_count": 2,
      "zero_risk_edge_ratio": 0.0002615404733882568,
      "edge_attribute_zero_ratio": 0.9314763959722767,
      "matrix_5x8": [
        [
          1,
          835,
          451,
          101,
          73,
          19,
          48,
          2
        ],
        [
          1,
          798,
          360,
          165,
          116,
          32,
          54,
          3
        ],
        [
          0,
          776,
          398,
          174,
          84,
          34,
          50,
          14
        ],
        [
          0,
          790,
          358,
          178,
          81,
          56,
          52,
          14
        ],
        [
          0,
          706,
          502,
          113,
          84,
          28,
          89,
          7
        ]
      ]
    }
  }
}