{
  "model": "gcn_teg_concat",
  "split": "B",
  "seed": 7,
  "epochs": 50,
  "risk_mode": "exposure_floor",
  "exposure_delta": 0.01,
  "uncertainty_tau": 0.0,
  "experiment_tag": "st_v1_formal_10seed",
  "checkpoint_path": "D:\\PyVRP-main\\hazmat_risk_experiments\\outputs_10seed\\st_v1_formal_10seed\\models\\checkpoints\\gcn_teg_concat_splitB_seed7_epochs50_st_v1_formal_10seed.pt",
  "best_epoch": 50,
  "model_source": "checkpoint",
  "alpha_ord": 0.5,
  "alpha_hr": 1.0,
  "alpha_topk": 0.3,
  "lambda_nll": 0.0,
  "lambda_var": 0.0,
  "ec_delta_max": 0.05,
  "lambda_edge": 0.0,
  "lambda_edge_high": 0.0,
  "lambda_distill": 0.0,
  "lambda_delta": 0.0,
  "ec_teacher_epochs": 50,
  "gamma_unc": 0.5,
  "logvar_min": -5.0,
  "logvar_max": 2.0,
  "metrics": {
    "data_2020_train": {
      "macro_f1": 0.49283549394974047,
      "weighted_f1": 0.7414750011132666,
      "mae": 0.7065371188341968,
      "qwk": 0.7326286339841706,
      "recall_6_8": 0.8,
      "precision_6_8": 0.7111111111111111,
      "pr_auc_high": 0.8553966101946181,
      "high_fn_rate": 0.2,
      "brier": 0.30840060114860535,
      "ece": 0.07784007952008441
    },
    "data_2021_train": {
      "macro_f1": 0.6327359919232711,
      "weighted_f1": 0.7837219802299826,
      "mae": 0.46525545863240636,
      "qwk": 0.8027930699876633,
      "recall_6_8": 0.92,
      "precision_6_8": 0.7666666666666667,
      "pr_auc_high": 0.9461459161170243,
      "high_fn_rate": 0.08,
      "brier": 0.23773856461048126,
      "ece": 0.08390722514817078
    },
    "data_2021_test": {
      "macro_f1": 0.2509444684996752,
      "weighted_f1": 0.5969607516154387,
      "mae": 1.3149206916297402,
      "qwk": 0.24462354561706878,
      "recall_6_8": 0.2692307692307692,
      "precision_6_8": 0.4117647058823529,
      "pr_auc_high": 0.3305525591651029,
      "high_fn_rate": 0.7307692307692307,
      "brier": 0.5335694551467896,
      "ece": 0.1336287171454043
    }
  },
  "split_sizes": {
    "data_2020": {
      "train": 419,
      "val": 0,
      "test": 0
    },
    "data_2021": {
      "train": 221,
      "val": 0,
      "test": 222
    }
  },
  "risk_summaries": {
    "data_2020": {
      "edge_count": 6603,
      "risk_min": 4.087175486944261e-09,
      "risk_max": 0.8697759509086609,
      "risk_mean": 0.018968289718031883,
      "risk_p25": 0.0005744113004766405,
      "risk_p50": 0.0015379285905510187,
      "risk_p75": 0.004545646253973246,
      "risk_p90": 0.008627617731690407,
      "risk_p95": 0.06974951922893524,
      "risk_p99": 0.43919211626052856,
      "zero_risk_edge_count": 0,
      "zero_risk_edge_ratio": 0.0,
      "edge_attribute_zero_ratio": 0.928365894290474,
      "matrix_5x8": [
        [
          0,
          749,
          242,
          95,
          101,
          46,
          70,
          18
        ],
        [
          0,
          691,
          210,
          101,
          105,
          49,
          83,
          82
        ],
        [
          0,
          604,
          238,
          147,
          129,
          100,
          50,
          52
        ],
        [
          0,
          630,
          206,
          184,
          87,
          71,
          99,
          44
        ],
        [
          0,
          642,
          269,
          129,
          88,
          47,
          95,
          50
        ]
      ]
    },
    "data_2021": {
      "edge_count": 7647,
      "risk_min": 0.0,
      "risk_max": 0.8631828427314758,
      "risk_mean": 0.01699873059988022,
      "risk_p25": 0.0006122403428889811,
      "risk_p50": 0.0015962041215971112,
      "risk_p75": 0.00441489415243268,
      "risk_p90": 0.008424097672104836,
      "risk_p95": 0.060750812292099,
      "risk_p99": 0.4349198043346405,
      "zero_risk_edge_count": 1,
      "zero_risk_edge_ratio": 0.0001307702366941284,
      "edge_attribute_zero_ratio": 0.9314763959722767,
      "matrix_5x8": [
        [
          0,
          912,
          291,
          127,
          108,
          25,
          24,
          43
        ],
        [
          0,
          800,
          256,
          129,
          83,
          101,
          83,
          77
        ],
        [
          0,
          707,
          295,
          180,
          136,
          83,
          68,
          61
        ],
        [
          0,
          652,
          311,
          162,
          152,
          103,
          95,
          54
        ],
        [
          1,
          745,
          317,
          125,
          114,
          69,
          101,
          57
        ]
      ]
    }
  }
}