beta,lambda_concentration,runs,pyvrp_cost_mean,pyvrp_cost_std,global_risk_mean,global_risk_std,global_cvar90_mean,global_cvar90_std,max_vehicle_risk_mean,max_vehicle_risk_std,max_vehicle_cvar90_mean,max_vehicle_cvar90_std,vehicle_risk_gini_mean,vehicle_risk_gini_std,risk_variance_mean,risk_variance_std,edge_burden_gini_used_mean,edge_burden_gini_used_std,top10_burden_share_mean,top10_burden_share_std,max_edge_burden_mean,max_edge_burden_std,cost_increase_pct,risk_reduction_pct
0.0,0.0,10,134064.7,210.5733179256627,8.392596453136433,0.8534487284029548,0.2667898028083718,0.04762211628953455,2.5303571965923086,0.45862145414631283,0.423301085182411,0.11705826172473519,0.2029158135661319,0.07904684286592575,0.4330524997852564,0.3352944859380308,0.8829818561187505,0.009402285059080966,0.9053411392715429,0.01129472593687147,1.3170140032045858,0.4133651264390217,0.0,0.0
1.0,0.0,10,157004.2,325.6179765717284,2.5259451530165067,0.16831953525264381,0.05419175743004714,0.005389682728054463,0.9947243426844808,0.1697226320428016,0.11447532081359642,0.02793659107595607,0.2985196406730625,0.07042508228982435,0.08618113583312952,0.046312845329200755,0.7925754255899954,0.012863035761157639,0.7582783054396212,0.019286449952474412,0.4630186600695632,0.0009466961893526442,0.17110768158956086,0.6990269736997513
