beta,lambda_concentration,runs,pyvrp_cost_mean,pyvrp_cost_std,global_risk_mean,global_risk_std,global_cvar90_mean,global_cvar90_std,max_vehicle_risk_mean,max_vehicle_risk_std,max_vehicle_cvar90_mean,max_vehicle_cvar90_std,vehicle_risk_gini_mean,vehicle_risk_gini_std,risk_variance_mean,risk_variance_std,edge_burden_gini_used_mean,edge_burden_gini_used_std,top10_burden_share_mean,top10_burden_share_std,max_edge_burden_mean,max_edge_burden_std,cost_increase_pct,risk_reduction_pct
0.0,0.0,10,146730.9,582.7275807213293,14.086168785276822,0.9055980710193817,0.36016447457213596,0.10841111128596984,4.368801368563436,0.33886283263315986,0.6211964186742194,0.08019498394731407,0.19628502341778212,0.03201076829030894,1.0628699501640804,0.2917437542419716,0.8481087236777803,0.004833451796924427,0.8885630895283141,0.014157435489237327,1.4710888385772705,0.2804789817124983,0.0,0.0
1.0,0.0,10,183884.8,450.2939286979364,6.878446638816968,0.525754560667136,0.1399701261857053,0.015771655534419806,2.3467026287456973,0.2306954714897725,0.24625299421050367,0.04729610553755459,0.2736602061779336,0.059042554285252465,0.48889256833538425,0.19228451406225128,0.7983401843592965,0.009199112769677057,0.8132732056739173,0.014239273320067728,0.9352867066860199,0.05041787880604776,0.25321115048023285,0.5116879015387785
