{
  "model": "teg_gnn",
  "split": "B",
  "seed": 7,
  "epochs": 50,
  "risk_mode": "exposure_floor",
  "exposure_delta": 0.01,
  "experiment_tag": "teg_low_tail_10seed",
  "alpha_ord": 0.3,
  "alpha_hr": 0.5,
  "alpha_topk": 0.1,
  "metrics": {
    "data_2020_train": {
      "macro_f1": 0.5477690432741125,
      "weighted_f1": 0.734162077966065,
      "mae": 1.2638304700031937,
      "qwk": 0.6308533268266802,
      "recall_6_8": 0.675,
      "precision_6_8": 0.6428571428571429,
      "pr_auc_high": 0.7622415002393343,
      "high_fn_rate": 0.325
    },
    "data_2021_train": {
      "macro_f1": 0.7249766864406401,
      "weighted_f1": 0.8444805909323388,
      "mae": 0.9715318124637036,
      "qwk": 0.7747450525988273,
      "recall_6_8": 0.8,
      "precision_6_8": 0.8695652173913043,
      "pr_auc_high": 0.9428316316278846,
      "high_fn_rate": 0.2
    },
    "data_2021_test": {
      "macro_f1": 0.1920779120929046,
      "weighted_f1": 0.5315496664822001,
      "mae": 1.797747848040239,
      "qwk": 0.20426892618844228,
      "recall_6_8": 0.23076923076923078,
      "precision_6_8": 0.3157894736842105,
      "pr_auc_high": 0.28599316442430645,
      "high_fn_rate": 0.7692307692307693
    }
  },
  "split_sizes": {
    "data_2020": {
      "train": 419,
      "val": 0,
      "test": 0
    },
    "data_2021": {
      "train": 221,
      "val": 0,
      "test": 222
    }
  },
  "risk_summaries": {
    "data_2020": {
      "edge_count": 6603,
      "risk_min": 6.281477908487432e-06,
      "risk_max": 0.857050895690918,
      "risk_mean": 0.02110397443175316,
      "risk_p25": 0.0030855813529342413,
      "risk_p50": 0.003999717067927122,
      "risk_p75": 0.00536173302680254,
      "risk_p90": 0.008519736118614674,
      "risk_p95": 0.1113012284040451,
      "risk_p99": 0.432108074426651,
      "zero_risk_edge_count": 0,
      "zero_risk_edge_ratio": 0.0,
      "edge_attribute_zero_ratio": 0.928365894290474,
      "matrix_5x8": [
        [
          0,
          85,
          177,
          615,
          296,
          66,
          82,
          0
        ],
        [
          0,
          96,
          248,
          432,
          295,
          93,
          157,
          0
        ],
        [
          0,
          85,
          226,
          485,
          321,
          120,
          83,
          0
        ],
        [
          0,
          81,
          226,
          484,
          285,
          127,
          118,
          0
        ],
        [
          0,
          155,
          270,
          479,
          206,
          94,
          114,
          2
        ]
      ]
    },
    "data_2021": {
      "edge_count": 7647,
      "risk_min": 3.116471347652805e-08,
      "risk_max": 0.8571135997772217,
      "risk_mean": 0.018699537962675095,
      "risk_p25": 0.0030910316854715347,
      "risk_p50": 0.003989991266280413,
      "risk_p75": 0.0051764193922281265,
      "risk_p90": 0.008449018932878971,
      "risk_p95": 0.09194479882717133,
      "risk_p99": 0.4245864450931549,
      "zero_risk_edge_count": 0,
      "zero_risk_edge_ratio": 0.0,
      "edge_attribute_zero_ratio": 0.9314763959722767,
      "matrix_5x8": [
        [
          0,
          69,
          214,
          721,
          415,
          59,
          47,
          5
        ],
        [
          0,
          89,
          295,
          562,
          332,
          110,
          140,
          1
        ],
        [
          0,
          82,
          277,
          614,
          353,
          100,
          103,
          1
        ],
        [
          0,
          70,
          208,
          611,
          430,
          103,
          93,
          14
        ],
        [
          0,
          169,
          326,
          502,
          315,
          92,
          124,
          1
        ]
      ]
    }
  }
}