{
  "model": "sgformer_teg_concat",
  "split": "B",
  "seed": 5,
  "epochs": 50,
  "risk_mode": "exposure_floor",
  "exposure_delta": 0.01,
  "uncertainty_tau": 0.0,
  "experiment_tag": "paper_teg_concat_fusions_10seed",
  "checkpoint_path": "D:\\PyVRP-main\\hazmat_risk_experiments\\outputs_10seed\\models\\checkpoints\\sgformer_teg_concat_splitB_seed5_epochs50_paper_teg_concat_fusions_10seed.pt",
  "best_epoch": 37,
  "model_source": "checkpoint",
  "alpha_ord": 0.5,
  "alpha_hr": 1.0,
  "alpha_topk": 0.3,
  "lambda_nll": 0.0,
  "lambda_var": 0.0,
  "ec_delta_max": 0.05,
  "lambda_edge": 0.0,
  "lambda_edge_high": 0.0,
  "lambda_distill": 0.0,
  "lambda_delta": 0.0,
  "ec_teacher_epochs": 50,
  "gamma_unc": 0.5,
  "logvar_min": -5.0,
  "logvar_max": 2.0,
  "metrics": {
    "data_2020_train": {
      "macro_f1": 0.3407393930482677,
      "weighted_f1": 0.6795836101456783,
      "mae": 0.7465705243957876,
      "qwk": 0.7407766010504254,
      "recall_6_8": 0.975,
      "precision_6_8": 0.6610169491525424,
      "pr_auc_high": 0.8529663493711259,
      "high_fn_rate": 0.025,
      "brier": 0.39185455441474915,
      "ece": 0.08515815447509147,
      "high_risk_recall_at_top10pct": 0.775,
      "high_risk_recall_at_top20pct": 1.0,
      "ndcg_at_top20pct": 0.8212052017052879,
      "high_risk_hits_at_10": 9.0,
      "high_risk_hits_at_20": 17.0
    },
    "data_2021_train": {
      "macro_f1": 0.4172995257173473,
      "weighted_f1": 0.701476183858455,
      "mae": 0.5606373622966317,
      "qwk": 0.8591876701641536,
      "recall_6_8": 0.95,
      "precision_6_8": 0.8636363636363636,
      "pr_auc_high": 0.9837573099415204,
      "high_fn_rate": 0.05,
      "brier": 0.34102198481559753,
      "ece": 0.09472898588600483,
      "high_risk_recall_at_top10pct": 0.85,
      "high_risk_recall_at_top20pct": 1.0,
      "ndcg_at_top20pct": 0.9122492305597276,
      "high_risk_hits_at_10": 10.0,
      "high_risk_hits_at_20": 19.0
    },
    "data_2021_val": {
      "macro_f1": 0.28923160173160173,
      "weighted_f1": 0.6466089466089465,
      "mae": 1.3779119648222542,
      "qwk": 0.31688804554079697,
      "recall_6_8": 0.6,
      "precision_6_8": 0.3333333333333333,
      "pr_auc_high": 0.4009189640768588,
      "high_fn_rate": 0.4,
      "brier": 0.5220785140991211,
      "ece": 0.16843237777551015,
      "high_risk_recall_at_top10pct": 0.4,
      "high_risk_recall_at_top20pct": 0.6,
      "ndcg_at_top20pct": 0.5694166158077154,
      "high_risk_hits_at_10": 3.0,
      "high_risk_hits_at_20": 3.0
    },
    "data_2021_test": {
      "macro_f1": 0.27465826856070763,
      "weighted_f1": 0.6192528631553021,
      "mae": 1.1284862626985417,
      "qwk": 0.4918583763110622,
      "recall_6_8": 0.5384615384615384,
      "precision_6_8": 0.5384615384615384,
      "pr_auc_high": 0.47838929407617486,
      "high_fn_rate": 0.46153846153846156,
      "brier": 0.5243390202522278,
      "ece": 0.11027161152781668,
      "high_risk_recall_at_top10pct": 0.5384615384615384,
      "high_risk_recall_at_top20pct": 0.6923076923076923,
      "ndcg_at_top20pct": 0.5660366977096363,
      "high_risk_hits_at_10": 7.0,
      "high_risk_hits_at_20": 14.0
    }
  },
  "split_sizes": {
    "data_2020": {
      "train": 419,
      "val": 0,
      "test": 0
    },
    "data_2021": {
      "train": 176,
      "val": 45,
      "test": 222
    }
  },
  "risk_summaries": {
    "data_2020": {
      "edge_count": 6603,
      "risk_min": 1.1256762633138351e-07,
      "risk_max": 0.8759938478469849,
      "risk_mean": 0.020046114921569824,
      "risk_p25": 0.0007468362455256283,
      "risk_p50": 0.0016438844613730907,
      "risk_p75": 0.004406954161822796,
      "risk_p90": 0.008552836254239082,
      "risk_p95": 0.09011586755514145,
      "risk_p99": 0.43319812417030334,
      "zero_risk_edge_count": 0,
      "zero_risk_edge_ratio": 0.0,
      "edge_attribute_zero_ratio": 0.928365894290474,
      "matrix_5x8": [
        [
          0,
          637,
          347,
          128,
          65,
          36,
          95,
          13
        ],
        [
          0,
          693,
          251,
          82,
          55,
          78,
          95,
          67
        ],
        [
          0,
          658,
          245,
          137,
          81,
          68,
          82,
          49
        ],
        [
          0,
          650,
          262,
          102,
          110,
          52,
          106,
          39
        ],
        [
          0,
          553,
          349,
          137,
          64,
          73,
          96,
          48
        ]
      ]
    },
    "data_2021": {
      "edge_count": 7647,
      "risk_min": 6.59057022289744e-08,
      "risk_max": 0.8682577610015869,
      "risk_mean": 0.01659131981432438,
      "risk_p25": 0.0007824880303815007,
      "risk_p50": 0.0016891128616407514,
      "risk_p75": 0.004269726574420929,
      "risk_p90": 0.008345133624970913,
      "risk_p95": 0.07801377028226852,
      "risk_p99": 0.41876354813575745,
      "zero_risk_edge_count": 0,
      "zero_risk_edge_ratio": 0.0,
      "edge_attribute_zero_ratio": 0.9314763959722767,
      "matrix_5x8": [
        [
          0,
          681,
          474,
          184,
          89,
          32,
          36,
          34
        ],
        [
          0,
          803,
          277,
          106,
          105,
          71,
          134,
          33
        ],
        [
          0,
          723,
          352,
          133,
          88,
          93,
          108,
          33
        ],
        [
          0,
          743,
          331,
          89,
          111,
          124,
          105,
          26
        ],
        [
          0,
          620,
          467,
          150,
          86,
          54,
          102,
          50
        ]
      ]
    }
  }
}