{
  "model": "edge_gat",
  "split": "B",
  "seed": 7,
  "epochs": 50,
  "risk_mode": "exposure_floor",
  "exposure_delta": 0.01,
  "experiment_tag": "10seed",
  "alpha_ord": 0.5,
  "alpha_hr": 1.0,
  "alpha_topk": 0.3,
  "metrics": {
    "data_2020_train": {
      "macro_f1": 0.6231402276552903,
      "weighted_f1": 0.775328464208141,
      "mae": 0.8817560697004072,
      "qwk": 0.6982565968161172,
      "recall_6_8": 0.725,
      "precision_6_8": 0.8787878787878788,
      "pr_auc_high": 0.8770115944241185,
      "high_fn_rate": 0.275
    },
    "data_2021_train": {
      "macro_f1": 0.6683303219700856,
      "weighted_f1": 0.8160035685199432,
      "mae": 0.6228666480229698,
      "qwk": 0.7432198499711483,
      "recall_6_8": 0.8,
      "precision_6_8": 0.8,
      "pr_auc_high": 0.9506299150929588,
      "high_fn_rate": 0.2
    },
    "data_2021_test": {
      "macro_f1": 0.27291162227602905,
      "weighted_f1": 0.5907601305906391,
      "mae": 1.3900410479509835,
      "qwk": 0.19970161851154,
      "recall_6_8": 0.23076923076923078,
      "precision_6_8": 0.375,
      "pr_auc_high": 0.30258569327082874,
      "high_fn_rate": 0.7692307692307693
    }
  },
  "split_sizes": {
    "data_2020": {
      "train": 419,
      "val": 0,
      "test": 0
    },
    "data_2021": {
      "train": 221,
      "val": 0,
      "test": 222
    }
  },
  "risk_summaries": {
    "data_2020": {
      "edge_count": 6603,
      "risk_min": 2.0946774981212002e-08,
      "risk_max": 0.8963737487792969,
      "risk_mean": 0.020945969969034195,
      "risk_p25": 0.0013067051768302917,
      "risk_p50": 0.0022295552771538496,
      "risk_p75": 0.004027209244668484,
      "risk_p90": 0.008559237234294415,
      "risk_p95": 0.11998062580823898,
      "risk_p99": 0.4327246844768524,
      "zero_risk_edge_count": 0,
      "zero_risk_edge_ratio": 0.0,
      "edge_attribute_zero_ratio": 0.928365894290474,
      "matrix_5x8": [
        [
          0,
          440,
          510,
          184,
          87,
          18,
          69,
          13
        ],
        [
          0,
          471,
          421,
          150,
          102,
          22,
          147,
          8
        ],
        [
          0,
          386,
          435,
          230,
          153,
          37,
          77,
          2
        ],
        [
          0,
          393,
          452,
          204,
          99,
          43,
          102,
          28
        ],
        [
          0,
          327,
          526,
          224,
          86,
          30,
          119,
          8
        ]
      ]
    },
    "data_2021": {
      "edge_count": 7647,
      "risk_min": 5.108969358680326e-10,
      "risk_max": 0.8568118214607239,
      "risk_mean": 0.01804937794804573,
      "risk_p25": 0.0012818118557333946,
      "risk_p50": 0.0021651876159012318,
      "risk_p75": 0.003897490445524454,
      "risk_p90": 0.008513723500072956,
      "risk_p95": 0.09715830534696579,
      "risk_p99": 0.42859095335006714,
      "zero_risk_edge_count": 0,
      "zero_risk_edge_ratio": 0.0,
      "edge_attribute_zero_ratio": 0.9314763959722767,
      "matrix_5x8": [
        [
          0,
          529,
          626,
          242,
          56,
          23,
          52,
          2
        ],
        [
          0,
          571,
          437,
          212,
          121,
          43,
          145,
          0
        ],
        [
          0,
          453,
          518,
          280,
          131,
          34,
          114,
          0
        ],
        [
          0,
          451,
          500,
          220,
          207,
          62,
          77,
          12
        ],
        [
          0,
          437,
          567,
          226,
          134,
          34,
          131,
          0
        ]
      ]
    }
  }
}