beta,lambda_concentration,runs,pyvrp_cost_mean,pyvrp_cost_std,global_risk_mean,global_risk_std,global_cvar90_mean,global_cvar90_std,max_vehicle_risk_mean,max_vehicle_risk_std,max_vehicle_cvar90_mean,max_vehicle_cvar90_std,vehicle_risk_gini_mean,vehicle_risk_gini_std,risk_variance_mean,risk_variance_std,edge_burden_gini_used_mean,edge_burden_gini_used_std,top10_burden_share_mean,top10_burden_share_std,max_edge_burden_mean,max_edge_burden_std,cost_increase_pct,risk_reduction_pct
0.0,0.0,10,146730.9,582.7275807213293,8.95810006109416,0.6018592822520008,0.2798878166174476,0.03415783967361176,2.9491240842093247,0.25874883304950247,0.4445011527091265,0.0798341464289471,0.21979951004010156,0.034839403700743454,0.5376184940853294,0.16450686782195284,0.8813599204757839,0.005012560716492578,0.9023579612308079,0.008598286933634798,1.0929121375083923,0.3149936868924609,0.0,0.0
2.0,1.0,10,222207.4,473.9522245027563,3.3551505417556613,0.07609980012528077,0.07811422206264129,0.003571078831838642,1.3663865221180458,0.2928162415005317,0.13897781607870974,0.03679171862747912,0.3556190425039674,0.08175229249672729,0.21126436437262028,0.10611096885651204,0.822566579229089,0.004164600570964143,0.782801491414307,0.0063401076368504936,0.7642931938171387,0.0,0.5143872217780986,0.625461814572935
