{
  "model": "gcn_teg_concat",
  "split": "B",
  "seed": 0,
  "epochs": 50,
  "risk_mode": "exposure_floor",
  "exposure_delta": 0.01,
  "experiment_tag": "",
  "alpha_ord": 0.3,
  "alpha_hr": 0.5,
  "alpha_topk": 0.1,
  "metrics": {
    "data_2020_train": {
      "macro_f1": 0.47987051834040856,
      "weighted_f1": 0.7476784085190165,
      "mae": 0.6405292964780835,
      "qwk": 0.7543750993588045,
      "recall_6_8": 0.8,
      "precision_6_8": 0.8,
      "pr_auc_high": 0.8784952579240711,
      "high_fn_rate": 0.2
    },
    "data_2021_train": {
      "macro_f1": 0.5706038946404057,
      "weighted_f1": 0.788879153036175,
      "mae": 0.5142355545572855,
      "qwk": 0.8379888571521661,
      "recall_6_8": 0.88,
      "precision_6_8": 0.9565217391304348,
      "pr_auc_high": 0.9708444315918002,
      "high_fn_rate": 0.12
    },
    "data_2021_test": {
      "macro_f1": 0.3212459725759173,
      "weighted_f1": 0.6258074152468153,
      "mae": 1.10700723208621,
      "qwk": 0.303125611905228,
      "recall_6_8": 0.2692307692307692,
      "precision_6_8": 0.5384615384615384,
      "pr_auc_high": 0.41366466082127606,
      "high_fn_rate": 0.7307692307692307
    }
  },
  "split_sizes": {
    "data_2020": {
      "train": 419,
      "val": 0,
      "test": 0
    },
    "data_2021": {
      "train": 221,
      "val": 0,
      "test": 222
    }
  },
  "risk_summaries": {
    "data_2020": {
      "edge_count": 6603,
      "risk_min": 3.4059796649721363e-10,
      "risk_max": 0.8755144476890564,
      "risk_mean": 0.018314069136977196,
      "risk_p25": 0.0005587746272794902,
      "risk_p50": 0.0015203905059024692,
      "risk_p75": 0.0034725829027593136,
      "risk_p90": 0.00854426808655262,
      "risk_p95": 0.07897626608610153,
      "risk_p99": 0.43201586604118347,
      "zero_risk_edge_count": 0,
      "zero_risk_edge_ratio": 0.0,
      "edge_attribute_zero_ratio": 0.928365894290474,
      "matrix_5x8": [
        [
          0,
          764,
          299,
          90,
          61,
          24,
          68,
          15
        ],
        [
          0,
          694,
          298,
          116,
          35,
          38,
          132,
          8
        ],
        [
          0,
          621,
          331,
          147,
          95,
          43,
          80,
          3
        ],
        [
          0,
          645,
          302,
          141,
          67,
          56,
          82,
          28
        ],
        [
          0,
          628,
          355,
          111,
          68,
          33,
          111,
          14
        ]
      ]
    },
    "data_2021": {
      "edge_count": 7647,
      "risk_min": 0.0,
      "risk_max": 0.8495379090309143,
      "risk_mean": 0.015658002346754074,
      "risk_p25": 0.0005873787449672818,
      "risk_p50": 0.0015081452438607812,
      "risk_p75": 0.0034498588647693396,
      "risk_p90": 0.008378436788916588,
      "risk_p95": 0.0689428374171257,
      "risk_p99": 0.40923160314559937,
      "zero_risk_edge_count": 1,
      "zero_risk_edge_ratio": 0.0001307702366941284,
      "edge_attribute_zero_ratio": 0.9314763959722767,
      "matrix_5x8": [
        [
          1,
          917,
          320,
          167,
          76,
          7,
          38,
          4
        ],
        [
          0,
          752,
          335,
          145,
          129,
          51,
          117,
          0
        ],
        [
          0,
          700,
          380,
          218,
          94,
          32,
          100,
          6
        ],
        [
          0,
          740,
          330,
          180,
          127,
          59,
          80,
          13
        ],
        [
          0,
          726,
          385,
          171,
          86,
          53,
          103,
          5
        ]
      ]
    }
  }
}