{
  "name": "label_reference_splitB_seed5_10seed_floor_0p01",
  "base_risk_dir": "D:\\PyVRP-main\\hazmat_risk_experiments\\outputs_10seed\\risk_matrices\\gcn_teg_concat_splitB_seed5_epochs50_10seed_floor_0p01",
  "definition": "labeled nodes use true y; unlabeled nodes use base predictions",
  "risk_mode": "floor_0.01",
  "summaries": [
    {
      "year": "data_2020",
      "node_count": 4696,
      "labeled_nodes": 419,
      "edge_count": 6603,
      "risk_mean": 0.017622916027903557,
      "risk_p90": 0.008571428246796131,
      "risk_p95": 0.07153931260108948,
      "risk_p99": 0.4328571557998657,
      "risk_max": 1.0,
      "zero_risk_edge_ratio": 0.004391943056186582
    },
    {
      "year": "data_2021",
      "node_count": 5261,
      "labeled_nodes": 443,
      "edge_count": 7647,
      "risk_mean": 0.014962960965931416,
      "risk_p90": 0.008571428246796131,
      "risk_p95": 0.04860558360815048,
      "risk_p99": 0.4285713732242584,
      "risk_max": 0.9999998807907104,
      "zero_risk_edge_ratio": 0.006800052308094677
    }
  ]
}