{
  "model": "stable_tail_rc_gnn",
  "source_model": "gcn_teg_concat",
  "seed": 0,
  "delta": 0.08,
  "risk_mode": "exposure_floor",
  "exposure_delta": 0.01,
  "posthoc_formula": "clip(S_i_norm + delta * P_high * (1 - S_i_norm), 0, 1)",
  "risk_summaries": {
    "data_2020": {
      "edge_count": 6603,
      "risk_min": 3.4059966261055645e-10,
      "risk_max": 0.8843592287139711,
      "risk_mean": 0.018770389033280377,
      "risk_p25": 0.0005759149986251275,
      "risk_p50": 0.0015657531291494594,
      "risk_p75": 0.0036148100113846697,
      "risk_p90": 0.008659777721381937,
      "risk_p95": 0.08324164455896496,
      "risk_p99": 0.43779399305220984,
      "zero_risk_edge_count": 0,
      "zero_risk_edge_ratio": 0.0,
      "edge_attribute_zero_ratio": 0.928365894290474,
      "matrix_5x8": [
        [
          0,
          764,
          299,
          90,
          61,
          24,
          68,
          15
        ],
        [
          0,
          694,
          298,
          116,
          35,
          38,
          132,
          8
        ],
        [
          0,
          621,
          331,
          147,
          95,
          43,
          80,
          3
        ],
        [
          0,
          645,
          302,
          141,
          67,
          56,
          82,
          28
        ],
        [
          0,
          628,
          355,
          111,
          68,
          33,
          111,
          14
        ]
      ]
    },
    "data_2021": {
      "edge_count": 7647,
      "risk_min": 3.39067552257689e-17,
      "risk_max": 0.8614042938820207,
      "risk_mean": 0.016077701159968552,
      "risk_p25": 0.000606228265509851,
      "risk_p50": 0.0015645100555634567,
      "risk_p75": 0.003573705713622097,
      "risk_p90": 0.008503748497008363,
      "risk_p95": 0.07022055735594362,
      "risk_p99": 0.4218546843773344,
      "zero_risk_edge_count": 1,
      "zero_risk_edge_ratio": 0.0001307702366941284,
      "edge_attribute_zero_ratio": 0.9314763959722767,
      "matrix_5x8": [
        [
          1,
          917,
          320,
          167,
          76,
          7,
          38,
          4
        ],
        [
          0,
          752,
          335,
          145,
          129,
          51,
          117,
          0
        ],
        [
          0,
          700,
          380,
          218,
          94,
          32,
          100,
          6
        ],
        [
          0,
          740,
          330,
          180,
          127,
          59,
          80,
          13
        ],
        [
          0,
          726,
          385,
          171,
          86,
          53,
          103,
          5
        ]
      ]
    }
  }
}