beta,lambda_concentration,runs,pyvrp_cost_mean,pyvrp_cost_std,global_risk_mean,global_risk_std,global_cvar90_mean,global_cvar90_std,max_vehicle_risk_mean,max_vehicle_risk_std,max_vehicle_cvar90_mean,max_vehicle_cvar90_std,vehicle_risk_gini_mean,vehicle_risk_gini_std,risk_variance_mean,risk_variance_std,edge_burden_gini_used_mean,edge_burden_gini_used_std,top10_burden_share_mean,top10_burden_share_std,max_edge_burden_mean,max_edge_burden_std,cost_increase_pct,risk_reduction_pct
0.0,0.0,5,133997.2,0.4472135954999579,8.581750303273628,0.8621178628173097,0.2887036321068396,0.03254794403458943,2.890478809756535,0.4409197351120581,0.47193700401863037,0.10785369591393065,0.22888694014466449,0.04431646247036588,0.5799472946883771,0.27886505864228134,0.8506526386437538,0.012458153377289205,0.8776458888189387,0.011634056685680792,1.3451928418045127,0.4440064253280295,0.0,0.0
1.0,0.0,5,158510.6,469.42177197058083,3.189173757149083,0.2144427329925262,0.07623330173043022,0.009529991464862086,1.0922270668149938,0.14052662147124306,0.1431346387958869,0.028216268174700344,0.2610089793896216,0.03922824607754681,0.10064832565013877,0.03575743316597439,0.7176075340423788,0.016506704019421704,0.7057620502490807,0.01957107621085009,0.5104681976826598,0.0,0.18293964351493905,0.6283772372247702
