{
  "model": "ua_gnn",
  "split": "B",
  "seed": 2,
  "epochs": 50,
  "risk_mode": "exposure_floor",
  "exposure_delta": 0.01,
  "uncertainty_tau": 0.5,
  "experiment_tag": "ua_pretest_3seed",
  "alpha_ord": 0.3,
  "alpha_hr": 0.5,
  "alpha_topk": 0.1,
  "lambda_nll": 0.2,
  "lambda_var": 0.01,
  "metrics": {
    "data_2020_train": {
      "macro_f1": 0.344147500297695,
      "weighted_f1": 0.6466538848634594,
      "mae": 1.1299289218148107,
      "qwk": 0.39462675874146746,
      "recall_6_8": 0.35,
      "precision_6_8": 0.7,
      "pr_auc_high": 0.6345641582333439,
      "high_fn_rate": 0.65,
      "brier": 0.4141860902309418,
      "ece": 0.0935929102516402,
      "ordinal_nll": 0.8570464143675259,
      "uncertainty_mean": 1.5634618997573853,
      "correct_uncertainty": 1.510328769683838,
      "error_uncertainty": 1.6989960670471191,
      "error_uncertainty_corr": 0.1508004110250068,
      "high_fn_uncertainty": 1.8703659772872925
    },
    "data_2021_train": {
      "macro_f1": 0.3449269991015274,
      "weighted_f1": 0.6451289369158404,
      "mae": 1.01685677908831,
      "qwk": 0.4100162983328496,
      "recall_6_8": 0.36,
      "precision_6_8": 0.75,
      "pr_auc_high": 0.7842419231658676,
      "high_fn_rate": 0.64,
      "brier": 0.380754679441452,
      "ece": 0.10697110226521125,
      "ordinal_nll": 0.7406244168708417,
      "uncertainty_mean": 1.5089191198349,
      "correct_uncertainty": 1.448038935661316,
      "error_uncertainty": 1.6582659482955933,
      "error_uncertainty_corr": 0.17107557072516144,
      "high_fn_uncertainty": 1.6554086208343506
    },
    "data_2021_test": {
      "macro_f1": 0.23707989637078664,
      "weighted_f1": 0.5732676134677515,
      "mae": 1.3721781723841124,
      "qwk": 0.12241142489106804,
      "recall_6_8": 0.11538461538461539,
      "precision_6_8": 0.375,
      "pr_auc_high": 0.3808223007905635,
      "high_fn_rate": 0.8846153846153846,
      "brier": 0.5103429555892944,
      "ece": 0.061353271743198774,
      "ordinal_nll": 1.089380623269194,
      "uncertainty_mean": 1.466407060623169,
      "correct_uncertainty": 1.3543803691864014,
      "error_uncertainty": 1.6816157102584839,
      "error_uncertainty_corr": 0.27134400783697177,
      "high_fn_uncertainty": 1.841064453125
    }
  },
  "split_sizes": {
    "data_2020": {
      "train": 419,
      "val": 0,
      "test": 0
    },
    "data_2021": {
      "train": 221,
      "val": 0,
      "test": 222
    }
  },
  "risk_summaries": {
    "data_2020": {
      "edge_count": 6603,
      "risk_min": 0.0002609016955830157,
      "risk_max": 1.0,
      "risk_mean": 0.0353689007461071,
      "risk_p25": 0.004068337380886078,
      "risk_p50": 0.005010046996176243,
      "risk_p75": 0.006626694463193417,
      "risk_p90": 0.009999999776482582,
      "risk_p95": 0.2720615863800049,
      "risk_p99": 0.6626694798469543,
      "zero_risk_edge_count": 0,
      "zero_risk_edge_ratio": 0.0,
      "edge_attribute_zero_ratio": 0.928365894290474,
      "matrix_5x8": [
        [
          0,
          284,
          673,
          303,
          23,
          27,
          11,
          0
        ],
        [
          0,
          388,
          528,
          267,
          37,
          35,
          66,
          0
        ],
        [
          0,
          280,
          592,
          300,
          58,
          47,
          43,
          0
        ],
        [
          0,
          261,
          603,
          306,
          50,
          74,
          27,
          0
        ],
        [
          0,
          228,
          605,
          345,
          51,
          64,
          27,
          0
        ]
      ]
    },
    "data_2021": {
      "edge_count": 7647,
      "risk_min": 0.0010409809183329344,
      "risk_max": 0.9999998807907104,
      "risk_mean": 0.0336562916636467,
      "risk_p25": 0.004169937688857317,
      "risk_p50": 0.005005075596272945,
      "risk_p75": 0.006479829549789429,
      "risk_p90": 0.009999999776482582,
      "risk_p95": 0.25744596123695374,
      "risk_p99": 0.6061217188835144,
      "zero_risk_edge_count": 0,
      "zero_risk_edge_ratio": 0.0,
      "edge_attribute_zero_ratio": 0.9314763959722767,
      "matrix_5x8": [
        [
          0,
          325,
          783,
          366,
          7,
          43,
          4,
          2
        ],
        [
          0,
          391,
          677,
          308,
          55,
          41,
          57,
          0
        ],
        [
          0,
          284,
          721,
          378,
          60,
          56,
          31,
          0
        ],
        [
          0,
          284,
          677,
          359,
          131,
          38,
          30,
          10
        ],
        [
          0,
          282,
          623,
          436,
          85,
          72,
          31,
          0
        ]
      ]
    }
  }
}