beta,lambda_concentration,runs,pyvrp_cost_mean,pyvrp_cost_std,global_risk_mean,global_risk_std,global_cvar90_mean,global_cvar90_std,max_vehicle_risk_mean,max_vehicle_risk_std,max_vehicle_cvar90_mean,max_vehicle_cvar90_std,vehicle_risk_gini_mean,vehicle_risk_gini_std,risk_variance_mean,risk_variance_std,edge_burden_gini_used_mean,edge_burden_gini_used_std,top10_burden_share_mean,top10_burden_share_std,max_edge_burden_mean,max_edge_burden_std,cost_increase_pct,risk_reduction_pct
0.0,0.0,10,133997.5,0.7071067811865476,7.554592602972116,0.7901744914147215,0.21278870432351488,0.04597029384982946,2.275585775257059,0.41317205791942485,0.37162901426148076,0.09161816031162463,0.17618569986109697,0.05934652003664178,0.2790620659948679,0.19980960239473752,0.8764386373398028,0.0063952604116720895,0.8914303529757571,0.0075107322217322645,1.1473058223724366,0.16249696509626316,0.0,0.0
1.0,0.0,10,154230.8,159.51579510784785,2.628116652627432,0.26081029140285455,0.06876177290569033,0.009156647953935261,1.012191371312656,0.12265778981711056,0.10847458628316722,0.020958839431096193,0.31466794495706557,0.07005345743046656,0.09884960464953363,0.036421562760192004,0.7726080980562464,0.019719106536136108,0.7334030777960518,0.024705236274619635,0.5264518082141876,0.0497543311545866,0.15099759323867973,0.6521166936792682
2.0,0.0,10,164746.4,357.77590751754093,1.9700266935207764,0.2641203609003525,0.04271724529729541,0.008641595593689908,0.6121432351850672,0.07673151152114036,0.06347231435988629,0.007672534428523087,0.23203470479013974,0.043033586664102376,0.027212089097564042,0.007001243976026,0.7168652750556586,0.02971770988811423,0.6538770917734088,0.041512258733049014,0.32487660050392153,0.12161249679604867,0.22947368421052627,0.739227937619499
