beta,lambda_concentration,runs,pyvrp_cost_mean,pyvrp_cost_std,global_risk_mean,global_risk_std,global_cvar90_mean,global_cvar90_std,max_vehicle_risk_mean,max_vehicle_risk_std,max_vehicle_cvar90_mean,max_vehicle_cvar90_std,vehicle_risk_gini_mean,vehicle_risk_gini_std,risk_variance_mean,risk_variance_std,edge_burden_gini_used_mean,edge_burden_gini_used_std,top10_burden_share_mean,top10_burden_share_std,max_edge_burden_mean,max_edge_burden_std,cost_increase_pct,risk_reduction_pct
0.0,0.0,5,133997.4,0.5477225575051661,6.42121242324356,0.9205404306617638,0.1900141812336623,0.04654850591729258,2.233108495082706,0.5442422913288364,0.38202492451295256,0.12592224210357705,0.24387771832123167,0.07426661869196713,0.3843638690629713,0.28700439936867583,0.8728380487069783,0.010354760466283072,0.889203094422861,0.010147475451239318,1.026031768321991,0.3794335259207999,0.0,0.0
1.0,0.0,5,154698.8,148.6092190949135,2.449773936841666,0.2773942468857649,0.057539574801241986,0.010858422787971892,0.773951566015603,0.14194917896526676,0.0865750532207035,0.017032314249737356,0.2089155006490448,0.07382103223423281,0.04009622636910219,0.03580137142738329,0.7752512129792931,0.018852315758228662,0.7494322111143521,0.025644931976705632,0.3692485630512238,0.045839432750751974,0.15449105728917126,0.6184873236751097
1.0,1.0,5,163782.8,356.01221889143073,2.1113205503555945,0.08015148222345846,0.04694142917945207,0.00456932926088406,0.7392798365617637,0.07586008516315802,0.08478672701333251,0.009035576499996825,0.25655825755335404,0.047319241270205724,0.043537292511843996,0.012604195604283068,0.7533244826062889,0.011482468575939181,0.7185967526103313,0.015085361417568164,0.31903398036956787,0.0,0.22228341743944283,0.6711959656226775
