{
  "model": "gcn",
  "split": "B",
  "seed": 6,
  "epochs": 50,
  "risk_mode": "exposure_floor",
  "exposure_delta": 0.01,
  "uncertainty_tau": 0.0,
  "experiment_tag": "paper_comparison_10seed",
  "checkpoint_path": "D:\\PyVRP-main\\hazmat_risk_experiments\\outputs_10seed\\models\\checkpoints\\gcn_splitB_seed6_epochs50_paper_comparison_10seed.pt",
  "best_epoch": 21,
  "model_source": "checkpoint",
  "alpha_ord": 0.5,
  "alpha_hr": 1.0,
  "alpha_topk": 0.3,
  "lambda_nll": 0.0,
  "lambda_var": 0.0,
  "ec_delta_max": 0.05,
  "lambda_edge": 0.0,
  "lambda_edge_high": 0.0,
  "lambda_distill": 0.0,
  "lambda_delta": 0.0,
  "ec_teacher_epochs": 50,
  "gamma_unc": 0.5,
  "logvar_min": -5.0,
  "logvar_max": 2.0,
  "metrics": {
    "data_2020_train": {
      "macro_f1": 0.37152910573608544,
      "weighted_f1": 0.6726675925796234,
      "mae": 1.4097296854317451,
      "qwk": 0.41828724661004546,
      "recall_6_8": 0.4,
      "precision_6_8": 0.5714285714285714,
      "pr_auc_high": 0.5725439378778464,
      "high_fn_rate": 0.6,
      "brier": 0.5082578659057617,
      "ece": 0.2575271380687385,
      "high_risk_recall_at_top10pct": 0.55,
      "high_risk_recall_at_top20pct": 0.775,
      "ndcg_at_top20pct": 0.640041027677556,
      "high_risk_hits_at_10": 7.0,
      "high_risk_hits_at_20": 11.0
    },
    "data_2021_train": {
      "macro_f1": 0.502663829703593,
      "weighted_f1": 0.7166022721316474,
      "mae": 1.3220785638075978,
      "qwk": 0.37564795823233277,
      "recall_6_8": 0.45,
      "precision_6_8": 0.6,
      "pr_auc_high": 0.6747337375415248,
      "high_fn_rate": 0.55,
      "brier": 0.4513477087020874,
      "ece": 0.25444309193302284,
      "high_risk_recall_at_top10pct": 0.5,
      "high_risk_recall_at_top20pct": 0.8,
      "ndcg_at_top20pct": 0.6050908210309759,
      "high_risk_hits_at_10": 6.0,
      "high_risk_hits_at_20": 11.0
    },
    "data_2021_val": {
      "macro_f1": 0.2602564102564103,
      "weighted_f1": 0.6064957264957266,
      "mae": 1.4154846727233727,
      "qwk": 0.4716514753591844,
      "recall_6_8": 0.4,
      "precision_6_8": 0.6666666666666666,
      "pr_auc_high": 0.6488888888888888,
      "high_fn_rate": 0.6,
      "brier": 0.5819247961044312,
      "ece": 0.21793023612764148,
      "high_risk_recall_at_top10pct": 0.6,
      "high_risk_recall_at_top20pct": 0.8,
      "ndcg_at_top20pct": 0.7229511228878115,
      "high_risk_hits_at_10": 4.0,
      "high_risk_hits_at_20": 4.0
    },
    "data_2021_test": {
      "macro_f1": 0.24388557123899143,
      "weighted_f1": 0.6026203076040211,
      "mae": 1.5642830042420037,
      "qwk": 0.2896681478914208,
      "recall_6_8": 0.23076923076923078,
      "precision_6_8": 0.46153846153846156,
      "pr_auc_high": 0.3393031988832127,
      "high_fn_rate": 0.7692307692307693,
      "brier": 0.5715777277946472,
      "ece": 0.22016249778302938,
      "high_risk_recall_at_top10pct": 0.2692307692307692,
      "high_risk_recall_at_top20pct": 0.5,
      "ndcg_at_top20pct": 0.5119247881124998,
      "high_risk_hits_at_10": 5.0,
      "high_risk_hits_at_20": 7.0
    }
  },
  "split_sizes": {
    "data_2020": {
      "train": 419,
      "val": 0,
      "test": 0
    },
    "data_2021": {
      "train": 176,
      "val": 45,
      "test": 222
    }
  },
  "risk_summaries": {
    "data_2020": {
      "edge_count": 6603,
      "risk_min": 1.808115302992519e-05,
      "risk_max": 0.8309174180030823,
      "risk_mean": 0.022034067660570145,
      "risk_p25": 0.002376335673034191,
      "risk_p50": 0.003154496429488063,
      "risk_p75": 0.004048633389174938,
      "risk_p90": 0.007880359888076782,
      "risk_p95": 0.1653139591217041,
      "risk_p99": 0.4196133017539978,
      "zero_risk_edge_count": 0,
      "zero_risk_edge_ratio": 0.0,
      "edge_attribute_zero_ratio": 0.928365894290474,
      "matrix_5x8": [
        [
          0,
          142,
          438,
          596,
          57,
          33,
          55,
          0
        ],
        [
          0,
          159,
          457,
          463,
          65,
          59,
          118,
          0
        ],
        [
          0,
          122,
          383,
          577,
          102,
          60,
          76,
          0
        ],
        [
          0,
          137,
          393,
          553,
          73,
          107,
          58,
          0
        ],
        [
          0,
          108,
          369,
          599,
          97,
          62,
          85,
          0
        ]
      ]
    },
    "data_2021": {
      "edge_count": 7647,
      "risk_min": 0.0001874129957286641,
      "risk_max": 0.8353188037872314,
      "risk_mean": 0.020587852224707603,
      "risk_p25": 0.0023847888223826885,
      "risk_p50": 0.003112556179985404,
      "risk_p75": 0.0038568887393921614,
      "risk_p90": 0.0072275446727871895,
      "risk_p95": 0.1546563357114792,
      "risk_p99": 0.41122475266456604,
      "zero_risk_edge_count": 0,
      "zero_risk_edge_ratio": 0.0,
      "edge_attribute_zero_ratio": 0.9314763959722767,
      "matrix_5x8": [
        [
          0,
          171,
          577,
          687,
          35,
          20,
          40,
          0
        ],
        [
          0,
          179,
          566,
          530,
          121,
          57,
          76,
          0
        ],
        [
          0,
          140,
          415,
          700,
          145,
          70,
          60,
          0
        ],
        [
          0,
          134,
          433,
          627,
          194,
          98,
          43,
          0
        ],
        [
          0,
          145,
          432,
          663,
          131,
          100,
          58,
          0
        ]
      ]
    }
  }
}