beta,lambda_concentration,runs,pyvrp_cost_mean,pyvrp_cost_std,global_risk_mean,global_risk_std,global_cvar90_mean,global_cvar90_std,max_vehicle_risk_mean,max_vehicle_risk_std,max_vehicle_cvar90_mean,max_vehicle_cvar90_std,vehicle_risk_gini_mean,vehicle_risk_gini_std,risk_variance_mean,risk_variance_std,edge_burden_gini_used_mean,edge_burden_gini_used_std,top10_burden_share_mean,top10_burden_share_std,max_edge_burden_mean,max_edge_burden_std,cost_increase_pct,risk_reduction_pct
0.0,0.0,10,146730.9,582.7275807213293,11.804736946697812,0.7689123291819548,0.3003143228625098,0.08945379185204876,3.657282647397369,0.3502015875906969,0.5381232036153475,0.0950035818083467,0.1921789705976396,0.04009827048884707,0.718924687662293,0.24501847452743006,0.853546821065357,0.00586986541418552,0.8851027383268205,0.014258175101288581,1.4400166034698487,0.2951370384944604,0.0,0.0
1.0,0.0,10,181286.6,395.63569100878647,5.382158138870727,0.41520742731844873,0.11122061240350649,0.012091865085319595,1.8297385848942214,0.274641763726303,0.20645919345274924,0.030943238045995757,0.2740891664415213,0.04668937011027131,0.30352892742627324,0.12395297662841838,0.7915273009922754,0.010794081282456687,0.7993727683343905,0.017631861066621606,0.7691749334335327,0.10144666728469122,0.235503905448682,0.5440679311048228
