beta,lambda_concentration,runs,pyvrp_cost_mean,pyvrp_cost_std,global_risk_mean,global_risk_std,global_cvar90_mean,global_cvar90_std,max_vehicle_risk_mean,max_vehicle_risk_std,max_vehicle_cvar90_mean,max_vehicle_cvar90_std,vehicle_risk_gini_mean,vehicle_risk_gini_std,risk_variance_mean,risk_variance_std,edge_burden_gini_used_mean,edge_burden_gini_used_std,top10_burden_share_mean,top10_burden_share_std,max_edge_burden_mean,max_edge_burden_std,cost_increase_pct,risk_reduction_pct
0.0,0.0,10,133997.6,0.6992058987801011,6.793623848052812,0.8053399015101104,0.19429821671080683,0.04189731227541221,2.0787787152527017,0.40940799830712776,0.36279354209257736,0.08467281820637207,0.18339513018329343,0.06940543467318085,0.24086552198184513,0.2073764365061741,0.8647536492014511,0.008781780325609022,0.8844985996204207,0.009531834591353278,1.078928542137146,0.35788037307503856,0.0,0.0
1.0,0.0,10,156669.3,288.74019463870974,2.5731607750509284,0.1529584653507196,0.06749374656839464,0.005000089799452642,0.9439178378612268,0.1766682382236588,0.11195600674088513,0.02453100418548192,0.2583645821048787,0.05837734818105723,0.0677858913880864,0.031062018912692207,0.7707888559206415,0.00818825314345254,0.7494776115739985,0.012433363208196177,0.38043892085552217,0.020922884864881145,0.16919482139978612,0.6212388509279818
