beta,lambda_concentration,runs,pyvrp_cost_mean,pyvrp_cost_std,global_risk_mean,global_risk_std,global_cvar90_mean,global_cvar90_std,max_vehicle_risk_mean,max_vehicle_risk_std,max_vehicle_cvar90_mean,max_vehicle_cvar90_std,vehicle_risk_gini_mean,vehicle_risk_gini_std,risk_variance_mean,risk_variance_std,edge_burden_gini_used_mean,edge_burden_gini_used_std,top10_burden_share_mean,top10_burden_share_std,max_edge_burden_mean,max_edge_burden_std,cost_increase_pct,risk_reduction_pct
0.0,0.0,3,133997.33333333334,0.5773502691896258,2.952100654821455,0.2055957099637459,0.08130443667879557,0.009967317243452461,0.9302265194322293,0.0034128735505342834,0.14362729537404245,0.01629652426912495,0.16475478614725123,0.04329549601548945,0.042506066581473816,0.01632796357230963,0.7806025051867317,0.006251008831395508,0.7613137117022689,0.0050451821366988845,0.34178152680397034,0.0,0.0,0.0
1.0,0.0,3,156530.33333333334,473.5021999244917,1.4113856760086492,0.08639525166077286,0.027299034008936962,0.0024104270692266185,0.4903975419777756,0.10464869014043492,0.04464959709476384,0.004502046272615705,0.2129231112985417,0.046637805123249755,0.014910817618174732,0.010124318315852669,0.6296077852886722,0.021857683544632286,0.5570485369192134,0.027100889698043206,0.21011696259180704,0.09098331368526474,0.1681600628868236,0.5219046228305069
