beta,lambda_concentration,runs,pyvrp_cost_mean,pyvrp_cost_std,global_risk_mean,global_risk_std,global_cvar90_mean,global_cvar90_std,max_vehicle_risk_mean,max_vehicle_risk_std,max_vehicle_cvar90_mean,max_vehicle_cvar90_std,vehicle_risk_gini_mean,vehicle_risk_gini_std,risk_variance_mean,risk_variance_std,edge_burden_gini_used_mean,edge_burden_gini_used_std,top10_burden_share_mean,top10_burden_share_std,max_edge_burden_mean,max_edge_burden_std,cost_increase_pct,risk_reduction_pct
0.0,0.0,10,146730.9,582.7275807213293,8.346081908286882,0.633354477321561,0.2611915649635157,0.032820293860718434,2.7478184455889276,0.3670992205384199,0.3975855664518617,0.05974136296393703,0.2183904182495965,0.034214440897368525,0.4835596905952899,0.1845862742588197,0.8686241235277118,0.006576247379906353,0.8935316107514739,0.009652398484185977,1.028466385602951,0.3564929050022736,0.0,0.0
1.0,0.0,10,176913.4,453.9613786803161,3.8426822065079884,0.3033735892849458,0.09322831005882573,0.0075756232434848695,1.3094456284109286,0.15692498370275632,0.15541837691728558,0.01231940006717951,0.3030754785552811,0.05935323719919326,0.19005189749029433,0.07718132994843967,0.8201388278694232,0.010071688910976257,0.8069508665052718,0.016354915380707217,0.5138984680175781,0.009079818887691132,0.2056996856149591,0.539582495267258
1.0,1.0,10,191537.3,297.3632458795135,3.1077562934919216,0.1651070087518084,0.07443130321622728,0.006604498225563659,1.0343897399216075,0.11036733913583999,0.11889019917164531,0.007210951167460543,0.27949469919943226,0.030588909938621157,0.10407167624705196,0.025670643883133434,0.7972253704436213,0.006513403919618459,0.7699435264795211,0.011428245426603686,0.4966707229614258,0.0,0.30536444607100477,0.6276388935978645
