beta,lambda_concentration,runs,pyvrp_cost_mean,pyvrp_cost_std,global_risk_mean,global_risk_std,global_cvar90_mean,global_cvar90_std,max_vehicle_risk_mean,max_vehicle_risk_std,max_vehicle_cvar90_mean,max_vehicle_cvar90_std,vehicle_risk_gini_mean,vehicle_risk_gini_std,risk_variance_mean,risk_variance_std,edge_burden_gini_used_mean,edge_burden_gini_used_std,top10_burden_share_mean,top10_burden_share_std,max_edge_burden_mean,max_edge_burden_std,cost_increase_pct,risk_reduction_pct
0.0,0.0,10,133997.6,0.6992058987801011,12.004002959677019,1.1637122946068115,0.2935381603907401,0.09368462753918491,3.3400242280215027,0.2958238068080072,0.49457256037801034,0.14748150135358942,0.1377554326255458,0.030886581784202533,0.40833675115056217,0.17861841180445925,0.8451446273868157,0.008022536358774333,0.8823687619860612,0.014294180443299966,1.5285032391548157,0.32536351147629017,0.0,0.0
1.5,1.0,10,185678.1,324.56173869114986,3.4408128048758955,0.2936388115212158,0.05868005125075848,0.007017440533113913,1.628442939859815,0.0023048622512226893,0.16327248721693952,0.016713453894875708,0.3706884039207687,0.02308935834786581,0.2519818484900175,0.012000948244587866,0.6632593644858844,0.02473341065659115,0.6486076028779802,0.027951548383151437,0.9193431735038757,0.0,0.3856822808766724,0.7133612165512838
2.0,1.0,10,193707.2,368.49507760921614,3.523276353487745,0.323342956390204,0.06158959850708379,0.008351130007838195,1.5962088914820924,0.13080375286884946,0.12565256855982757,0.026468557680535822,0.35760515743337173,0.028195439916867134,0.23989238693700718,0.029916096585229018,0.6725738016206343,0.027775495201178387,0.6566281015523762,0.031211766871365648,0.9193431735038757,0.0,0.4456020107822827,0.7064915457515641
