{
  "model": "teg_gnn",
  "split": "B",
  "seed": 2,
  "epochs": 50,
  "risk_mode": "exposure_floor",
  "exposure_delta": 0.01,
  "experiment_tag": "teg_low_tail",
  "alpha_ord": 0.5,
  "alpha_hr": 1.0,
  "alpha_topk": 0.3,
  "metrics": {
    "data_2020_train": {
      "macro_f1": 0.6065438699855866,
      "weighted_f1": 0.7157615969493146,
      "mae": 1.2767850141368569,
      "qwk": 0.66664203497208,
      "recall_6_8": 0.775,
      "precision_6_8": 0.7045454545454546,
      "pr_auc_high": 0.8369425048790111,
      "high_fn_rate": 0.225
    },
    "data_2021_train": {
      "macro_f1": 0.7255081451851504,
      "weighted_f1": 0.7764952538047553,
      "mae": 1.1467856145080748,
      "qwk": 0.7740743501549405,
      "recall_6_8": 0.84,
      "precision_6_8": 0.8076923076923077,
      "pr_auc_high": 0.9134171690124384,
      "high_fn_rate": 0.16
    },
    "data_2021_test": {
      "macro_f1": 0.29319025824447864,
      "weighted_f1": 0.5843612016111063,
      "mae": 1.558147940533198,
      "qwk": 0.3525361020963542,
      "recall_6_8": 0.34615384615384615,
      "precision_6_8": 0.391304347826087,
      "pr_auc_high": 0.4041672545735044,
      "high_fn_rate": 0.6538461538461539
    }
  },
  "split_sizes": {
    "data_2020": {
      "train": 419,
      "val": 0,
      "test": 0
    },
    "data_2021": {
      "train": 221,
      "val": 0,
      "test": 222
    }
  },
  "risk_summaries": {
    "data_2020": {
      "edge_count": 6603,
      "risk_min": 7.63194930186728e-06,
      "risk_max": 0.9300880432128906,
      "risk_mean": 0.022446544840931892,
      "risk_p25": 0.0029410053975880146,
      "risk_p50": 0.0038192986976355314,
      "risk_p75": 0.00509572122246027,
      "risk_p90": 0.008571077138185501,
      "risk_p95": 0.1321035772562027,
      "risk_p99": 0.433090478181839,
      "zero_risk_edge_count": 0,
      "zero_risk_edge_ratio": 0.0,
      "edge_attribute_zero_ratio": 0.928365894290474,
      "matrix_5x8": [
        [
          0,
          62,
          183,
          665,
          286,
          34,
          67,
          24
        ],
        [
          0,
          85,
          295,
          463,
          261,
          64,
          81,
          72
        ],
        [
          0,
          74,
          293,
          516,
          252,
          99,
          57,
          29
        ],
        [
          0,
          56,
          278,
          531,
          240,
          100,
          65,
          51
        ],
        [
          0,
          116,
          277,
          509,
          213,
          76,
          96,
          33
        ]
      ]
    },
    "data_2021": {
      "edge_count": 7647,
      "risk_min": 1.209122757472869e-07,
      "risk_max": 0.8653541207313538,
      "risk_mean": 0.020166680216789246,
      "risk_p25": 0.0029813339933753014,
      "risk_p50": 0.0038231571670621634,
      "risk_p75": 0.004819173365831375,
      "risk_p90": 0.00855848379433155,
      "risk_p95": 0.11331946402788162,
      "risk_p99": 0.42204782366752625,
      "zero_risk_edge_count": 0,
      "zero_risk_edge_ratio": 0.0,
      "edge_attribute_zero_ratio": 0.9314763959722767,
      "matrix_5x8": [
        [
          0,
          52,
          216,
          773,
          397,
          28,
          60,
          4
        ],
        [
          0,
          76,
          337,
          617,
          281,
          75,
          98,
          45
        ],
        [
          0,
          73,
          363,
          612,
          308,
          46,
          107,
          21
        ],
        [
          0,
          44,
          303,
          650,
          297,
          70,
          138,
          27
        ],
        [
          0,
          132,
          347,
          571,
          250,
          72,
          138,
          19
        ]
      ]
    }
  }
}