beta,lambda_concentration,runs,pyvrp_cost_mean,pyvrp_cost_std,global_risk_mean,global_risk_std,global_cvar90_mean,global_cvar90_std,max_vehicle_risk_mean,max_vehicle_risk_std,max_vehicle_cvar90_mean,max_vehicle_cvar90_std,vehicle_risk_gini_mean,vehicle_risk_gini_std,risk_variance_mean,risk_variance_std,edge_burden_gini_used_mean,edge_burden_gini_used_std,top10_burden_share_mean,top10_burden_share_std,max_edge_burden_mean,max_edge_burden_std,cost_increase_pct,risk_reduction_pct
0.0,0.0,10,133997.6,0.6992058987801011,7.593195789209131,0.8886078765965212,0.23931413906874238,0.03621832973784262,2.2656318863610068,0.3353548767214898,0.3616950336991188,0.09764694152581845,0.1727500986027367,0.0545141253282927,0.26222217490935507,0.16228109821040665,0.8787103278061587,0.008366782662961793,0.8953847527100484,0.008616724837779102,1.1549377977848052,0.4011821405721242,0.0,0.0
1.5,1.0,10,170771.7,232.0119968162566,1.764384443398012,0.05825438892697787,0.030580470236533607,0.003990499064405131,0.5905065847065998,0.03205377965989477,0.0691435082660367,0.0040743092198691514,0.23798857722422317,0.023756387906983523,0.023562729077575742,0.003693529757276122,0.7090236448850599,0.008790784932356263,0.6303451497118094,0.012078908447560826,0.3804914951324463,0.0,0.27443849740592374,0.7676361189176515
