{
  "model": "gcn",
  "split": "B",
  "seed": 8,
  "epochs": 50,
  "risk_mode": "exposure_floor",
  "exposure_delta": 0.01,
  "experiment_tag": "10seed",
  "alpha_ord": 0.5,
  "alpha_hr": 1.0,
  "alpha_topk": 0.3,
  "metrics": {
    "data_2020_train": {
      "macro_f1": 0.6470054658783271,
      "weighted_f1": 0.7714432666494091,
      "mae": 0.8334944376112142,
      "qwk": 0.7071962097650211,
      "recall_6_8": 0.775,
      "precision_6_8": 0.9117647058823529,
      "pr_auc_high": 0.9271548088347333,
      "high_fn_rate": 0.225
    },
    "data_2021_train": {
      "macro_f1": 0.8169591084785819,
      "weighted_f1": 0.8647381081402264,
      "mae": 0.6968720185731049,
      "qwk": 0.8256150802860318,
      "recall_6_8": 0.84,
      "precision_6_8": 0.9545454545454546,
      "pr_auc_high": 0.9750462827560638,
      "high_fn_rate": 0.16
    },
    "data_2021_test": {
      "macro_f1": 0.2742227906221314,
      "weighted_f1": 0.6288210873846238,
      "mae": 1.3041810719590472,
      "qwk": 0.22737129547827495,
      "recall_6_8": 0.19230769230769232,
      "precision_6_8": 0.5555555555555556,
      "pr_auc_high": 0.3727235931410583,
      "high_fn_rate": 0.8076923076923077
    }
  },
  "split_sizes": {
    "data_2020": {
      "train": 419,
      "val": 0,
      "test": 0
    },
    "data_2021": {
      "train": 221,
      "val": 0,
      "test": 222
    }
  },
  "risk_summaries": {
    "data_2020": {
      "edge_count": 6603,
      "risk_min": 0.0,
      "risk_max": 0.9313458204269409,
      "risk_mean": 0.019437607377767563,
      "risk_p25": 0.0012394676450639963,
      "risk_p50": 0.0020585444290190935,
      "risk_p75": 0.0036645885556936264,
      "risk_p90": 0.008568301796913147,
      "risk_p95": 0.10951748490333557,
      "risk_p99": 0.4326992332935333,
      "zero_risk_edge_count": 3,
      "zero_risk_edge_ratio": 0.00045433893684688776,
      "edge_attribute_zero_ratio": 0.928365894290474,
      "matrix_5x8": [
        [
          3,
          521,
          470,
          192,
          50,
          8,
          51,
          26
        ],
        [
          0,
          450,
          438,
          220,
          37,
          35,
          67,
          74
        ],
        [
          0,
          386,
          464,
          299,
          61,
          34,
          46,
          30
        ],
        [
          0,
          388,
          505,
          230,
          48,
          42,
          60,
          48
        ],
        [
          0,
          400,
          512,
          221,
          45,
          25,
          85,
          32
        ]
      ]
    },
    "data_2021": {
      "edge_count": 7647,
      "risk_min": 0.0,
      "risk_max": 0.8607254028320312,
      "risk_mean": 0.017332838848233223,
      "risk_p25": 0.0012362634297460318,
      "risk_p50": 0.0020425557158887386,
      "risk_p75": 0.003633839776739478,
      "risk_p90": 0.008468659594655037,
      "risk_p95": 0.0969911441206932,
      "risk_p99": 0.4136025607585907,
      "zero_risk_edge_count": 9,
      "zero_risk_edge_ratio": 0.0011769321302471558,
      "edge_attribute_zero_ratio": 0.9314763959722767,
      "matrix_5x8": [
        [
          1,
          675,
          608,
          137,
          49,
          10,
          47,
          3
        ],
        [
          2,
          565,
          462,
          231,
          114,
          25,
          83,
          47
        ],
        [
          1,
          422,
          642,
          256,
          70,
          42,
          74,
          23
        ],
        [
          2,
          439,
          611,
          226,
          118,
          35,
          85,
          13
        ],
        [
          3,
          452,
          657,
          178,
          84,
          23,
          113,
          19
        ]
      ]
    }
  }
}