{
  "model": "stable_tail_rc_gnn",
  "source_model": "gcn_teg_concat",
  "seed": 0,
  "delta": 0.35,
  "risk_mode": "exposure_floor",
  "exposure_delta": 0.01,
  "posthoc_formula": "clip(S_i_norm + delta * P_high * (1 - S_i_norm), 0, 1)",
  "risk_summaries": {
    "data_2020": {
      "edge_count": 6603,
      "risk_min": 3.4060534898777634e-10,
      "risk_max": 0.9142103646730583,
      "risk_mean": 0.0203106841872343,
      "risk_p25": 0.0006176996740860197,
      "risk_p50": 0.0017231799071759923,
      "risk_p75": 0.0040873107564445635,
      "risk_p90": 0.009049623634943027,
      "risk_p95": 0.09172933680887785,
      "risk_p99": 0.4572670106564641,
      "zero_risk_edge_count": 0,
      "zero_risk_edge_ratio": 0.0,
      "edge_attribute_zero_ratio": 0.928365894290474,
      "matrix_5x8": [
        [
          0,
          764,
          299,
          90,
          61,
          24,
          68,
          15
        ],
        [
          0,
          694,
          298,
          116,
          35,
          38,
          132,
          8
        ],
        [
          0,
          621,
          331,
          147,
          95,
          43,
          80,
          3
        ],
        [
          0,
          645,
          302,
          141,
          67,
          56,
          82,
          28
        ],
        [
          0,
          628,
          355,
          111,
          68,
          33,
          111,
          14
        ]
      ]
    },
    "data_2021": {
      "edge_count": 7647,
      "risk_min": 1.4834205411273894e-16,
      "risk_max": 0.9014532822189358,
      "risk_mean": 0.017494500849673043,
      "risk_p25": 0.000659116943819544,
      "risk_p50": 0.0017277074163420637,
      "risk_p75": 0.003991688554401285,
      "risk_p90": 0.00892029040759426,
      "risk_p95": 0.07508769520378919,
      "risk_p99": 0.4504746713988777,
      "zero_risk_edge_count": 1,
      "zero_risk_edge_ratio": 0.0001307702366941284,
      "edge_attribute_zero_ratio": 0.9314763959722767,
      "matrix_5x8": [
        [
          1,
          917,
          320,
          167,
          76,
          7,
          38,
          4
        ],
        [
          0,
          752,
          335,
          145,
          129,
          51,
          117,
          0
        ],
        [
          0,
          700,
          380,
          218,
          94,
          32,
          100,
          6
        ],
        [
          0,
          740,
          330,
          180,
          127,
          59,
          80,
          13
        ],
        [
          0,
          726,
          385,
          171,
          86,
          53,
          103,
          5
        ]
      ]
    }
  }
}