beta,lambda_concentration,runs,pyvrp_cost_mean,pyvrp_cost_std,global_risk_mean,global_risk_std,global_cvar90_mean,global_cvar90_std,max_vehicle_risk_mean,max_vehicle_risk_std,max_vehicle_cvar90_mean,max_vehicle_cvar90_std,vehicle_risk_gini_mean,vehicle_risk_gini_std,risk_variance_mean,risk_variance_std,edge_burden_gini_used_mean,edge_burden_gini_used_std,top10_burden_share_mean,top10_burden_share_std,max_edge_burden_mean,max_edge_burden_std,cost_increase_pct,risk_reduction_pct
0.0,0.0,10,146730.9,582.7275807213293,8.43761361058132,0.5740904035669554,0.2419842560652722,0.027186653869426196,2.7881235383742022,0.3726066697310865,0.41762560343458544,0.09823492861993834,0.227105783180824,0.04153158164108356,0.5217836431511089,0.21060051816291492,0.865702810895834,0.005738190223403913,0.8961077275202151,0.008720130257887914,1.0142549514770507,0.356372863863449,0.0,0.0
1.0,0.0,10,177770.3,513.8981849009048,3.7124283391698554,0.32777020814780733,0.08077398834132536,0.015232272534121538,1.3791690054196806,0.1586856433528355,0.14703731071516404,0.028977463686742554,0.30827567812134127,0.04719050044072972,0.17712492306331304,0.057216697521876636,0.8159183850839924,0.01191439761690839,0.8042909003117321,0.019167391940075884,0.6979189455509186,0.042023818089709564,0.21153962798565262,0.5600144175226527
