{
  "pairs": "hazmat_risk_experiments\\outputs\\od_paths\\od_formal_floor001_p50_k50_cached_floor_0p01_a0p9_l1_p75\\od_pairs.csv",
  "num_pairs": 150,
  "year": "data_2021",
  "k_paths": 50,
  "cvar_alpha": 0.9,
  "re_threshold": "p75",
  "sources": [
    {
      "risk_source": "GCN",
      "risk_dir": "hazmat_risk_experiments\\outputs\\risk_matrices\\gcn_splitB_seed0_epochs50_floor_0p01",
      "largest_component_nodes": 4357,
      "largest_component_edges": 6650,
      "re_threshold": "p75",
      "re_threshold_value": 0.003649165155366063,
      "risk_diagnostics": {
        "edge_count": 6650,
        "zero_risk_edge_count": 6,
        "zero_risk_edge_ratio": 0.0009022556390977444,
        "risk_min": 0.0,
        "risk_p25": 0.0014404518296942115,
        "risk_p50": 0.0023346813395619392,
        "risk_p75": 0.003649165155366063,
        "risk_p90": 0.008469457738101482,
        "risk_p95": 0.11309035122394562,
        "risk_p99": 0.41633906960487366,
        "risk_max": 0.8528011441230774,
        "edge_attribute_zero_ratio": 0.0,
        "S_i_norm_zero_or_near_zero_ratio": 0.005278861602019738
      }
    },
    {
      "risk_source": "TEG-default",
      "risk_dir": "hazmat_risk_experiments\\outputs\\risk_matrices\\teg_gnn_splitB_seed0_epochs50_floor_0p01",
      "largest_component_nodes": 4357,
      "largest_component_edges": 6650,
      "re_threshold": "p75",
      "re_threshold_value": 0.005017534480430186,
      "risk_diagnostics": {
        "edge_count": 6650,
        "zero_risk_edge_count": 0,
        "zero_risk_edge_ratio": 0.0,
        "risk_min": 8.514948746096707e-09,
        "risk_p25": 0.0029855972388759255,
        "risk_p50": 0.003805560292676091,
        "risk_p75": 0.005017534480430186,
        "risk_p90": 0.008558443747460842,
        "risk_p95": 0.10677983611822128,
        "risk_p99": 0.43220144510269165,
        "risk_max": 0.8626388907432556,
        "edge_attribute_zero_ratio": 0.0,
        "S_i_norm_zero_or_near_zero_ratio": 0.0009180628873077806
      }
    },
    {
      "risk_source": "TEG-low-tail",
      "risk_dir": "hazmat_risk_experiments\\outputs\\risk_matrices\\teg_gnn_splitB_seed0_epochs50_teg_low_tail_floor_0p01",
      "largest_component_nodes": 4357,
      "largest_component_edges": 6650,
      "re_threshold": "p75",
      "re_threshold_value": 0.004911081399768591,
      "risk_diagnostics": {
        "edge_count": 6650,
        "zero_risk_edge_count": 0,
        "zero_risk_edge_ratio": 0.0,
        "risk_min": 1.1069433369925719e-08,
        "risk_p25": 0.0029098838567733765,
        "risk_p50": 0.0037547035608440638,
        "risk_p75": 0.004911081399768591,
        "risk_p90": 0.008557505905628204,
        "risk_p95": 0.11264356933534139,
        "risk_p99": 0.4321845489740372,
        "risk_max": 0.8571691513061523,
        "edge_attribute_zero_ratio": 0.0,
        "S_i_norm_zero_or_near_zero_ratio": 0.0009180628873077806
      }
    },
    {
      "risk_source": "GCN+TEG-low",
      "risk_dir": "hazmat_risk_experiments\\outputs\\risk_matrices\\ensemble_gcn_teg_low_tail_splitB_seed0_epochs50_floor_0p01",
      "largest_component_nodes": 4357,
      "largest_component_edges": 6650,
      "re_threshold": "p75",
      "re_threshold_value": 0.003986475639976561,
      "risk_diagnostics": {
        "edge_count": 6650,
        "zero_risk_edge_count": 0,
        "zero_risk_edge_ratio": 0.0,
        "risk_min": 6.130763452460997e-09,
        "risk_p25": 0.002195261884480715,
        "risk_p50": 0.0028525718953460455,
        "risk_p75": 0.003986475639976561,
        "risk_p90": 0.00851348228752613,
        "risk_p95": 0.11079067997634409,
        "risk_p99": 0.42959775298833863,
        "risk_max": 0.8549851775169373,
        "edge_attribute_zero_ratio": 0.0,
        "S_i_norm_zero_or_near_zero_ratio": 0.0006885471654808355
      }
    },
    {
      "risk_source": "Ensemble-4",
      "risk_dir": "hazmat_risk_experiments\\outputs\\risk_matrices\\ensemble_graph4_teg_low_tail_splitB_seed0_epochs50_floor_0p01",
      "largest_component_nodes": 4357,
      "largest_component_edges": 6650,
      "re_threshold": "p75",
      "re_threshold_value": 0.003933422267436981,
      "risk_diagnostics": {
        "edge_count": 6650,
        "zero_risk_edge_count": 0,
        "zero_risk_edge_ratio": 0.0,
        "risk_min": 1.0413782547402661e-06,
        "risk_p25": 0.00225067138671875,
        "risk_p50": 0.002836808795109391,
        "risk_p75": 0.003933422267436981,
        "risk_p90": 0.008205747231841087,
        "risk_p95": 0.11246391497552352,
        "risk_p99": 0.4142392683029176,
        "risk_max": 0.8550534844398499,
        "edge_attribute_zero_ratio": 0.0,
        "S_i_norm_zero_or_near_zero_ratio": 0.00022951572182694515
      }
    },
    {
      "risk_source": "Label-Oracle",
      "risk_dir": "hazmat_risk_experiments\\outputs\\risk_matrices\\label_oracle_splitB_seed0_epochs50_floor_0p01",
      "largest_component_nodes": 4357,
      "largest_component_edges": 6650,
      "re_threshold": "p75",
      "re_threshold_value": 0.005094270687550306,
      "risk_diagnostics": {
        "edge_count": 6650,
        "zero_risk_edge_count": 50,
        "zero_risk_edge_ratio": 0.007518796992481203,
        "risk_min": 0.0,
        "risk_p25": 0.0028571428265422583,
        "risk_p50": 0.00382197427097708,
        "risk_p75": 0.005094270687550306,
        "risk_p90": 0.008571428246796131,
        "risk_p95": 0.0910436429083342,
        "risk_p99": 0.4328571557998657,
        "risk_max": 0.9999998807907104,
        "edge_attribute_zero_ratio": 0.0,
        "S_i_norm_zero_or_near_zero_ratio": 0.05210006885471655
      }
    }
  ]
}