beta,lambda_concentration,runs,pyvrp_cost_mean,pyvrp_cost_std,global_risk_mean,global_risk_std,global_cvar90_mean,global_cvar90_std,max_vehicle_risk_mean,max_vehicle_risk_std,max_vehicle_cvar90_mean,max_vehicle_cvar90_std,vehicle_risk_gini_mean,vehicle_risk_gini_std,risk_variance_mean,risk_variance_std,edge_burden_gini_used_mean,edge_burden_gini_used_std,top10_burden_share_mean,top10_burden_share_std,max_edge_burden_mean,max_edge_burden_std,cost_increase_pct,risk_reduction_pct
0.0,0.0,10,133997.6,0.6992058987801011,8.822002664066806,0.8807028228913729,0.2761067962134587,0.04847724283634323,2.488442986128749,0.2661474958308319,0.41366395971518316,0.09756798162780353,0.14471062407213767,0.024857456013780588,0.24349001401616052,0.08700604141855676,0.8770047853580776,0.007753173841341793,0.9019858752399621,0.008513864305429091,1.1828729872535981,0.43225963378009474,0.0,0.0
1.0,0.0,10,158104.6,211.88581830788016,3.567707063987952,0.12986650675625147,0.0990530255164521,0.004709299613271734,1.1087121597310712,0.012559578522826546,0.12776052841852298,0.017361494014808278,0.25574185276756073,0.036076453955316425,0.11351984951123376,0.03176301262711557,0.8275068963366243,0.0018245735401506526,0.8037464783272427,0.0012891509306842603,0.9144142498845742,0.0,0.17990620727535417,0.595589890431535
