{
  "name": "stable_tail_eta0p7_splitB_seed9_10seed_floor_0p01",
  "base_risk_dir": "D:\\PyVRP-main\\hazmat_risk_experiments\\outputs_10seed\\risk_matrices\\gcn_teg_concat_splitB_seed9_epochs50_10seed_floor_0p01",
  "eta": 0.7,
  "definition": "S_tail = clip(S_norm + eta * P_high, 0, 1)",
  "summaries": [
    {
      "year": "data_2020",
      "eta": 0.7,
      "edge_count": 6603,
      "risk_mean": 0.02392563410103321,
      "risk_p95": 0.09717477113008499,
      "risk_p99": 0.5049999952316284,
      "risk_max": 1.0
    },
    {
      "year": "data_2021",
      "eta": 0.7,
      "edge_count": 7647,
      "risk_mean": 0.021577171981334686,
      "risk_p95": 0.07571884989738464,
      "risk_p99": 0.5049999952316284,
      "risk_max": 0.9999998807907104
    }
  ]
}