{
  "model": "teg_gnn",
  "split": "B",
  "seed": 4,
  "epochs": 50,
  "risk_mode": "exposure_floor",
  "exposure_delta": 0.01,
  "experiment_tag": "teg_low_tail",
  "alpha_ord": 0.5,
  "alpha_hr": 1.0,
  "alpha_topk": 0.3,
  "metrics": {
    "data_2020_train": {
      "macro_f1": 0.5658080115852101,
      "weighted_f1": 0.7167215803486816,
      "mae": 1.3359317718653854,
      "qwk": 0.6364816788070409,
      "recall_6_8": 0.725,
      "precision_6_8": 0.6904761904761905,
      "pr_auc_high": 0.8186872155297721,
      "high_fn_rate": 0.275
    },
    "data_2021_train": {
      "macro_f1": 0.7372439106694832,
      "weighted_f1": 0.8153147757220155,
      "mae": 1.1391770218305528,
      "qwk": 0.7961811915765487,
      "recall_6_8": 0.88,
      "precision_6_8": 0.7857142857142857,
      "pr_auc_high": 0.9171942082803619,
      "high_fn_rate": 0.12
    },
    "data_2021_test": {
      "macro_f1": 0.2857579398845526,
      "weighted_f1": 0.5524668420001079,
      "mae": 1.7353362901880975,
      "qwk": 0.19440028115743135,
      "recall_6_8": 0.23076923076923078,
      "precision_6_8": 0.3,
      "pr_auc_high": 0.370067046426446,
      "high_fn_rate": 0.7692307692307693
    }
  },
  "split_sizes": {
    "data_2020": {
      "train": 419,
      "val": 0,
      "test": 0
    },
    "data_2021": {
      "train": 221,
      "val": 0,
      "test": 222
    }
  },
  "risk_summaries": {
    "data_2020": {
      "edge_count": 6603,
      "risk_min": 3.19072169077117e-05,
      "risk_max": 0.9077328443527222,
      "risk_mean": 0.021510282531380653,
      "risk_p25": 0.003190254792571068,
      "risk_p50": 0.003893740475177765,
      "risk_p75": 0.004730011336505413,
      "risk_p90": 0.008553765714168549,
      "risk_p95": 0.12037014961242676,
      "risk_p99": 0.4316481053829193,
      "zero_risk_edge_count": 0,
      "zero_risk_edge_ratio": 0.0,
      "edge_attribute_zero_ratio": 0.928365894290474,
      "matrix_5x8": [
        [
          0,
          46,
          161,
          773,
          245,
          27,
          57,
          12
        ],
        [
          0,
          58,
          243,
          584,
          250,
          44,
          131,
          11
        ],
        [
          0,
          60,
          205,
          636,
          267,
          77,
          71,
          4
        ],
        [
          0,
          63,
          199,
          597,
          301,
          48,
          81,
          32
        ],
        [
          0,
          116,
          235,
          601,
          227,
          27,
          102,
          12
        ]
      ]
    },
    "data_2021": {
      "edge_count": 7647,
      "risk_min": 1.0629722055455204e-05,
      "risk_max": 0.8613182902336121,
      "risk_mean": 0.019620852544903755,
      "risk_p25": 0.0031372508965432644,
      "risk_p50": 0.0038506104610860348,
      "risk_p75": 0.00479717506095767,
      "risk_p90": 0.008459697477519512,
      "risk_p95": 0.11295400559902191,
      "risk_p99": 0.42613035440444946,
      "zero_risk_edge_count": 0,
      "zero_risk_edge_ratio": 0.0,
      "edge_attribute_zero_ratio": 0.9314763959722767,
      "matrix_5x8": [
        [
          0,
          48,
          193,
          896,
          312,
          15,
          63,
          3
        ],
        [
          0,
          62,
          310,
          732,
          261,
          46,
          111,
          7
        ],
        [
          0,
          49,
          259,
          755,
          325,
          48,
          93,
          1
        ],
        [
          0,
          45,
          229,
          705,
          345,
          84,
          110,
          11
        ],
        [
          0,
          127,
          302,
          647,
          284,
          39,
          118,
          12
        ]
      ]
    }
  }
}