beta,lambda_concentration,runs,pyvrp_cost_mean,pyvrp_cost_std,global_risk_mean,global_risk_std,global_cvar90_mean,global_cvar90_std,max_vehicle_risk_mean,max_vehicle_risk_std,max_vehicle_cvar90_mean,max_vehicle_cvar90_std,vehicle_risk_gini_mean,vehicle_risk_gini_std,risk_variance_mean,risk_variance_std,edge_burden_gini_used_mean,edge_burden_gini_used_std,top10_burden_share_mean,top10_burden_share_std,max_edge_burden_mean,max_edge_burden_std,cost_increase_pct,risk_reduction_pct
0.0,0.0,3,146220.66666666666,383.9379290111011,8.836971201448856,0.8668718139393387,0.271881134264706,0.040859524576113936,3.1158004362271945,0.16721938582235574,0.48584495868001665,0.053669072481372884,0.2562322911467429,0.012633334329592683,0.7254642492826157,0.10130017738055354,0.8778676135001184,0.006107794210622654,0.9034525396315131,0.007124853336923075,1.1918021440505981,0.4683007825032535,0.0,0.0
1.0,0.0,3,175014.0,368.93901935143697,4.01702588920481,0.44552610202161663,0.08980227258264502,0.02616504672494841,1.3907170412891208,0.2812706346481104,0.14698415262397949,0.02211688088550929,0.22410558791449797,0.026895891235913415,0.12458612882280544,0.047458089330347966,0.8237166590506463,0.0061275318585385045,0.8066920859151917,0.015982557720430942,0.5604040622711182,0.0,0.19691698847860092,0.5454295597855124
