beta,lambda_concentration,runs,pyvrp_cost_mean,pyvrp_cost_std,global_risk_mean,global_risk_std,global_cvar90_mean,global_cvar90_std,max_vehicle_risk_mean,max_vehicle_risk_std,max_vehicle_cvar90_mean,max_vehicle_cvar90_std,vehicle_risk_gini_mean,vehicle_risk_gini_std,risk_variance_mean,risk_variance_std,edge_burden_gini_used_mean,edge_burden_gini_used_std,top10_burden_share_mean,top10_burden_share_std,max_edge_burden_mean,max_edge_burden_std,cost_increase_pct,risk_reduction_pct
0.0,0.0,5,146531.2,556.7375503771952,6.678740415103675,0.7443701154256456,0.1839321608046514,0.04812604542222814,2.449276269019174,0.5177722572798384,0.415614275932312,0.09151429653781935,0.248736281137956,0.026036130084452595,0.4388188007218706,0.1938102360548607,0.873500299816327,0.0067828568736084,0.8887137631777774,0.00906083168793695,1.0272974252700806,0.3828511460024017,0.0,0.0
1.0,0.0,5,174010.4,410.432454857069,3.048816081559926,0.242780214586604,0.07717706364365558,0.006978068064196423,1.201822537422413,0.06684205442931852,0.13791057741535562,0.014906963578152781,0.2947639511116556,0.03637426957501526,0.11578830314442974,0.022112536555033074,0.8080268467853344,0.01071398661159836,0.7868113385951936,0.017117000257093326,0.5730152726173401,0.0,0.18753139263173974,0.5435043298485285
1.0,1.0,5,185996.0,324.5789580364075,2.289109438417654,0.11213391273843362,0.045567876354339176,0.004008387915280204,0.8492603554142988,0.027246619311453998,0.09953646089822528,0.009395068738706797,0.27699532916522973,0.01015000116879375,0.05530416600548492,0.006170065095880286,0.7692832484914252,0.009254425438496633,0.7231974331987611,0.015853648876874387,0.5730152726173401,0.0,0.2693269419754973,0.6572543180085886
