beta,lambda_concentration,runs,pyvrp_cost_mean,pyvrp_cost_std,global_risk_mean,global_risk_std,global_cvar90_mean,global_cvar90_std,max_vehicle_risk_mean,max_vehicle_risk_std,max_vehicle_cvar90_mean,max_vehicle_cvar90_std,vehicle_risk_gini_mean,vehicle_risk_gini_std,risk_variance_mean,risk_variance_std,edge_burden_gini_used_mean,edge_burden_gini_used_std,top10_burden_share_mean,top10_burden_share_std,max_edge_burden_mean,max_edge_burden_std,cost_increase_pct,risk_reduction_pct
0.0,0.0,3,146220.66666666666,383.9379290111011,11.356704303820152,1.360184040950808,0.20779807316154905,0.014665424874832985,3.7326812009559944,0.2471372324922753,0.5512244337134891,0.006131624310195717,0.1975861974508406,0.01988667644657223,0.73616178333748,0.0826498307159926,0.8616291932869103,0.007017272634594111,0.8995156192930008,0.009840088084542887,1.3215476671854656,0.5066138133421627,0.0,0.0
1.0,0.0,3,179957.0,153.7953185243296,5.831208990207718,0.35924128464001254,0.11414692684160015,0.014604474655552115,2.0618355075712316,0.42602658233945284,0.23088964921417376,0.061947622240772854,0.2640348450283969,0.04444645011692406,0.33445065468399365,0.14139154760842038,0.8207194389104869,0.009102258884228267,0.8287869547641438,0.013180064209519973,0.6594502329826355,0.0,0.23072205935321508,0.48654038757998563
