beta,lambda_concentration,runs,pyvrp_cost_mean,pyvrp_cost_std,global_risk_mean,global_risk_std,global_cvar90_mean,global_cvar90_std,max_vehicle_risk_mean,max_vehicle_risk_std,max_vehicle_cvar90_mean,max_vehicle_cvar90_std,vehicle_risk_gini_mean,vehicle_risk_gini_std,risk_variance_mean,risk_variance_std,edge_burden_gini_used_mean,edge_burden_gini_used_std,top10_burden_share_mean,top10_burden_share_std,max_edge_burden_mean,max_edge_burden_std,cost_increase_pct,risk_reduction_pct
0.0,0.0,10,146730.9,582.7275807213293,9.971653130347113,0.6618095603728735,0.29321610807919285,0.03556353585817519,3.210649934766843,0.325096932619877,0.43223448766838934,0.048828484822586234,0.2077242509796021,0.035011786356633094,0.6096914013763518,0.19851284946492143,0.8758156546763189,0.004853721811273981,0.9167380985608944,0.004759904840802658,1.013665235042572,0.24170430709930707,0.0,0.0
1.0,0.0,10,179233.2,668.9307886470767,4.647971768918069,0.25024304531197755,0.1277030439297111,0.011680297031595642,1.6886535895559063,0.21346217311601168,0.18511230604457002,0.025413737462739724,0.2830175799185535,0.04239955330395565,0.25544790046812427,0.09315421568496161,0.8537322955136354,0.0044631032955462745,0.8436828454373604,0.008031952348583284,0.6770247220993042,0.0,0.2215095797817639,0.5338815231374974
