{
  "model": "stable_tail_rc_gnn",
  "source_model": "gcn_teg_concat",
  "seed": 4,
  "delta": 0.35,
  "risk_mode": "exposure_floor",
  "exposure_delta": 0.01,
  "posthoc_formula": "clip(S_i_norm + delta * P_high * (1 - S_i_norm), 0, 1)",
  "risk_summaries": {
    "data_2020": {
      "edge_count": 6603,
      "risk_min": 5.108969278335871e-09,
      "risk_max": 0.9428633459328466,
      "risk_mean": 0.021516195112612324,
      "risk_p25": 0.0009555932178410056,
      "risk_p50": 0.00216006900838872,
      "risk_p75": 0.004479522914116685,
      "risk_p90": 0.009140902987817931,
      "risk_p95": 0.10023378640981083,
      "risk_p99": 0.46161560684399616,
      "zero_risk_edge_count": 0,
      "zero_risk_edge_ratio": 0.0,
      "edge_attribute_zero_ratio": 0.928365894290474,
      "matrix_5x8": [
        [
          0,
          605,
          394,
          165,
          38,
          25,
          21,
          73
        ],
        [
          0,
          608,
          324,
          124,
          75,
          21,
          41,
          128
        ],
        [
          0,
          558,
          311,
          210,
          84,
          43,
          47,
          67
        ],
        [
          0,
          563,
          344,
          186,
          36,
          46,
          66,
          80
        ],
        [
          0,
          513,
          398,
          174,
          64,
          26,
          43,
          102
        ]
      ]
    },
    "data_2021": {
      "edge_count": 7647,
      "risk_min": 1.1920928709625106e-09,
      "risk_max": 0.9352468864672929,
      "risk_mean": 0.01994075839425152,
      "risk_p25": 0.0009993950018007715,
      "risk_p50": 0.0021736058251735297,
      "risk_p75": 0.004300828619800355,
      "risk_p90": 0.009076962516530077,
      "risk_p95": 0.07612452929682048,
      "risk_p99": 0.46408874886535706,
      "zero_risk_edge_count": 0,
      "zero_risk_edge_ratio": 0.0,
      "edge_attribute_zero_ratio": 0.9314763959722767,
      "matrix_5x8": [
        [
          0,
          681,
          529,
          185,
          49,
          15,
          30,
          41
        ],
        [
          0,
          742,
          340,
          166,
          71,
          71,
          45,
          94
        ],
        [
          0,
          649,
          408,
          207,
          69,
          92,
          44,
          61
        ],
        [
          0,
          609,
          378,
          176,
          91,
          143,
          81,
          51
        ],
        [
          0,
          570,
          485,
          178,
          69,
          88,
          54,
          85
        ]
      ]
    }
  }
}