{
  "model": "gcn_teg_concat",
  "split": "B",
  "seed": 1,
  "epochs": 50,
  "risk_mode": "exposure_floor",
  "exposure_delta": 0.01,
  "uncertainty_tau": 0.0,
  "experiment_tag": "st_v2_std_3seed",
  "checkpoint_path": "D:\\PyVRP-main\\hazmat_risk_experiments\\outputs_10seed\\stable_tail_v2_pretest_3seed\\models\\checkpoints\\gcn_teg_concat_splitB_seed1_epochs50_st_v2_std_3seed.pt",
  "best_epoch": 40,
  "model_source": "checkpoint",
  "alpha_ord": 0.5,
  "alpha_hr": 1.0,
  "alpha_topk": 0.3,
  "lambda_nll": 0.0,
  "lambda_var": 0.0,
  "ec_delta_max": 0.05,
  "lambda_edge": 0.0,
  "lambda_edge_high": 0.0,
  "lambda_distill": 0.0,
  "lambda_delta": 0.0,
  "ec_teacher_epochs": 50,
  "gamma_unc": 0.5,
  "logvar_min": -5.0,
  "logvar_max": 2.0,
  "metrics": {
    "data_2020_train": {
      "macro_f1": 0.1995953423894826,
      "weighted_f1": 0.5654955622921485,
      "mae": 1.284736806532666,
      "qwk": 0.22887807719845732,
      "recall_6_8": 0.225,
      "precision_6_8": 0.5,
      "pr_auc_high": 0.49225709066127327,
      "high_fn_rate": 0.775,
      "brier": 0.5039450526237488,
      "ece": 0.10628122105518788
    },
    "data_2021_train": {
      "macro_f1": 0.2567365458799722,
      "weighted_f1": 0.56043495570388,
      "mae": 1.2790757329162157,
      "qwk": 0.4265294848777793,
      "recall_6_8": 0.45,
      "precision_6_8": 0.5,
      "pr_auc_high": 0.4602756433887688,
      "high_fn_rate": 0.55,
      "brier": 0.5206118226051331,
      "ece": 0.09358790042725476
    },
    "data_2021_val": {
      "macro_f1": 0.1966991341991342,
      "weighted_f1": 0.5441558441558442,
      "mae": 1.468889305172612,
      "qwk": 0.5307612095933263,
      "recall_6_8": 0.6,
      "precision_6_8": 0.6,
      "pr_auc_high": 0.4859307359307359,
      "high_fn_rate": 0.4,
      "brier": 0.5784609317779541,
      "ece": 0.18508610791630212
    },
    "data_2021_test": {
      "macro_f1": 0.1519280798925814,
      "weighted_f1": 0.4864793040774914,
      "mae": 1.506787679059827,
      "qwk": 0.11884178553314684,
      "recall_6_8": 0.15384615384615385,
      "precision_6_8": 0.23529411764705882,
      "pr_auc_high": 0.2629044109607951,
      "high_fn_rate": 0.8461538461538461,
      "brier": 0.6014188528060913,
      "ece": 0.07957992333549632
    }
  },
  "split_sizes": {
    "data_2020": {
      "train": 419,
      "val": 0,
      "test": 0
    },
    "data_2021": {
      "train": 176,
      "val": 45,
      "test": 222
    }
  },
  "risk_summaries": {
    "data_2020": {
      "edge_count": 6603,
      "risk_min": 0.0,
      "risk_max": 0.8016993403434753,
      "risk_mean": 0.04503892734646797,
      "risk_p25": 0.017872722819447517,
      "risk_p50": 0.026255503296852112,
      "risk_p75": 0.046198248863220215,
      "risk_p90": 0.09159444272518158,
      "risk_p95": 0.12057387828826904,
      "risk_p99": 0.34927257895469666,
      "zero_risk_edge_count": 15,
      "zero_risk_edge_ratio": 0.002271694684234439,
      "edge_attribute_zero_ratio": 0.0,
      "matrix_5x8": [
        [
          0,
          526,
          513,
          146,
          75,
          28,
          33,
          0
        ],
        [
          1,
          480,
          463,
          184,
          57,
          40,
          96,
          0
        ],
        [
          0,
          406,
          535,
          204,
          98,
          12,
          65,
          0
        ],
        [
          12,
          466,
          471,
          171,
          122,
          29,
          50,
          0
        ],
        [
          2,
          397,
          525,
          221,
          77,
          35,
          63,
          0
        ]
      ]
    },
    "data_2021": {
      "edge_count": 7647,
      "risk_min": 0.0,
      "risk_max": 0.8418264985084534,
      "risk_mean": 0.008341437205672264,
      "risk_p25": 0.0012009111233055592,
      "risk_p50": 0.0017555591184645891,
      "risk_p75": 0.0035905034746974707,
      "risk_p90": 0.006260980851948261,
      "risk_p95": 0.02810211293399334,
      "risk_p99": 0.15947842597961426,
      "zero_risk_edge_count": 31,
      "zero_risk_edge_ratio": 0.004053877337517981,
      "edge_attribute_zero_ratio": 0.9314763959722767,
      "matrix_5x8": [
        [
          3,
          643,
          542,
          210,
          97,
          11,
          22,
          2
        ],
        [
          12,
          591,
          501,
          192,
          124,
          45,
          64,
          0
        ],
        [
          2,
          616,
          515,
          156,
          151,
          41,
          43,
          6
        ],
        [
          10,
          651,
          444,
          170,
          182,
          49,
          20,
          3
        ],
        [
          4,
          591,
          499,
          193,
          140,
          48,
          51,
          3
        ]
      ]
    }
  }
}