{
  "model": "gcn",
  "split": "B",
  "seed": 7,
  "epochs": 50,
  "risk_mode": "exposure_floor",
  "exposure_delta": 0.01,
  "experiment_tag": "10seed",
  "alpha_ord": 0.5,
  "alpha_hr": 1.0,
  "alpha_topk": 0.3,
  "metrics": {
    "data_2020_train": {
      "macro_f1": 0.386135216727322,
      "weighted_f1": 0.7046066367445591,
      "mae": 1.303385740380526,
      "qwk": 0.5676804044404304,
      "recall_6_8": 0.575,
      "precision_6_8": 0.6388888888888888,
      "pr_auc_high": 0.6235973332210188,
      "high_fn_rate": 0.425
    },
    "data_2021_train": {
      "macro_f1": 0.4932462694206521,
      "weighted_f1": 0.7568033932628179,
      "mae": 1.0802150755037778,
      "qwk": 0.5848319304309046,
      "recall_6_8": 0.6,
      "precision_6_8": 0.6818181818181818,
      "pr_auc_high": 0.7854830835321568,
      "high_fn_rate": 0.4
    },
    "data_2021_test": {
      "macro_f1": 0.26366798835288474,
      "weighted_f1": 0.5812718693513396,
      "mae": 1.5880574216932664,
      "qwk": 0.2184434031336946,
      "recall_6_8": 0.23076923076923078,
      "precision_6_8": 0.4,
      "pr_auc_high": 0.3228604651270421,
      "high_fn_rate": 0.7692307692307693
    }
  },
  "split_sizes": {
    "data_2020": {
      "train": 419,
      "val": 0,
      "test": 0
    },
    "data_2021": {
      "train": 221,
      "val": 0,
      "test": 222
    }
  },
  "risk_summaries": {
    "data_2020": {
      "edge_count": 6603,
      "risk_min": 8.312293175549712e-06,
      "risk_max": 0.8580097556114197,
      "risk_mean": 0.02267061360180378,
      "risk_p25": 0.001999319065362215,
      "risk_p50": 0.0028176053892821074,
      "risk_p75": 0.004088180139660835,
      "risk_p90": 0.008488594554364681,
      "risk_p95": 0.1586458534002304,
      "risk_p99": 0.4317259192466736,
      "zero_risk_edge_count": 0,
      "zero_risk_edge_ratio": 0.0,
      "edge_attribute_zero_ratio": 0.928365894290474,
      "matrix_5x8": [
        [
          0,
          217,
          562,
          367,
          76,
          30,
          65,
          4
        ],
        [
          0,
          258,
          513,
          287,
          88,
          42,
          118,
          15
        ],
        [
          0,
          204,
          458,
          385,
          132,
          59,
          72,
          10
        ],
        [
          0,
          176,
          499,
          373,
          91,
          84,
          91,
          7
        ],
        [
          0,
          144,
          486,
          435,
          87,
          75,
          76,
          17
        ]
      ]
    },
    "data_2021": {
      "edge_count": 7647,
      "risk_min": 5.346195848687785e-06,
      "risk_max": 0.8581869602203369,
      "risk_mean": 0.02134428545832634,
      "risk_p25": 0.0020078287925571203,
      "risk_p50": 0.0027985626365989447,
      "risk_p75": 0.004182078875601292,
      "risk_p90": 0.008421479724347591,
      "risk_p95": 0.14914974570274353,
      "risk_p99": 0.4333844780921936,
      "zero_risk_edge_count": 0,
      "zero_risk_edge_ratio": 0.0,
      "edge_attribute_zero_ratio": 0.9314763959722767,
      "matrix_5x8": [
        [
          0,
          235,
          752,
          377,
          46,
          70,
          16,
          34
        ],
        [
          0,
          263,
          617,
          336,
          132,
          86,
          67,
          28
        ],
        [
          0,
          199,
          550,
          437,
          192,
          80,
          41,
          31
        ],
        [
          0,
          199,
          555,
          384,
          219,
          119,
          23,
          30
        ],
        [
          0,
          206,
          544,
          434,
          135,
          120,
          58,
          32
        ]
      ]
    }
  }
}