beta,lambda_concentration,runs,pyvrp_cost_mean,pyvrp_cost_std,global_risk_mean,global_risk_std,global_cvar90_mean,global_cvar90_std,max_vehicle_risk_mean,max_vehicle_risk_std,max_vehicle_cvar90_mean,max_vehicle_cvar90_std,vehicle_risk_gini_mean,vehicle_risk_gini_std,risk_variance_mean,risk_variance_std,edge_burden_gini_used_mean,edge_burden_gini_used_std,top10_burden_share_mean,top10_burden_share_std,max_edge_burden_mean,max_edge_burden_std,cost_increase_pct,risk_reduction_pct
0.0,0.0,3,146220.66666666666,383.9379290111011,11.241174633731134,1.0185425843425608,0.2955090026236689,0.00888266695441664,3.8909770033787936,0.15858555026059137,0.5982279380162557,0.0594469074486896,0.24346222831908726,0.010356287656598614,1.0232820214158203,0.1457103822469579,0.8472462665137938,0.00644673652872781,0.8937205958938774,0.008412200282546828,1.333333174387614,0.5773502003641103,0.0,0.0
1.0,0.0,3,182929.33333333334,180.37830616050627,6.38667639484629,0.2004163203387655,0.13959385415511766,0.010421758816982362,2.2611997365020216,0.32514548781660263,0.279051208074042,0.029023188027661555,0.2775685999669486,0.06964761969005001,0.42361781746668364,0.17447041090794957,0.81005777598391,0.005045870477145522,0.8304056135600826,0.005167462434574594,0.7720444202423096,0.0,0.25104978320438076,0.43184973074945665
