beta,lambda_concentration,runs,pyvrp_cost_mean,pyvrp_cost_std,global_risk_mean,global_risk_std,global_cvar90_mean,global_cvar90_std,max_vehicle_risk_mean,max_vehicle_risk_std,max_vehicle_cvar90_mean,max_vehicle_cvar90_std,vehicle_risk_gini_mean,vehicle_risk_gini_std,risk_variance_mean,risk_variance_std,edge_burden_gini_used_mean,edge_burden_gini_used_std,top10_burden_share_mean,top10_burden_share_std,max_edge_burden_mean,max_edge_burden_std,cost_increase_pct,risk_reduction_pct
0.0,0.0,10,133997.6,0.6992058987801011,12.505550157395191,1.1701423260920993,0.3761471743132654,0.059684921950426434,3.393210137588903,0.3187653273067343,0.5283444950141989,0.0988695176307546,0.1341536022288416,0.02784640927626111,0.40426000625712255,0.17811722117647022,0.8453735217347218,0.007464389445052653,0.8815460597673017,0.013434103867811558,1.6994643449783324,0.20738914036039763,0.0,0.0
1.0,0.0,10,163321.4,337.13043964218554,5.469933456857689,0.28608679372394835,0.14909143265456543,0.013973642283308463,1.6444811298977584,0.1738295748278166,0.192021600912059,0.03830616907182614,0.19940299032440548,0.07393452897769735,0.17428512876593577,0.10337976159977923,0.7692051916138891,0.010135896856105747,0.7731989582616342,0.012608294756446215,0.9889121055603027,0.0,0.2188382478492151,0.5625995347654824
