beta,lambda_concentration,runs,pyvrp_cost_mean,pyvrp_cost_std,global_risk_mean,global_risk_std,global_cvar90_mean,global_cvar90_std,max_vehicle_risk_mean,max_vehicle_risk_std,max_vehicle_cvar90_mean,max_vehicle_cvar90_std,vehicle_risk_gini_mean,vehicle_risk_gini_std,risk_variance_mean,risk_variance_std,edge_burden_gini_used_mean,edge_burden_gini_used_std,top10_burden_share_mean,top10_burden_share_std,max_edge_burden_mean,max_edge_burden_std,cost_increase_pct,risk_reduction_pct
0.0,0.0,10,146730.9,582.7275807213293,8.206917262978095,0.6056456135800795,0.24706639148033424,0.0308833863699189,2.675115853128955,0.3558744918991883,0.4163015068570773,0.08029667251866429,0.22240085759241932,0.04091835271406498,0.48245426499679667,0.2079317751174175,0.8425446390215218,0.007612349532279969,0.8679240066171277,0.009207821616260102,1.0246830224990844,0.3600369145336297,0.0,0.0
1.0,0.0,10,176653.2,505.9924900628466,3.4294158290547783,0.19524595724125923,0.07410360665006686,0.005188240343372567,0.998301705630729,0.13071564286342294,0.11558362487703559,0.011600238882417005,0.21166134958220195,0.042261453499847494,0.07281073261005425,0.033342024339318925,0.709608751886304,0.016692444071504324,0.7035675213749993,0.019215478873042986,0.4177690654993057,0.05736968268290941,0.20392637133691688,0.5821310585735201
