{
  "model": "weighted_gcn",
  "split": "B",
  "seed": 8,
  "epochs": 50,
  "risk_mode": "exposure_floor",
  "exposure_delta": 0.01,
  "experiment_tag": "10seed",
  "alpha_ord": 0.5,
  "alpha_hr": 1.0,
  "alpha_topk": 0.3,
  "metrics": {
    "data_2020_train": {
      "macro_f1": 0.5757674773706596,
      "weighted_f1": 0.7465144591385378,
      "mae": 1.2369810914675836,
      "qwk": 0.7423325459266346,
      "recall_6_8": 0.825,
      "precision_6_8": 0.7674418604651163,
      "pr_auc_high": 0.8474375327453961,
      "high_fn_rate": 0.175
    },
    "data_2021_train": {
      "macro_f1": 0.7426074603604763,
      "weighted_f1": 0.8356185283110124,
      "mae": 1.0249495755463973,
      "qwk": 0.784995054561964,
      "recall_6_8": 0.8,
      "precision_6_8": 0.9090909090909091,
      "pr_auc_high": 0.9444155388471179,
      "high_fn_rate": 0.2
    },
    "data_2021_test": {
      "macro_f1": 0.2804734537493158,
      "weighted_f1": 0.5706048412944964,
      "mae": 1.5677969992547027,
      "qwk": 0.3584272869987156,
      "recall_6_8": 0.3076923076923077,
      "precision_6_8": 0.5,
      "pr_auc_high": 0.374288889986773,
      "high_fn_rate": 0.6923076923076923
    }
  },
  "split_sizes": {
    "data_2020": {
      "train": 419,
      "val": 0,
      "test": 0
    },
    "data_2021": {
      "train": 221,
      "val": 0,
      "test": 222
    }
  },
  "risk_summaries": {
    "data_2020": {
      "edge_count": 6603,
      "risk_min": 7.552078841399634e-06,
      "risk_max": 0.9460544586181641,
      "risk_mean": 0.020106621086597443,
      "risk_p25": 0.002823102753609419,
      "risk_p50": 0.0037341469433158636,
      "risk_p75": 0.004921918734908104,
      "risk_p90": 0.008580513298511505,
      "risk_p95": 0.0977129265666008,
      "risk_p99": 0.431803822517395,
      "zero_risk_edge_count": 0,
      "zero_risk_edge_ratio": 0.0,
      "edge_attribute_zero_ratio": 0.928365894290474,
      "matrix_5x8": [
        [
          0,
          68,
          263,
          646,
          242,
          22,
          54,
          26
        ],
        [
          0,
          85,
          312,
          481,
          230,
          64,
          76,
          73
        ],
        [
          0,
          78,
          302,
          526,
          245,
          81,
          58,
          30
        ],
        [
          0,
          82,
          256,
          544,
          264,
          58,
          64,
          53
        ],
        [
          0,
          185,
          332,
          448,
          201,
          42,
          76,
          36
        ]
      ]
    },
    "data_2021": {
      "edge_count": 7647,
      "risk_min": 7.459095741069177e-08,
      "risk_max": 0.8573473691940308,
      "risk_mean": 0.01734023727476597,
      "risk_p25": 0.0027423903811722994,
      "risk_p50": 0.0037110885605216026,
      "risk_p75": 0.0046996017917990685,
      "risk_p90": 0.008467740379273891,
      "risk_p95": 0.08119716495275497,
      "risk_p99": 0.40589192509651184,
      "zero_risk_edge_count": 0,
      "zero_risk_edge_ratio": 0.0,
      "edge_attribute_zero_ratio": 0.9314763959722767,
      "matrix_5x8": [
        [
          0,
          81,
          351,
          711,
          314,
          23,
          48,
          2
        ],
        [
          0,
          90,
          433,
          583,
          250,
          33,
          95,
          45
        ],
        [
          0,
          85,
          355,
          668,
          268,
          65,
          68,
          21
        ],
        [
          0,
          71,
          344,
          651,
          292,
          72,
          81,
          18
        ],
        [
          0,
          200,
          424,
          526,
          208,
          53,
          97,
          21
        ]
      ]
    }
  }
}