{
  "model": "ua_teg_gnn",
  "split": "B",
  "seed": 1,
  "epochs": 50,
  "risk_mode": "exposure_floor",
  "exposure_delta": 0.01,
  "uncertainty_tau": 0.0,
  "experiment_tag": "ua_pretest_3seed",
  "alpha_ord": 0.3,
  "alpha_hr": 0.5,
  "alpha_topk": 0.1,
  "lambda_nll": 0.2,
  "lambda_var": 0.01,
  "metrics": {
    "data_2020_train": {
      "macro_f1": 0.3053389150105325,
      "weighted_f1": 0.6574121297484358,
      "mae": 1.0361351591959254,
      "qwk": 0.49390041418067043,
      "recall_6_8": 0.5,
      "precision_6_8": 0.6451612903225806,
      "pr_auc_high": 0.646569116683208,
      "high_fn_rate": 0.5,
      "brier": 0.4101341664791107,
      "ece": 0.09319146742115159,
      "ordinal_nll": 0.7129485483376278,
      "uncertainty_mean": 1.2106603384017944,
      "correct_uncertainty": 1.118112564086914,
      "error_uncertainty": 1.455308198928833,
      "error_uncertainty_corr": 0.2607291786217201,
      "high_fn_uncertainty": 1.5603821277618408
    },
    "data_2021_train": {
      "macro_f1": 0.3201119882554377,
      "weighted_f1": 0.6545847636930976,
      "mae": 1.001207589535312,
      "qwk": 0.5142997784888015,
      "recall_6_8": 0.52,
      "precision_6_8": 0.65,
      "pr_auc_high": 0.6823812527791249,
      "high_fn_rate": 0.48,
      "brier": 0.39950329065322876,
      "ece": 0.0905596344179697,
      "ordinal_nll": 0.6708221251772953,
      "uncertainty_mean": 1.2048656940460205,
      "correct_uncertainty": 1.126670479774475,
      "error_uncertainty": 1.4099680185317993,
      "error_uncertainty_corr": 0.20961309106473053,
      "high_fn_uncertainty": 1.2953848838806152
    },
    "data_2021_test": {
      "macro_f1": 0.1994064465408805,
      "weighted_f1": 0.5535643662530455,
      "mae": 1.3721706574967494,
      "qwk": 0.2562891308863239,
      "recall_6_8": 0.23076923076923078,
      "precision_6_8": 0.4,
      "pr_auc_high": 0.34450772893111575,
      "high_fn_rate": 0.7692307692307693,
      "brier": 0.5427803993225098,
      "ece": 0.08211363221074008,
      "ordinal_nll": 1.3247083848129835,
      "uncertainty_mean": 1.2190872430801392,
      "correct_uncertainty": 1.0878597497940063,
      "error_uncertainty": 1.4431343078613281,
      "error_uncertainty_corr": 0.30851093955971576,
      "high_fn_uncertainty": 1.3874253034591675
    }
  },
  "split_sizes": {
    "data_2020": {
      "train": 419,
      "val": 0,
      "test": 0
    },
    "data_2021": {
      "train": 221,
      "val": 0,
      "test": 222
    }
  },
  "risk_summaries": {
    "data_2020": {
      "edge_count": 6603,
      "risk_min": 1.5476772432521102e-06,
      "risk_max": 0.8520548939704895,
      "risk_mean": 0.020227955654263496,
      "risk_p25": 0.0011007455177605152,
      "risk_p50": 0.0018854791997000575,
      "risk_p75": 0.003947364166378975,
      "risk_p90": 0.00844248291105032,
      "risk_p95": 0.10669755935668945,
      "risk_p99": 0.4302877187728882,
      "zero_risk_edge_count": 0,
      "zero_risk_edge_ratio": 0.0,
      "edge_attribute_zero_ratio": 0.928365894290474,
      "matrix_5x8": [
        [
          0,
          558,
          437,
          159,
          61,
          38,
          68,
          0
        ],
        [
          0,
          586,
          363,
          151,
          58,
          38,
          125,
          0
        ],
        [
          0,
          489,
          406,
          153,
          134,
          57,
          81,
          0
        ],
        [
          0,
          469,
          442,
          163,
          93,
          58,
          96,
          0
        ],
        [
          0,
          383,
          514,
          168,
          86,
          68,
          101,
          0
        ]
      ]
    },
    "data_2021": {
      "edge_count": 7647,
      "risk_min": 4.397630618768744e-06,
      "risk_max": 0.8544170260429382,
      "risk_mean": 0.018127741292119026,
      "risk_p25": 0.0011514774523675442,
      "risk_p50": 0.0018824836006388068,
      "risk_p75": 0.0037767626345157623,
      "risk_p90": 0.008045578375458717,
      "risk_p95": 0.09488643705844879,
      "risk_p99": 0.4235544204711914,
      "zero_risk_edge_count": 0,
      "zero_risk_edge_ratio": 0.0,
      "edge_attribute_zero_ratio": 0.9314763959722767,
      "matrix_5x8": [
        [
          0,
          649,
          566,
          201,
          47,
          18,
          49,
          0
        ],
        [
          0,
          631,
          470,
          156,
          122,
          66,
          84,
          0
        ],
        [
          0,
          537,
          504,
          217,
          139,
          59,
          74,
          0
        ],
        [
          0,
          539,
          500,
          189,
          163,
          88,
          50,
          0
        ],
        [
          0,
          494,
          539,
          215,
          108,
          95,
          78,
          0
        ]
      ]
    }
  }
}