route_source,selected_count,share,common_risk_mean,cvar90_mean,load_risk_mean
GCN,1,0.016666666666666666,3.290838613479374,0.0767297965685004,1.3420612040448034
TEG-low,13,0.21666666666666667,2.722897199324632,0.05496530604450901,1.3583580496605938
Stable-Tail-GNN,46,0.7666666666666667,2.8963077625151055,0.05931048018023767,1.3707600700285227
