beta,lambda_concentration,runs,pyvrp_cost_mean,pyvrp_cost_std,global_risk_mean,global_risk_std,global_cvar90_mean,global_cvar90_std,max_vehicle_risk_mean,max_vehicle_risk_std,max_vehicle_cvar90_mean,max_vehicle_cvar90_std,vehicle_risk_gini_mean,vehicle_risk_gini_std,risk_variance_mean,risk_variance_std,edge_burden_gini_used_mean,edge_burden_gini_used_std,top10_burden_share_mean,top10_burden_share_std,max_edge_burden_mean,max_edge_burden_std,cost_increase_pct,risk_reduction_pct
0.0,0.0,10,133997.6,0.6992058987801011,8.529046061614645,0.8977970795524034,0.25877196919806256,0.04828283092950045,2.45798162977444,0.3992501833748719,0.39332286614725104,0.09422459080561921,0.13183596233911563,0.047071045144421224,0.22003652313317046,0.16204342095206795,0.8454997387251059,0.009530359700525907,0.8746037533214039,0.00842280023721613,1.2014512419700623,0.35193717161486343,0.0,0.0
1.0,0.0,10,161521.2,317.50618541656445,3.6581522001011764,0.25783814828143137,0.08624485274506768,0.016964874091935322,1.2998674736736575,0.22566025486986052,0.15949160369512225,0.030132239102424678,0.3060204127586029,0.07141208627705739,0.17722291802137008,0.08001910912868312,0.7464109523173066,0.014682560274815064,0.7378198777511313,0.019757128721993207,0.8399437069892883,0.0,0.20540367887186042,0.5710948007930893
