beta,lambda_concentration,runs,pyvrp_cost_mean,pyvrp_cost_std,global_risk_mean,global_risk_std,global_cvar90_mean,global_cvar90_std,max_vehicle_risk_mean,max_vehicle_risk_std,max_vehicle_cvar90_mean,max_vehicle_cvar90_std,vehicle_risk_gini_mean,vehicle_risk_gini_std,risk_variance_mean,risk_variance_std,edge_burden_gini_used_mean,edge_burden_gini_used_std,top10_burden_share_mean,top10_burden_share_std,max_edge_burden_mean,max_edge_burden_std,cost_increase_pct,risk_reduction_pct
0.0,0.0,10,146730.9,582.7275807213293,6.883367037037533,0.618991611251158,0.20433968068962574,0.03999315593310428,2.3700415312756378,0.479582041420534,0.38405764880723187,0.10547323544705978,0.22613660268990343,0.0489574526720078,0.3847081140962357,0.20982196958068078,0.8730104051230828,0.007063301822892272,0.8891930489823541,0.008431702065955771,1.0272974252700806,0.360955522031119,0.0,0.0
1.0,0.0,10,173995.4,395.5399122999122,2.9452573887057953,0.2600725195125748,0.07398975945104803,0.007645331424279118,1.1549907190754312,0.11973890460805942,0.12909476992245467,0.020234152647788085,0.29376142134418587,0.03031557950673167,0.10879659127680305,0.023521187829205224,0.8015408896196657,0.013335585516838215,0.7774641801093267,0.020231648879723958,0.5730152726173401,0.0,0.1858129405598957,0.5721196657306322
1.0,1.0,10,185936.1,315.5374427509005,2.350073012505163,0.10733769636661339,0.05013108777030519,0.006164759866005393,0.851592115022504,0.020950759446759143,0.09533805563484157,0.010844365504384963,0.27459522821480337,0.01270589287543679,0.056797417259290175,0.007232524641996073,0.775064635325166,0.006475962030544718,0.7314143306787307,0.010331032425072677,0.5730152726173401,0.0,0.26719116423330064,0.6585867062063209
