beta,lambda_concentration,runs,pyvrp_cost_mean,pyvrp_cost_std,global_risk_mean,global_risk_std,global_cvar90_mean,global_cvar90_std,max_vehicle_risk_mean,max_vehicle_risk_std,max_vehicle_cvar90_mean,max_vehicle_cvar90_std,vehicle_risk_gini_mean,vehicle_risk_gini_std,risk_variance_mean,risk_variance_std,edge_burden_gini_used_mean,edge_burden_gini_used_std,top10_burden_share_mean,top10_burden_share_std,max_edge_burden_mean,max_edge_burden_std,cost_increase_pct,risk_reduction_pct
0.0,0.0,3,133997.33333333334,0.5773502691896258,11.13489143003244,1.2191773416275669,0.28026763098776764,0.13452429843579347,3.0244908006085702,0.21475867827737227,0.4203257237871488,0.11288901484951434,0.1293961156896759,0.030485283501497297,0.328900301360534,0.22818741764867098,0.8547681240773088,0.0014939290117287596,0.8893462281287138,0.005883080592254215,1.188703179359436,0.0,0.0,0.0
1.0,0.0,3,159848.66666666666,289.5415917158247,4.8213442031604545,0.1923772051848409,0.09234566792118841,0.0041090021237798514,1.6715435241349041,0.28233265127035473,0.20025793148017432,0.03474093941894067,0.24301495571202544,0.06432334527743391,0.2043479262408272,0.11176196001519763,0.8013637051529868,0.007755218745539791,0.7968200149230218,0.007521112070485174,0.7857202887535095,0.0,0.19292423729825453,0.5670057284836072
