{
  "model": "gcn_teg_concat",
  "split": "B",
  "seed": 7,
  "epochs": 50,
  "risk_mode": "exposure_floor",
  "exposure_delta": 0.01,
  "experiment_tag": "",
  "alpha_ord": 0.5,
  "alpha_hr": 1.0,
  "alpha_topk": 0.3,
  "metrics": {
    "data_2020_train": {
      "macro_f1": 0.5530159938778964,
      "weighted_f1": 0.7564671359259427,
      "mae": 0.685500197981388,
      "qwk": 0.7856482568257797,
      "recall_6_8": 0.925,
      "precision_6_8": 0.7872340425531915,
      "pr_auc_high": 0.9367122414927928,
      "high_fn_rate": 0.075
    },
    "data_2021_train": {
      "macro_f1": 0.6484612532443456,
      "weighted_f1": 0.7960839679415875,
      "mae": 0.46886035263013265,
      "qwk": 0.8604211643616855,
      "recall_6_8": 1.0,
      "precision_6_8": 0.8064516129032258,
      "pr_auc_high": 0.9722873068960027,
      "high_fn_rate": 0.0
    },
    "data_2021_test": {
      "macro_f1": 0.24858445913603766,
      "weighted_f1": 0.5959576279486766,
      "mae": 1.3293573679683668,
      "qwk": 0.20862686187450397,
      "recall_6_8": 0.23076923076923078,
      "precision_6_8": 0.4,
      "pr_auc_high": 0.3244594385687406,
      "high_fn_rate": 0.7692307692307693
    }
  },
  "split_sizes": {
    "data_2020": {
      "train": 419,
      "val": 0,
      "test": 0
    },
    "data_2021": {
      "train": 221,
      "val": 0,
      "test": 222
    }
  },
  "risk_summaries": {
    "data_2020": {
      "edge_count": 6603,
      "risk_min": 1.925059677887475e-06,
      "risk_max": 0.8648541569709778,
      "risk_mean": 0.018737364560365677,
      "risk_p25": 0.0006767953746020794,
      "risk_p50": 0.0016340432921424508,
      "risk_p75": 0.0045838612131774426,
      "risk_p90": 0.00858018547296524,
      "risk_p95": 0.07091942429542542,
      "risk_p99": 0.43375688791275024,
      "zero_risk_edge_count": 0,
      "zero_risk_edge_ratio": 0.0,
      "edge_attribute_zero_ratio": 0.928365894290474,
      "matrix_5x8": [
        [
          0,
          742,
          261,
          90,
          112,
          28,
          66,
          22
        ],
        [
          0,
          663,
          220,
          108,
          114,
          49,
          85,
          82
        ],
        [
          0,
          574,
          281,
          131,
          156,
          69,
          58,
          51
        ],
        [
          0,
          604,
          240,
          140,
          138,
          39,
          125,
          35
        ],
        [
          0,
          623,
          305,
          122,
          86,
          38,
          91,
          55
        ]
      ]
    },
    "data_2021": {
      "edge_count": 7647,
      "risk_min": 1.0439327269295973e-07,
      "risk_max": 0.8596646189689636,
      "risk_mean": 0.01707225851714611,
      "risk_p25": 0.0007082774536684155,
      "risk_p50": 0.0016444508219137788,
      "risk_p75": 0.004352035466581583,
      "risk_p90": 0.00850562285631895,
      "risk_p95": 0.06201538071036339,
      "risk_p99": 0.42983192205429077,
      "zero_risk_edge_count": 0,
      "zero_risk_edge_ratio": 0.0,
      "edge_attribute_zero_ratio": 0.9314763959722767,
      "matrix_5x8": [
        [
          0,
          890,
          307,
          134,
          112,
          18,
          61,
          8
        ],
        [
          0,
          782,
          269,
          135,
          101,
          74,
          115,
          53
        ],
        [
          0,
          673,
          307,
          210,
          118,
          88,
          99,
          35
        ],
        [
          0,
          643,
          305,
          171,
          140,
          115,
          104,
          51
        ],
        [
          0,
          731,
          325,
          153,
          92,
          79,
          123,
          26
        ]
      ]
    }
  }
}