beta,lambda_concentration,runs,pyvrp_cost_mean,pyvrp_cost_std,global_risk_mean,global_risk_std,global_cvar90_mean,global_cvar90_std,max_vehicle_risk_mean,max_vehicle_risk_std,max_vehicle_cvar90_mean,max_vehicle_cvar90_std,vehicle_risk_gini_mean,vehicle_risk_gini_std,risk_variance_mean,risk_variance_std,edge_burden_gini_used_mean,edge_burden_gini_used_std,top10_burden_share_mean,top10_burden_share_std,max_edge_burden_mean,max_edge_burden_std,cost_increase_pct,risk_reduction_pct
0.0,0.0,5,133997.4,0.5477225575051661,8.513733786641387,0.9471048876144358,0.2632418426492512,0.04656735878528292,2.5312035424169155,0.5051754220502277,0.40185030967928465,0.12608841140310495,0.13103399479630343,0.05882571304664969,0.24936688254084668,0.2158617203371893,0.8412080873005955,0.008042442473974174,0.8729357526217599,0.006712380851162303,1.136916184425354,0.321048339624889,0.0,0.0
1.0,0.0,5,161712.0,364.0700482050123,3.767400423827348,0.2005518999085859,0.08144559026942039,0.008216234823239637,1.2435094907996245,0.1597292485048668,0.1479556384939878,0.021209763717270597,0.281712576981018,0.03731665523003997,0.1500459160217688,0.03876356301560414,0.7500496375955432,0.008365522295853927,0.744228984864117,0.011194426694496782,0.8544294834136963,0.0,0.20682938624182265,0.5574913993976172
