{
  "model": "stable_tail_rc_gnn",
  "source_model": "gcn_teg_concat",
  "seed": 7,
  "delta": 0.15,
  "risk_mode": "exposure_floor",
  "exposure_delta": 0.01,
  "posthoc_formula": "clip(S_i_norm + delta * P_high * (1 - S_i_norm), 0, 1)",
  "risk_summaries": {
    "data_2020": {
      "edge_count": 6603,
      "risk_min": 4.087176790488693e-09,
      "risk_max": 0.8890959429734806,
      "risk_mean": 0.019808024470576377,
      "risk_p25": 0.0006020211955428662,
      "risk_p50": 0.0016513634894747907,
      "risk_p75": 0.004875803859187384,
      "risk_p90": 0.008829151385801226,
      "risk_p95": 0.07179079525794467,
      "risk_p99": 0.448954140788785,
      "zero_risk_edge_count": 0,
      "zero_risk_edge_ratio": 0.0,
      "edge_attribute_zero_ratio": 0.928365894290474,
      "matrix_5x8": [
        [
          0,
          749,
          242,
          95,
          101,
          46,
          70,
          18
        ],
        [
          0,
          691,
          210,
          101,
          105,
          49,
          83,
          82
        ],
        [
          0,
          604,
          238,
          147,
          129,
          100,
          50,
          52
        ],
        [
          0,
          630,
          206,
          184,
          87,
          71,
          99,
          44
        ],
        [
          0,
          642,
          269,
          129,
          88,
          47,
          95,
          50
        ]
      ]
    },
    "data_2021": {
      "edge_count": 7647,
      "risk_min": 1.9112591600032141e-16,
      "risk_max": 0.8833516856918913,
      "risk_mean": 0.01780163350955651,
      "risk_p25": 0.0006417367105158544,
      "risk_p50": 0.0017164375585356623,
      "risk_p75": 0.004626971803261218,
      "risk_p90": 0.008634750137242915,
      "risk_p95": 0.06369249270861632,
      "risk_p99": 0.4454284552884301,
      "zero_risk_edge_count": 1,
      "zero_risk_edge_ratio": 0.0001307702366941284,
      "edge_attribute_zero_ratio": 0.9314763959722767,
      "matrix_5x8": [
        [
          0,
          912,
          291,
          127,
          108,
          25,
          24,
          43
        ],
        [
          0,
          800,
          256,
          129,
          83,
          101,
          83,
          77
        ],
        [
          0,
          707,
          295,
          180,
          136,
          83,
          68,
          61
        ],
        [
          0,
          652,
          311,
          162,
          152,
          103,
          95,
          54
        ],
        [
          1,
          745,
          317,
          125,
          114,
          69,
          101,
          57
        ]
      ]
    }
  }
}