{
  "name": "stable_tail_eta0p3_splitB_seed8_10seed_floor_0p01",
  "base_risk_dir": "D:\\PyVRP-main\\hazmat_risk_experiments\\outputs_10seed\\risk_matrices\\gcn_teg_concat_splitB_seed8_epochs50_10seed_floor_0p01",
  "eta": 0.3,
  "definition": "S_tail = clip(S_norm + eta * P_high, 0, 1)",
  "summaries": [
    {
      "year": "data_2020",
      "eta": 0.3,
      "edge_count": 6603,
      "risk_mean": 0.020366180688142776,
      "risk_p95": 0.07213286310434341,
      "risk_p99": 0.5049999952316284,
      "risk_max": 1.0
    },
    {
      "year": "data_2021",
      "eta": 0.3,
      "edge_count": 7647,
      "risk_mean": 0.0174734964966774,
      "risk_p95": 0.06930021196603775,
      "risk_p99": 0.5009363889694214,
      "risk_max": 0.9999998807907104
    }
  ]
}