{
  "model": "weighted_gcn",
  "split": "B",
  "seed": 7,
  "epochs": 50,
  "risk_mode": "exposure_floor",
  "exposure_delta": 0.01,
  "experiment_tag": "10seed",
  "alpha_ord": 0.5,
  "alpha_hr": 1.0,
  "alpha_topk": 0.3,
  "metrics": {
    "data_2020_train": {
      "macro_f1": 0.5480114072330429,
      "weighted_f1": 0.7223734883481581,
      "mae": 1.246153767810838,
      "qwk": 0.6660182477529413,
      "recall_6_8": 0.725,
      "precision_6_8": 0.6304347826086957,
      "pr_auc_high": 0.8010130400429348,
      "high_fn_rate": 0.275
    },
    "data_2021_train": {
      "macro_f1": 0.665239452522582,
      "weighted_f1": 0.8314118763576405,
      "mae": 0.9493039726700115,
      "qwk": 0.8279120594857555,
      "recall_6_8": 0.84,
      "precision_6_8": 0.875,
      "pr_auc_high": 0.9355328433829185,
      "high_fn_rate": 0.16
    },
    "data_2021_test": {
      "macro_f1": 0.18518277710275505,
      "weighted_f1": 0.4881038876054008,
      "mae": 1.77412111405746,
      "qwk": 0.20438417296239875,
      "recall_6_8": 0.3076923076923077,
      "precision_6_8": 0.3076923076923077,
      "pr_auc_high": 0.27578765398874194,
      "high_fn_rate": 0.6923076923076923
    }
  },
  "split_sizes": {
    "data_2020": {
      "train": 419,
      "val": 0,
      "test": 0
    },
    "data_2021": {
      "train": 221,
      "val": 0,
      "test": 222
    }
  },
  "risk_summaries": {
    "data_2020": {
      "edge_count": 6603,
      "risk_min": 2.2589820218854584e-05,
      "risk_max": 0.8583828806877136,
      "risk_mean": 0.020879901945590973,
      "risk_p25": 0.00258374260738492,
      "risk_p50": 0.0036488340701907873,
      "risk_p75": 0.004837254993617535,
      "risk_p90": 0.008573872037231922,
      "risk_p95": 0.1008586511015892,
      "risk_p99": 0.4330654442310333,
      "zero_risk_edge_count": 0,
      "zero_risk_edge_ratio": 0.0,
      "edge_attribute_zero_ratio": 0.928365894290474,
      "matrix_5x8": [
        [
          0,
          100,
          296,
          570,
          242,
          29,
          63,
          21
        ],
        [
          0,
          124,
          374,
          402,
          203,
          62,
          75,
          81
        ],
        [
          0,
          107,
          341,
          440,
          270,
          84,
          28,
          50
        ],
        [
          0,
          106,
          346,
          431,
          246,
          76,
          82,
          34
        ],
        [
          0,
          165,
          354,
          411,
          221,
          56,
          63,
          50
        ]
      ]
    },
    "data_2021": {
      "edge_count": 7647,
      "risk_min": 2.1328244201868074e-06,
      "risk_max": 0.858802855014801,
      "risk_mean": 0.018443085253238678,
      "risk_p25": 0.002696951851248741,
      "risk_p50": 0.0036241619382053614,
      "risk_p75": 0.004895240068435669,
      "risk_p90": 0.008484622463583946,
      "risk_p95": 0.08188927918672562,
      "risk_p99": 0.42847341299057007,
      "zero_risk_edge_count": 0,
      "zero_risk_edge_ratio": 0.0,
      "edge_attribute_zero_ratio": 0.9314763959722767,
      "matrix_5x8": [
        [
          0,
          84,
          319,
          776,
          280,
          20,
          10,
          41
        ],
        [
          0,
          131,
          418,
          529,
          274,
          48,
          98,
          31
        ],
        [
          0,
          109,
          420,
          557,
          306,
          37,
          62,
          39
        ],
        [
          0,
          87,
          350,
          551,
          382,
          76,
          50,
          33
        ],
        [
          0,
          194,
          384,
          512,
          252,
          63,
          86,
          38
        ]
      ]
    }
  }
}