beta,lambda_concentration,runs,pyvrp_cost_mean,pyvrp_cost_std,global_risk_mean,global_risk_std,global_cvar90_mean,global_cvar90_std,max_vehicle_risk_mean,max_vehicle_risk_std,max_vehicle_cvar90_mean,max_vehicle_cvar90_std,vehicle_risk_gini_mean,vehicle_risk_gini_std,risk_variance_mean,risk_variance_std,edge_burden_gini_used_mean,edge_burden_gini_used_std,top10_burden_share_mean,top10_burden_share_std,max_edge_burden_mean,max_edge_burden_std,cost_increase_pct,risk_reduction_pct
0.0,0.0,10,133997.6,0.6992058987801011,8.4302944533556,0.7855246559433036,0.26435788215083494,0.03806230898333117,2.3062017131043833,0.25362229548232806,0.3663741129695527,0.07380882525756777,0.1429490510029,0.025496613630801787,0.20840647088549566,0.09119329539354867,0.8702647503213503,0.007467552495479001,0.897899100652508,0.011159667868732131,1.063128501176834,0.32480653451587943,0.0,0.0
1.0,0.0,10,160413.0,296.0987072657435,3.505118167056935,0.19644711611372132,0.08842852915502396,0.014654865133631522,1.2126345973316348,0.1489701953441201,0.14064248118638284,0.02862246360972247,0.2649704415413802,0.06818827542306552,0.12019514762118724,0.04685650807191828,0.8243347245147723,0.005088266658002127,0.8051053720076913,0.009263421101200691,0.6966358423233032,0.0,0.19713338149339982,0.5842235183538175
