beta,lambda_concentration,runs,pyvrp_cost_mean,pyvrp_cost_std,global_risk_mean,global_risk_std,global_cvar90_mean,global_cvar90_std,max_vehicle_risk_mean,max_vehicle_risk_std,max_vehicle_cvar90_mean,max_vehicle_cvar90_std,vehicle_risk_gini_mean,vehicle_risk_gini_std,risk_variance_mean,risk_variance_std,edge_burden_gini_used_mean,edge_burden_gini_used_std,top10_burden_share_mean,top10_burden_share_std,max_edge_burden_mean,max_edge_burden_std,cost_increase_pct,risk_reduction_pct
0.0,0.0,10,146730.9,582.7275807213293,8.003160241408272,0.6013521638709868,0.2539419007532178,0.02408274541160436,2.6253872782224787,0.44453568294629975,0.4157634600606703,0.10211365199080719,0.22339889970605994,0.04882737808406661,0.46757246052295887,0.22284051892389148,0.8815356424649515,0.005527687852544112,0.9054531878587693,0.00642989185372549,1.0626274824142456,0.33543772561161633,0.0,0.0
1.5,1.0,10,197529.1,608.5389515516287,2.209811844108657,0.05206242898599989,0.04611417202379335,0.001234858522702476,0.9928227913067171,0.05381119088630725,0.11705506179511309,0.008772934178869264,0.3347296098998627,0.023365210486990324,0.08607434540449052,0.014784941014375068,0.7746915497454087,0.004052057421229686,0.713643531722712,0.004530037896241853,0.6768922209739685,0.0,0.34619974388489416,0.7238825941937491
