beta,lambda_concentration,runs,pyvrp_cost_mean,pyvrp_cost_std,global_risk_mean,global_risk_std,global_cvar90_mean,global_cvar90_std,max_vehicle_risk_mean,max_vehicle_risk_std,max_vehicle_cvar90_mean,max_vehicle_cvar90_std,vehicle_risk_gini_mean,vehicle_risk_gini_std,risk_variance_mean,risk_variance_std,edge_burden_gini_used_mean,edge_burden_gini_used_std,top10_burden_share_mean,top10_burden_share_std,max_edge_burden_mean,max_edge_burden_std,cost_increase_pct,risk_reduction_pct
0.0,0.0,10,133997.6,0.6992058987801011,8.701649437033485,0.9159879169625744,0.2708920449966707,0.04915972943721668,2.46965100170346,0.3020898130914736,0.3890390976052731,0.09454243315483049,0.14728515191468322,0.04201911861055048,0.24748168150710756,0.14694799800682604,0.874651786260473,0.00680263659374197,0.8973724130661503,0.00766698778208628,1.3297473788261414,0.2736926336147478,0.0,0.0
1.0,0.0,10,158498.5,465.14233186078525,3.2604771172071194,0.1780054526061924,0.0727557271092121,0.006620924121997436,1.1918016336996515,0.13601819154647707,0.13487815970022765,0.0253051975937721,0.29176373576474246,0.041550927693214834,0.12364160127776949,0.03487262720627966,0.805872997831781,0.005311615307140064,0.7775634000692427,0.008213478895530186,0.5798840522766113,0.0,0.1828458121637999,0.6253035541363653
