beta,lambda_concentration,runs,pyvrp_cost_mean,pyvrp_cost_std,global_risk_mean,global_risk_std,global_cvar90_mean,global_cvar90_std,max_vehicle_risk_mean,max_vehicle_risk_std,max_vehicle_cvar90_mean,max_vehicle_cvar90_std,vehicle_risk_gini_mean,vehicle_risk_gini_std,risk_variance_mean,risk_variance_std,edge_burden_gini_used_mean,edge_burden_gini_used_std,top10_burden_share_mean,top10_burden_share_std,max_edge_burden_mean,max_edge_burden_std,cost_increase_pct,risk_reduction_pct
0.0,0.0,10,134131.5,280.65290940155165,8.076139206978535,1.030138193942631,0.26015691491399323,0.05405916615590437,2.469700619309328,0.4720472312998052,0.41570642466467256,0.13517321567133955,0.2055022233459986,0.07770457169152185,0.41380478325118436,0.33784114025568357,0.8833296688627101,0.010061907231188596,0.9046862583654519,0.012332151154601307,1.3097906473224281,0.4147513053893681,0.0,0.0
1.0,0.0,10,157284.6,385.2134184809477,2.4173387368476185,0.1723641165824961,0.051010944470952745,0.0056461316716729035,1.0667012610111652,0.16605942495003834,0.12347218845765955,0.027572534237574498,0.32728130841008873,0.07072691369574807,0.1031602371428126,0.04619367037024443,0.7878279956893177,0.013614315285030255,0.7495107947229186,0.019641184260609363,0.45891128631060696,0.0007903383402072335,0.17261493385222715,0.7006813930647068
