{
  "model": "gcn",
  "split": "B",
  "seed": 3,
  "epochs": 50,
  "risk_mode": "exposure_floor",
  "exposure_delta": 0.01,
  "experiment_tag": "10seed",
  "alpha_ord": 0.5,
  "alpha_hr": 1.0,
  "alpha_topk": 0.3,
  "metrics": {
    "data_2020_train": {
      "macro_f1": 0.6002090338163114,
      "weighted_f1": 0.7828069012487997,
      "mae": 0.8232514178381454,
      "qwk": 0.7200264779901706,
      "recall_6_8": 0.725,
      "precision_6_8": 0.90625,
      "pr_auc_high": 0.932021131013749,
      "high_fn_rate": 0.275
    },
    "data_2021_train": {
      "macro_f1": 0.7151419030530872,
      "weighted_f1": 0.830303726201559,
      "mae": 0.6313197708368998,
      "qwk": 0.8007911396539156,
      "recall_6_8": 0.84,
      "precision_6_8": 0.84,
      "pr_auc_high": 0.9616657476334898,
      "high_fn_rate": 0.16
    },
    "data_2021_test": {
      "macro_f1": 0.2931903622693096,
      "weighted_f1": 0.6291532475743,
      "mae": 1.3363126267418464,
      "qwk": 0.16060035900430358,
      "recall_6_8": 0.07692307692307693,
      "precision_6_8": 0.4,
      "pr_auc_high": 0.29372337375581,
      "high_fn_rate": 0.9230769230769231
    }
  },
  "split_sizes": {
    "data_2020": {
      "train": 419,
      "val": 0,
      "test": 0
    },
    "data_2021": {
      "train": 221,
      "val": 0,
      "test": 222
    }
  },
  "risk_summaries": {
    "data_2020": {
      "edge_count": 6603,
      "risk_min": 1.362391888193315e-08,
      "risk_max": 0.8859452605247498,
      "risk_mean": 0.02048489823937416,
      "risk_p25": 0.0012728652218356729,
      "risk_p50": 0.002174965338781476,
      "risk_p75": 0.0036144452169537544,
      "risk_p90": 0.008570251055061817,
      "risk_p95": 0.11841261386871338,
      "risk_p99": 0.43279770016670227,
      "zero_risk_edge_count": 0,
      "zero_risk_edge_ratio": 0.0,
      "edge_attribute_zero_ratio": 0.928365894290474,
      "matrix_5x8": [
        [
          0,
          466,
          526,
          195,
          38,
          21,
          63,
          12
        ],
        [
          0,
          454,
          437,
          189,
          60,
          48,
          125,
          8
        ],
        [
          0,
          370,
          483,
          242,
          83,
          62,
          77,
          3
        ],
        [
          0,
          367,
          480,
          239,
          90,
          42,
          74,
          29
        ],
        [
          0,
          349,
          548,
          213,
          48,
          48,
          107,
          7
        ]
      ]
    },
    "data_2021": {
      "edge_count": 7647,
      "risk_min": 8.514949301208219e-10,
      "risk_max": 0.8570114970207214,
      "risk_mean": 0.017302386462688446,
      "risk_p25": 0.0012822079006582499,
      "risk_p50": 0.002185029909014702,
      "risk_p75": 0.0035124991554766893,
      "risk_p90": 0.008508308790624142,
      "risk_p95": 0.1033354178071022,
      "risk_p99": 0.39066481590270996,
      "zero_risk_edge_count": 0,
      "zero_risk_edge_ratio": 0.0,
      "edge_attribute_zero_ratio": 0.9314763959722767,
      "matrix_5x8": [
        [
          0,
          635,
          566,
          244,
          19,
          7,
          57,
          2
        ],
        [
          0,
          503,
          488,
          258,
          106,
          58,
          114,
          2
        ],
        [
          0,
          394,
          616,
          268,
          105,
          70,
          74,
          3
        ],
        [
          0,
          434,
          604,
          252,
          111,
          71,
          46,
          11
        ],
        [
          0,
          420,
          664,
          247,
          44,
          55,
          96,
          3
        ]
      ]
    }
  }
}