beta,lambda_concentration,runs,pyvrp_cost_mean,pyvrp_cost_std,global_risk_mean,global_risk_std,global_cvar90_mean,global_cvar90_std,max_vehicle_risk_mean,max_vehicle_risk_std,max_vehicle_cvar90_mean,max_vehicle_cvar90_std,vehicle_risk_gini_mean,vehicle_risk_gini_std,risk_variance_mean,risk_variance_std,edge_burden_gini_used_mean,edge_burden_gini_used_std,top10_burden_share_mean,top10_burden_share_std,max_edge_burden_mean,max_edge_burden_std,cost_increase_pct,risk_reduction_pct
0.0,0.0,10,146730.9,582.7275807213293,12.53472155371794,0.8250535346154733,0.27916872664985903,0.13447158041338894,4.090174362866674,0.37381380831830724,0.6147016050134385,0.09258432754252914,0.2191479939817535,0.033580652122841136,1.0333576241635754,0.303610585314045,0.8822400619027405,0.004169102309738346,0.9024753825086809,0.007567439488947938,1.5999651432037354,0.2108367561649563,0.0,0.0
1.0,0.0,10,181450.3,401.07301912079134,5.428920439040233,0.4523190383671464,0.06458257637431156,0.005993252149204149,2.3308374691595644,0.38468986222882795,0.21638018615623444,0.1138138458876642,0.3836863893302837,0.04014828092571027,0.6487056551625348,0.19084714926352528,0.840729107938809,0.006551574832007334,0.8073269526518768,0.0137113901561864,1.1550599336624146,0.12484772093602926,0.23661955320931036,0.5668894266398347
2.0,0.0,10,202980.7,331.18912019167135,4.976316896006436,0.19538252350958377,0.05826427190852164,0.002525089047808764,1.9941144374657598,0.23955468167364977,0.11625594931487471,0.014753846347036689,0.36578501172736855,0.041421713704810084,0.4595245922699557,0.13862554417623976,0.8311985650293314,0.005459559003467211,0.7909681644573225,0.007944251777805118,1.251766562461853,0.0,0.38335347224068017,0.6029974120541188
