{
  "model": "stable_tail_rc_gnn",
  "source_model": "gcn_teg_concat",
  "seed": 7,
  "delta": 0.08,
  "risk_mode": "exposure_floor",
  "exposure_delta": 0.01,
  "posthoc_formula": "clip(S_i_norm + delta * P_high * (1 - S_i_norm), 0, 1)",
  "risk_summaries": {
    "data_2020": {
      "edge_count": 6603,
      "risk_min": 4.087176230721711e-09,
      "risk_max": 0.8800799466765648,
      "risk_mean": 0.019416013283971575,
      "risk_p25": 0.0005868462938468817,
      "risk_p50": 0.001596877164169608,
      "risk_p75": 0.004722032919182672,
      "risk_p90": 0.008735102472793245,
      "risk_p95": 0.0709439842955534,
      "risk_p99": 0.44439853368217863,
      "zero_risk_edge_count": 0,
      "zero_risk_edge_ratio": 0.0,
      "edge_attribute_zero_ratio": 0.928365894290474,
      "matrix_5x8": [
        [
          0,
          749,
          242,
          95,
          101,
          46,
          70,
          18
        ],
        [
          0,
          691,
          210,
          101,
          105,
          49,
          83,
          82
        ],
        [
          0,
          604,
          238,
          147,
          129,
          100,
          50,
          52
        ],
        [
          0,
          630,
          206,
          184,
          87,
          71,
          99,
          44
        ],
        [
          0,
          642,
          269,
          129,
          88,
          47,
          95,
          50
        ]
      ]
    },
    "data_2021": {
      "edge_count": 7647,
      "risk_min": 1.019338218668381e-16,
      "risk_max": 0.8739395665882996,
      "risk_mean": 0.017426913667585232,
      "risk_p25": 0.0006269338770478327,
      "risk_p50": 0.0016592498363509373,
      "risk_p75": 0.0045088431834894496,
      "risk_p90": 0.00853644566994975,
      "risk_p95": 0.06245474252571932,
      "risk_p99": 0.4405244158429915,
      "zero_risk_edge_count": 1,
      "zero_risk_edge_ratio": 0.0001307702366941284,
      "edge_attribute_zero_ratio": 0.9314763959722767,
      "matrix_5x8": [
        [
          0,
          912,
          291,
          127,
          108,
          25,
          24,
          43
        ],
        [
          0,
          800,
          256,
          129,
          83,
          101,
          83,
          77
        ],
        [
          0,
          707,
          295,
          180,
          136,
          83,
          68,
          61
        ],
        [
          0,
          652,
          311,
          162,
          152,
          103,
          95,
          54
        ],
        [
          1,
          745,
          317,
          125,
          114,
          69,
          101,
          57
        ]
      ]
    }
  }
}