beta,lambda_concentration,runs,pyvrp_cost_mean,pyvrp_cost_std,global_risk_mean,global_risk_std,global_cvar90_mean,global_cvar90_std,max_vehicle_risk_mean,max_vehicle_risk_std,max_vehicle_cvar90_mean,max_vehicle_cvar90_std,vehicle_risk_gini_mean,vehicle_risk_gini_std,risk_variance_mean,risk_variance_std,edge_burden_gini_used_mean,edge_burden_gini_used_std,top10_burden_share_mean,top10_burden_share_std,max_edge_burden_mean,max_edge_burden_std,cost_increase_pct,risk_reduction_pct
0.0,0.0,10,146730.9,582.7275807213293,10.337550410995027,0.6819337165950933,0.31104936010730977,0.043206959846879785,3.324913273909624,0.333319241674392,0.44784866720438005,0.04982189452593171,0.20752002503014505,0.035289035430881355,0.6544821810859491,0.21372394828254954,0.8732362669040696,0.004889412977160656,0.9129845441626033,0.004937034308530149,1.041188609600067,0.2620901914802599,0.0,0.0
1.0,0.0,10,178979.8,606.0762328288414,4.744375872481032,0.3241607317292565,0.12490705274359219,0.014196972280598763,1.5807935172902945,0.21176212382560716,0.1820430763198861,0.041930312104009854,0.2633777088550918,0.053796704238913924,0.21255402090887787,0.0799343890398753,0.8466629405221863,0.004663285107600249,0.8371409850935907,0.011109753375324294,0.7047888040542603,0.0,0.2197826088438086,0.5410541488208415
