beta,lambda_concentration,runs,pyvrp_cost_mean,pyvrp_cost_std,global_risk_mean,global_risk_std,global_cvar90_mean,global_cvar90_std,max_vehicle_risk_mean,max_vehicle_risk_std,max_vehicle_cvar90_mean,max_vehicle_cvar90_std,vehicle_risk_gini_mean,vehicle_risk_gini_std,risk_variance_mean,risk_variance_std,edge_burden_gini_used_mean,edge_burden_gini_used_std,top10_burden_share_mean,top10_burden_share_std,max_edge_burden_mean,max_edge_burden_std,cost_increase_pct,risk_reduction_pct
0.0,0.0,10,146730.9,582.7275807213293,13.899356178823798,0.8829018047013533,0.26099756054558093,0.14680900708434355,4.377161385810178,0.39590198424506595,0.5952758681916055,0.046850435580502205,0.18655713016921682,0.03289345060564274,0.9814294916654444,0.30780352149763507,0.8794425347516397,0.004845686483358749,0.9083881739412453,0.007702058987516964,1.8970950603485108,0.05423553963918888,0.0,0.0
1.0,0.0,10,179273.9,291.3727852768683,5.388516171878433,0.6122508604227598,0.06771532505241451,0.007783341040011715,1.8846258505139815,0.35671664042628576,0.13537336484835874,0.057315975091871474,0.28636051280062896,0.03000281415975472,0.3402905731631819,0.14077797987352378,0.828755228180923,0.009627807737950458,0.7967484941317826,0.01824289129980703,0.9797503352165222,0.013973513993080696,0.22178695830257977,0.6123190094165184
2.0,0.0,10,197390.4,311.8486812542262,4.718208534528037,0.2695611493209054,0.05825486004022381,0.004537434290725384,1.574267410208995,0.09193736030144503,0.10847143602002036,0.007290529838134543,0.2909725501108998,0.05605213298398954,0.25481728627219524,0.08633833817220697,0.8145437998882461,0.0069140614747957045,0.7695858078096456,0.013501294438751033,0.9710719585418701,0.0,0.34525447605105675,0.6605448141751292
