beta,lambda_concentration,runs,pyvrp_cost_mean,pyvrp_cost_std,global_risk_mean,global_risk_std,global_cvar90_mean,global_cvar90_std,max_vehicle_risk_mean,max_vehicle_risk_std,max_vehicle_cvar90_mean,max_vehicle_cvar90_std,vehicle_risk_gini_mean,vehicle_risk_gini_std,risk_variance_mean,risk_variance_std,edge_burden_gini_used_mean,edge_burden_gini_used_std,top10_burden_share_mean,top10_burden_share_std,max_edge_burden_mean,max_edge_burden_std,cost_increase_pct,risk_reduction_pct
0.0,0.0,3,146220.66666666666,383.9379290111011,12.484170101272563,1.2315005484423107,0.22374899474058732,0.008893971614212211,4.041007913377446,0.12050887160332625,0.6370941506491766,0.04479827057186294,0.21574868432197544,0.017422642830880575,1.0033117778035046,0.03537986231646884,0.8656885112174538,0.005596834641105274,0.9058320929518819,0.0073349648591670815,1.459135373433431,0.4684023001384863,0.0,0.0
1.0,0.0,3,180043.0,482.39817578427886,6.1592770759016275,0.5743686089525415,0.1153678207145835,0.009047946861654381,2.1872554186653965,0.18678961962583587,0.19063056167013523,0.0713805591413594,0.2883668469129517,0.08823800831554898,0.41404103100695666,0.19146306348902714,0.8254458999866244,0.004451212055656529,0.8277983004822183,0.012816561944209635,0.800551176071167,0.025687850355511643,0.23131021150680942,0.5066330380043208
