beta,lambda_concentration,runs,pyvrp_cost_mean,pyvrp_cost_std,global_risk_mean,global_risk_std,global_cvar90_mean,global_cvar90_std,max_vehicle_risk_mean,max_vehicle_risk_std,max_vehicle_cvar90_mean,max_vehicle_cvar90_std,vehicle_risk_gini_mean,vehicle_risk_gini_std,risk_variance_mean,risk_variance_std,edge_burden_gini_used_mean,edge_burden_gini_used_std,top10_burden_share_mean,top10_burden_share_std,max_edge_burden_mean,max_edge_burden_std,cost_increase_pct,risk_reduction_pct
0.0,0.0,10,146730.9,582.7275807213293,8.95810006109416,0.6018592822520008,0.2798878166174476,0.03415783967361176,2.9491240842093247,0.25874883304950247,0.4445011527091265,0.0798341464289471,0.21979951004010156,0.034839403700743454,0.5376184940853294,0.16450686782195284,0.8813599204757839,0.005012560716492578,0.9023579612308079,0.008598286933634798,1.0929121375083923,0.3149936868924609,0.0,0.0
1.5,1.0,10,211958.5,407.76089126404025,3.358800064101679,0.06150820620769353,0.07941199920486447,0.002745502474150762,1.4018184127893618,0.22013824902974927,0.13841354129463704,0.023959290988004575,0.3682440788240754,0.06667801558411401,0.21700705712249535,0.07810552619469734,0.8220383237787775,0.0032183305937108,0.7820712863193853,0.004245631065309233,0.7642931938171387,0.0,0.4445389485105047,0.625054415423436
