{
  "pairs": "D:\\PyVRP-main\\hazmat_risk_experiments\\outputs_10seed\\od_paths\\fixed_od_pairs_150.csv",
  "num_pairs": 150,
  "year": "data_2021",
  "k_paths": 50,
  "cvar_alpha": 0.9,
  "re_threshold": "p75",
  "sources": [
    {
      "risk_source": "Stable-Tail-TailOnlyRaw-a020_seed0",
      "risk_dir": "D:\\PyVRP-main\\hazmat_risk_experiments\\outputs_10seed\\risk_matrices\\stable_tail_tail_only_raw_a020_splitB_seed0_floor_0p01",
      "largest_component_nodes": 4357,
      "largest_component_edges": 6650,
      "re_threshold": "p75",
      "re_threshold_value": 0.0037399035645648837,
      "risk_diagnostics": {
        "edge_count": 6650,
        "zero_risk_edge_count": 1,
        "zero_risk_edge_ratio": 0.00015037593984962405,
        "risk_min": 0.0,
        "risk_p25": 0.0007010435801930726,
        "risk_p50": 0.0016996809281408787,
        "risk_p75": 0.0037399035645648837,
        "risk_p90": 0.008602641522884369,
        "risk_p95": 0.07628768607974051,
        "risk_p99": 0.48204270005226135,
        "risk_max": 0.8651409149169922,
        "edge_attribute_zero_ratio": 0.0,
        "S_i_norm_zero_or_near_zero_ratio": 0.005278861602019738
      }
    },
    {
      "risk_source": "Stable-Tail-TailOnlyRaw-a020_seed1",
      "risk_dir": "D:\\PyVRP-main\\hazmat_risk_experiments\\outputs_10seed\\risk_matrices\\stable_tail_tail_only_raw_a020_splitB_seed1_floor_0p01",
      "largest_component_nodes": 4357,
      "largest_component_edges": 6650,
      "re_threshold": "p75",
      "re_threshold_value": 0.0046975500881671906,
      "risk_diagnostics": {
        "edge_count": 6650,
        "zero_risk_edge_count": 0,
        "zero_risk_edge_ratio": 0.0,
        "risk_min": 1.19209286886246e-09,
        "risk_p25": 0.0010140876984223723,
        "risk_p50": 0.0019013149430975318,
        "risk_p75": 0.0046975500881671906,
        "risk_p90": 0.008581658825278282,
        "risk_p95": 0.08985105380415803,
        "risk_p99": 0.5333189368247986,
        "risk_max": 0.8736302256584167,
        "edge_attribute_zero_ratio": 0.0,
        "S_i_norm_zero_or_near_zero_ratio": 0.0006885471654808355
      }
    },
    {
      "risk_source": "Stable-Tail-TailOnlyRaw-a020_seed2",
      "risk_dir": "D:\\PyVRP-main\\hazmat_risk_experiments\\outputs_10seed\\risk_matrices\\stable_tail_tail_only_raw_a020_splitB_seed2_floor_0p01",
      "largest_component_nodes": 4357,
      "largest_component_edges": 6650,
      "re_threshold": "p75",
      "re_threshold_value": 0.004274360835552216,
      "risk_diagnostics": {
        "edge_count": 6650,
        "zero_risk_edge_count": 0,
        "zero_risk_edge_ratio": 0.0,
        "risk_min": 3.0926292993171955e-07,
        "risk_p25": 0.0010025936644524336,
        "risk_p50": 0.0019498041365295649,
        "risk_p75": 0.004274360835552216,
        "risk_p90": 0.0084222462028265,
        "risk_p95": 0.08174289204180102,
        "risk_p99": 0.5193746089935303,
        "risk_max": 0.9466257691383362,
        "edge_attribute_zero_ratio": 0.0,
        "S_i_norm_zero_or_near_zero_ratio": 0.0004590314436538903
      }
    },
    {
      "risk_source": "Stable-Tail-TailOnlyRaw-a020_seed3",
      "risk_dir": "D:\\PyVRP-main\\hazmat_risk_experiments\\outputs_10seed\\risk_matrices\\stable_tail_tail_only_raw_a020_splitB_seed3_floor_0p01",
      "largest_component_nodes": 4357,
      "largest_component_edges": 6650,
      "re_threshold": "p75",
      "re_threshold_value": 0.0034749226178973913,
      "risk_diagnostics": {
        "edge_count": 6650,
        "zero_risk_edge_count": 0,
        "zero_risk_edge_ratio": 0.0,
        "risk_min": 5.125999180677354e-08,
        "risk_p25": 0.0008443795813946053,
        "risk_p50": 0.0016882515046745539,
        "risk_p75": 0.0034749226178973913,
        "risk_p90": 0.007963840663433091,
        "risk_p95": 0.07185977660119511,
        "risk_p99": 0.448384553194046,
        "risk_max": 0.8569045662879944,
        "edge_attribute_zero_ratio": 0.0,
        "S_i_norm_zero_or_near_zero_ratio": 0.0009180628873077806
      }
    },
    {
      "risk_source": "Stable-Tail-TailOnlyRaw-a020_seed4",
      "risk_dir": "D:\\PyVRP-main\\hazmat_risk_experiments\\outputs_10seed\\risk_matrices\\stable_tail_tail_only_raw_a020_splitB_seed4_floor_0p01",
      "largest_component_nodes": 4357,
      "largest_component_edges": 6650,
      "re_threshold": "p75",
      "re_threshold_value": 0.0038957875804044306,
      "risk_diagnostics": {
        "edge_count": 6650,
        "zero_risk_edge_count": 0,
        "zero_risk_edge_ratio": 0.0,
        "risk_min": 8.514949301208219e-10,
        "risk_p25": 0.0010475533781573176,
        "risk_p50": 0.002017592778429389,
        "risk_p75": 0.0038957875804044306,
        "risk_p90": 0.008653920143842697,
        "risk_p95": 0.07406558655202311,
        "risk_p99": 0.5370038747787476,
        "risk_max": 0.9024421572685242,
        "edge_attribute_zero_ratio": 0.0,
        "S_i_norm_zero_or_near_zero_ratio": 0.0009180628873077806
      }
    },
    {
      "risk_source": "Stable-Tail-TailOnlyRaw-a020_seed5",
      "risk_dir": "D:\\PyVRP-main\\hazmat_risk_experiments\\outputs_10seed\\risk_matrices\\stable_tail_tail_only_raw_a020_splitB_seed5_floor_0p01",
      "largest_component_nodes": 4357,
      "largest_component_edges": 6650,
      "re_threshold": "p75",
      "re_threshold_value": 0.003816734068095684,
      "risk_diagnostics": {
        "edge_count": 6650,
        "zero_risk_edge_count": 0,
        "zero_risk_edge_ratio": 0.0,
        "risk_min": 1.4305114426349519e-08,
        "risk_p25": 0.0008243921911343932,
        "risk_p50": 0.0016159857623279095,
        "risk_p75": 0.003816734068095684,
        "risk_p90": 0.008160036988556385,
        "risk_p95": 0.07334705144166895,
        "risk_p99": 0.5000109672546387,
        "risk_max": 0.8673117160797119,
        "edge_attribute_zero_ratio": 0.0,
        "S_i_norm_zero_or_near_zero_ratio": 0.0006885471654808355
      }
    },
    {
      "risk_source": "Stable-Tail-TailOnlyRaw-a020_seed6",
      "risk_dir": "D:\\PyVRP-main\\hazmat_risk_experiments\\outputs_10seed\\risk_matrices\\stable_tail_tail_only_raw_a020_splitB_seed6_floor_0p01",
      "largest_component_nodes": 4357,
      "largest_component_edges": 6650,
      "re_threshold": "p75",
      "re_threshold_value": 0.004388867877423763,
      "risk_diagnostics": {
        "edge_count": 6650,
        "zero_risk_edge_count": 0,
        "zero_risk_edge_ratio": 0.0,
        "risk_min": 2.554484623829012e-09,
        "risk_p25": 0.0012804651050828397,
        "risk_p50": 0.0021450802450999618,
        "risk_p75": 0.004388867877423763,
        "risk_p90": 0.007522244937717915,
        "risk_p95": 0.09064278304576859,
        "risk_p99": 0.5280741453170776,
        "risk_max": 0.8483538031578064,
        "edge_attribute_zero_ratio": 0.0,
        "S_i_norm_zero_or_near_zero_ratio": 0.0009180628873077806
      }
    },
    {
      "risk_source": "Stable-Tail-TailOnlyRaw-a020_seed7",
      "risk_dir": "D:\\PyVRP-main\\hazmat_risk_experiments\\outputs_10seed\\risk_matrices\\stable_tail_tail_only_raw_a020_splitB_seed7_floor_0p01",
      "largest_component_nodes": 4357,
      "largest_component_edges": 6650,
      "re_threshold": "p75",
      "re_threshold_value": 0.0049143885262310505,
      "risk_diagnostics": {
        "edge_count": 6650,
        "zero_risk_edge_count": 0,
        "zero_risk_edge_ratio": 0.0,
        "risk_min": 3.269740389555409e-08,
        "risk_p25": 0.0008118165424093604,
        "risk_p50": 0.001852666784543544,
        "risk_p75": 0.0049143885262310505,
        "risk_p90": 0.008665450848639011,
        "risk_p95": 0.07245227694511368,
        "risk_p99": 0.527661919593811,
        "risk_max": 0.8697533011436462,
        "edge_attribute_zero_ratio": 0.0,
        "S_i_norm_zero_or_near_zero_ratio": 0.001606610052788616
      }
    },
    {
      "risk_source": "Stable-Tail-TailOnlyRaw-a020_seed8",