beta,lambda_concentration,runs,pyvrp_cost_mean,pyvrp_cost_std,global_risk_mean,global_risk_std,global_cvar90_mean,global_cvar90_std,max_vehicle_risk_mean,max_vehicle_risk_std,max_vehicle_cvar90_mean,max_vehicle_cvar90_std,vehicle_risk_gini_mean,vehicle_risk_gini_std,risk_variance_mean,risk_variance_std,edge_burden_gini_used_mean,edge_burden_gini_used_std,top10_burden_share_mean,top10_burden_share_std,max_edge_burden_mean,max_edge_burden_std,cost_increase_pct,risk_reduction_pct
0.0,0.0,10,146730.9,582.7275807213293,7.807039214548422,0.5632437670876278,0.23721979124066483,0.025475546744419562,2.4831717026012483,0.46652828517227907,0.3970439982631554,0.0976770426355333,0.20167254050479494,0.05068182386711243,0.3776700303434374,0.1947205026645529,0.8242665435079042,0.009000608194220293,0.8581240956127596,0.011163345750122277,1.0211743354797362,0.35880408758054,0.0,0.0
1.0,0.0,10,179429.8,245.5975931840086,3.4845052763354034,0.05903432763498915,0.07926573171110082,0.002559523577133911,1.0831073209177702,0.11238496408795519,0.11064328712278179,0.00959342039175267,0.20817503564987422,0.034271364410021044,0.07487227865342964,0.021602647906322877,0.6980947776553094,0.005690251244245018,0.6990148717687104,0.006376190085719275,0.513384222984314,0.0,0.22284944752604935,0.5536713495888966
