beta,lambda_concentration,runs,pyvrp_cost_mean,pyvrp_cost_std,global_risk_mean,global_risk_std,global_cvar90_mean,global_cvar90_std,max_vehicle_risk_mean,max_vehicle_risk_std,max_vehicle_cvar90_mean,max_vehicle_cvar90_std,vehicle_risk_gini_mean,vehicle_risk_gini_std,risk_variance_mean,risk_variance_std,edge_burden_gini_used_mean,edge_burden_gini_used_std,top10_burden_share_mean,top10_burden_share_std,max_edge_burden_mean,max_edge_burden_std,cost_increase_pct,risk_reduction_pct
0.0,0.0,10,133997.6,0.6992058987801011,7.593195551622193,0.888607860940936,0.23931413262942808,0.03621832981592812,2.265631798172035,0.33535485813583965,0.36169501835635554,0.09764693399784237,0.17275010600192872,0.05451412862436427,0.26222217269584347,0.16228110039161858,0.8787103281701987,0.008366782326858568,0.8953847571790101,0.008616724038426515,1.1549377620220185,0.4011820829885666,0.0,0.0
1.5,1.0,10,170892.5,430.8073170739379,1.8011046248415368,0.023727208820207128,0.032352511517885596,0.004048536442980816,0.6030283087009594,0.03672165127038607,0.06912479421589524,0.005756575321209264,0.22921199080734694,0.013856266229319566,0.0231199355406393,0.003431601205934244,0.7132560168652597,0.004948062212719771,0.636953240082922,0.006355974184175696,0.38049134612083435,0.0,0.27534000608966125,0.7628001791080546
