beta,lambda_concentration,runs,pyvrp_cost_mean,pyvrp_cost_std,global_risk_mean,global_risk_std,global_cvar90_mean,global_cvar90_std,max_vehicle_risk_mean,max_vehicle_risk_std,max_vehicle_cvar90_mean,max_vehicle_cvar90_std,vehicle_risk_gini_mean,vehicle_risk_gini_std,risk_variance_mean,risk_variance_std,edge_burden_gini_used_mean,edge_burden_gini_used_std,top10_burden_share_mean,top10_burden_share_std,max_edge_burden_mean,max_edge_burden_std,cost_increase_pct,risk_reduction_pct
0.0,0.0,10,146997.4,470.61949716422833,9.866223220864626,0.7412051243815546,0.2897991514579453,0.04367178083239975,3.207580797605309,0.31826043648697966,0.4646521594100994,0.04075853219602243,0.21265280677045778,0.02989726312975091,0.6229796186585469,0.1889428638115144,0.8772067079482223,0.0044149729139167865,0.903607363484104,0.007883425097862388,1.1418920281027598,0.09704526652345966,0.0,0.0
1.0,0.0,10,177633.1,383.8965283047562,3.928199324780949,0.3949659188726884,0.08299780068718937,0.010794056901955975,1.3965728747920285,0.3394339614160928,0.14291866843931741,0.03154450645420422,0.26190767504892154,0.06853420862666101,0.16777217921653248,0.09753024991559939,0.8249363348867942,0.010354758985654314,0.7958640369678159,0.019550835616068286,0.6543661642156913,0.040658718493102784,0.20840980860885983,0.6018537958400962
