{
  "model": "weighted_gcn",
  "split": "B",
  "seed": 1,
  "epochs": 50,
  "risk_mode": "exposure_floor",
  "exposure_delta": 0.01,
  "experiment_tag": "10seed",
  "alpha_ord": 0.5,
  "alpha_hr": 1.0,
  "alpha_topk": 0.3,
  "metrics": {
    "data_2020_train": {
      "macro_f1": 0.5792982153681197,
      "weighted_f1": 0.7212490388601654,
      "mae": 1.2282962803703392,
      "qwk": 0.6735626726656874,
      "recall_6_8": 0.8,
      "precision_6_8": 0.6808510638297872,
      "pr_auc_high": 0.8453955691934663,
      "high_fn_rate": 0.2
    },
    "data_2021_train": {
      "macro_f1": 0.7269267073561153,
      "weighted_f1": 0.8032957098225575,
      "mae": 1.0994575150228634,
      "qwk": 0.8110009231623123,
      "recall_6_8": 0.8,
      "precision_6_8": 0.9523809523809523,
      "pr_auc_high": 0.9359941603063202,
      "high_fn_rate": 0.2
    },
    "data_2021_test": {
      "macro_f1": 0.2455787470863645,
      "weighted_f1": 0.5617594500370632,
      "mae": 1.687890222675296,
      "qwk": 0.23295505316772402,
      "recall_6_8": 0.2692307692307692,
      "precision_6_8": 0.25925925925925924,
      "pr_auc_high": 0.26052891712189463,
      "high_fn_rate": 0.7307692307692307
    }
  },
  "split_sizes": {
    "data_2020": {
      "train": 419,
      "val": 0,
      "test": 0
    },
    "data_2021": {
      "train": 221,
      "val": 0,
      "test": 222
    }
  },
  "risk_summaries": {
    "data_2020": {
      "edge_count": 6603,
      "risk_min": 4.268203156243544e-06,
      "risk_max": 0.9254364967346191,
      "risk_mean": 0.021593542769551277,
      "risk_p25": 0.0029015573672950268,
      "risk_p50": 0.0036325983237475157,
      "risk_p75": 0.0046740309335291386,
      "risk_p90": 0.008549261838197708,
      "risk_p95": 0.1158158928155899,
      "risk_p99": 0.43208518624305725,
      "zero_risk_edge_count": 0,
      "zero_risk_edge_ratio": 0.0,
      "edge_attribute_zero_ratio": 0.928365894290474,
      "matrix_5x8": [
        [
          0,
          57,
          264,
          718,
          162,
          30,
          72,
          18
        ],
        [
          0,
          77,
          298,
          600,
          123,
          75,
          135,
          13
        ],
        [
          0,
          71,
          268,
          600,
          196,
          104,
          79,
          2
        ],
        [
          0,
          61,
          255,
          617,
          185,
          77,
          78,
          48
        ],
        [
          0,
          144,
          310,
          501,
          171,
          66,
          104,
          24
        ]
      ]
    },
    "data_2021": {
      "edge_count": 7647,
      "risk_min": 1.5292849298020883e-07,
      "risk_max": 0.8551721572875977,
      "risk_mean": 0.01806400716304779,
      "risk_p25": 0.002907239831984043,
      "risk_p50": 0.003632528940215707,
      "risk_p75": 0.004457309376448393,
      "risk_p90": 0.008019717410206795,
      "risk_p95": 0.08819618076086044,
      "risk_p99": 0.39436277747154236,
      "zero_risk_edge_count": 0,
      "zero_risk_edge_ratio": 0.0,
      "edge_attribute_zero_ratio": 0.9314763959722767,
      "matrix_5x8": [
        [
          0,
          57,
          284,
          867,
          242,
          23,
          53,
          4
        ],
        [
          0,
          78,
          341,
          739,
          195,
          62,
          107,
          7
        ],
        [
          0,
          64,
          338,
          772,
          224,
          32,
          99,
          1
        ],
        [
          0,
          59,
          285,
          762,
          263,
          58,
          86,
          16
        ],
        [
          0,
          140,
          402,
          632,
          166,
          73,
          112,
          4
        ]
      ]
    }
  }
}