beta,lambda_concentration,runs,pyvrp_cost_mean,pyvrp_cost_std,global_risk_mean,global_risk_std,global_cvar90_mean,global_cvar90_std,max_vehicle_risk_mean,max_vehicle_risk_std,max_vehicle_cvar90_mean,max_vehicle_cvar90_std,vehicle_risk_gini_mean,vehicle_risk_gini_std,risk_variance_mean,risk_variance_std,edge_burden_gini_used_mean,edge_burden_gini_used_std,top10_burden_share_mean,top10_burden_share_std,max_edge_burden_mean,max_edge_burden_std,cost_increase_pct,risk_reduction_pct
0.0,0.0,10,133997.6,0.6992058987801011,7.42227247194096,0.8333919944868041,0.2224389347016432,0.046568282636141364,2.328079892370442,0.42073570923459935,0.3790734022064134,0.1059085519667995,0.1927917150563054,0.06425270489194482,0.31634758261354284,0.22712908285653116,0.8317376198814527,0.012769813540960273,0.8582450645387351,0.013061958264700229,1.0998382210731505,0.40070203766104384,0.0,0.0
1.0,0.0,10,158033.9,258.4214688363866,3.055585117728333,0.1540217222411576,0.07366516915329249,0.004742676163863941,0.9633499638992362,0.05565739849413634,0.1055128542280623,0.01914702612622466,0.2196935422518483,0.02327880288210919,0.05986625278194392,0.009309935672948973,0.6975018316326012,0.010703489946580073,0.6925291574653136,0.013968601993620308,0.38935914635658264,0.0,0.17937858588512023,0.588322157495537
