{
  "model": "stable_tail_rc_gnn",
  "source_model": "gcn_teg_concat",
  "seed": 4,
  "delta": 0.25,
  "risk_mode": "exposure_floor",
  "exposure_delta": 0.01,
  "posthoc_formula": "clip(S_i_norm + delta * P_high * (1 - S_i_norm), 0, 1)",
  "risk_summaries": {
    "data_2020": {
      "edge_count": 6603,
      "risk_min": 5.1089692775462515e-09,
      "risk_max": 0.9343647792168213,
      "risk_mean": 0.020977217441782967,
      "risk_p25": 0.0009271439988756895,
      "risk_p50": 0.0020673338044824873,
      "risk_p75": 0.0043352006016761785,
      "risk_p90": 0.009008776399063117,
      "risk_p95": 0.09637090765617964,
      "risk_p99": 0.45494321402574134,
      "zero_risk_edge_count": 0,
      "zero_risk_edge_ratio": 0.0,
      "edge_attribute_zero_ratio": 0.928365894290474,
      "matrix_5x8": [
        [
          0,
          605,
          394,
          165,
          38,
          25,
          21,
          73
        ],
        [
          0,
          608,
          324,
          124,
          75,
          21,
          41,
          128
        ],
        [
          0,
          558,
          311,
          210,
          84,
          43,
          47,
          67
        ],
        [
          0,
          563,
          344,
          186,
          36,
          46,
          66,
          80
        ],
        [
          0,
          513,
          398,
          174,
          64,
          26,
          43,
          102
        ]
      ]
    },
    "data_2021": {
      "edge_count": 7647,
      "risk_min": 1.192092870362496e-09,
      "risk_max": 0.9255255761577114,
      "risk_mean": 0.01942082409225715,
      "risk_p25": 0.0009701175976596728,
      "risk_p50": 0.002089530235779854,
      "risk_p75": 0.004136264353299984,
      "risk_p90": 0.008934961875708384,
      "risk_p95": 0.0737842650856579,
      "risk_p99": 0.45307578528206593,
      "zero_risk_edge_count": 0,
      "zero_risk_edge_ratio": 0.0,
      "edge_attribute_zero_ratio": 0.9314763959722767,
      "matrix_5x8": [
        [
          0,
          681,
          529,
          185,
          49,
          15,
          30,
          41
        ],
        [
          0,
          742,
          340,
          166,
          71,
          71,
          45,
          94
        ],
        [
          0,
          649,
          408,
          207,
          69,
          92,
          44,
          61
        ],
        [
          0,
          609,
          378,
          176,
          91,
          143,
          81,
          51
        ],
        [
          0,
          570,
          485,
          178,
          69,
          88,
          54,
          85
        ]
      ]
    }
  }
}