beta,lambda_concentration,runs,pyvrp_cost_mean,pyvrp_cost_std,global_risk_mean,global_risk_std,global_cvar90_mean,global_cvar90_std,max_vehicle_risk_mean,max_vehicle_risk_std,max_vehicle_cvar90_mean,max_vehicle_cvar90_std,vehicle_risk_gini_mean,vehicle_risk_gini_std,risk_variance_mean,risk_variance_std,edge_burden_gini_used_mean,edge_burden_gini_used_std,top10_burden_share_mean,top10_burden_share_std,max_edge_burden_mean,max_edge_burden_std,cost_increase_pct,risk_reduction_pct
0.0,0.0,10,146730.9,582.7275807213293,8.474607794447737,0.6320242676751312,0.24244951045124297,0.02355288149636704,2.9796808957773906,0.1638176450106359,0.4390990323637193,0.05799888987154544,0.27330103819815343,0.02487137298094864,0.7322657605705024,0.17530486686338004,0.8834574438244591,0.0061589425134416015,0.9020934681181089,0.006889159866012355,1.0911603747803793,0.3461877901050229,0.0,0.0
1.0,0.0,10,172893.8,308.9565952974265,3.1266414550573183,0.15593358191444387,0.06227596620750224,0.003956784132156186,1.0821816156423738,0.06770801478894697,0.12832475553280992,0.005991236653867986,0.29603662716657325,0.023461004710441956,0.11893439227423472,0.018663625591783205,0.8171188792673909,0.006186766671848576,0.7733207099937911,0.009612465390005872,0.5322619609212873,0.05676942442697291,0.1783053194657703,0.6310576806744479
