beta,lambda_concentration,runs,pyvrp_cost_mean,pyvrp_cost_std,global_risk_mean,global_risk_std,global_cvar90_mean,global_cvar90_std,max_vehicle_risk_mean,max_vehicle_risk_std,max_vehicle_cvar90_mean,max_vehicle_cvar90_std,vehicle_risk_gini_mean,vehicle_risk_gini_std,risk_variance_mean,risk_variance_std,edge_burden_gini_used_mean,edge_burden_gini_used_std,top10_burden_share_mean,top10_burden_share_std,max_edge_burden_mean,max_edge_burden_std,cost_increase_pct,risk_reduction_pct
0.0,0.0,10,133997.6,0.6992058987801011,7.280496294885234,0.8545786867839819,0.20868484580219193,0.04535185396272877,2.332222390062088,0.35243899994802314,0.3772026845812798,0.09781312776444986,0.20240990704963607,0.06297176366548544,0.3320482538509035,0.20207068716582247,0.8590428387646638,0.011193976018682888,0.8840821629859306,0.0115172614428817,1.1083066284656524,0.40946023147598765,0.0,0.0
1.0,0.0,10,157168.7,396.5167924144786,2.7021329397939553,0.195285209780545,0.0626873301921337,0.010209468482722656,0.9172342286270577,0.10653431225137294,0.10005533772934641,0.020632651262674676,0.2260615964222934,0.0787702589792544,0.055452790073530725,0.02636343112824502,0.7557391739568755,0.016032550257922076,0.7429863217854155,0.021060273477121565,0.32063418030738833,0.05572198137562595,0.17292175382245656,0.6288531948442975
