beta,lambda_concentration,runs,pyvrp_cost_mean,pyvrp_cost_std,global_risk_mean,global_risk_std,global_cvar90_mean,global_cvar90_std,max_vehicle_risk_mean,max_vehicle_risk_std,max_vehicle_cvar90_mean,max_vehicle_cvar90_std,vehicle_risk_gini_mean,vehicle_risk_gini_std,risk_variance_mean,risk_variance_std,edge_burden_gini_used_mean,edge_burden_gini_used_std,top10_burden_share_mean,top10_burden_share_std,max_edge_burden_mean,max_edge_burden_std,cost_increase_pct,risk_reduction_pct
0.0,0.0,10,146730.9,582.7275807213293,9.938069944336524,0.645722749230374,0.3050596092177762,0.0339635590671423,3.409897243019077,0.3599091475945879,0.483724917230152,0.053053444563441965,0.25038918498487783,0.03578102955147881,0.8832600869737878,0.24800192617935685,0.8781308576751101,0.005152010559000959,0.9098019458827851,0.008104900458027291,1.069527506828308,0.3363217521308679,0.0,0.0
1.5,1.0,10,210635.4,292.3902263148418,3.5023287844276068,0.11504763919861698,0.07232673917065996,0.009438099770160807,2.001186432750546,0.1402398710713964,0.1834731135167945,0.038928940022520474,0.4624990009342288,0.04208232509324293,0.45830086180650087,0.07894675377973347,0.8212407390163886,0.007453351614565599,0.7820473829677396,0.009726246203646266,0.9099960923194885,0.0,0.43552176126500963,0.6475846110920007
