beta,lambda_concentration,runs,pyvrp_cost_mean,pyvrp_cost_std,global_risk_mean,global_risk_std,global_cvar90_mean,global_cvar90_std,max_vehicle_risk_mean,max_vehicle_risk_std,max_vehicle_cvar90_mean,max_vehicle_cvar90_std,vehicle_risk_gini_mean,vehicle_risk_gini_std,risk_variance_mean,risk_variance_std,edge_burden_gini_used_mean,edge_burden_gini_used_std,top10_burden_share_mean,top10_burden_share_std,max_edge_burden_mean,max_edge_burden_std,cost_increase_pct,risk_reduction_pct
0.0,0.0,10,146730.9,582.7275807213293,8.250746587950676,0.6110390343910936,0.24128355124322418,0.030974548778538415,2.719471950923361,0.2678138886325416,0.3890263595554349,0.051964609896575545,0.2165993352032516,0.038983160854102694,0.4654793109491145,0.1518834744221937,0.860724229821663,0.006595090693445515,0.8865170334103653,0.009031669037797974,1.0278724107620603,0.35554273561883865,0.0,0.0
1.0,0.0,10,180758.7,390.72100020347,3.7866234312966043,0.21712111477408452,0.08183626876060125,0.011568514019964869,1.5147428493138213,0.19676846919814842,0.18054029856228473,0.026680924643996837,0.31172152977297063,0.05597367367585197,0.20501067363136433,0.07165436272075378,0.7973482210318721,0.008210211776975717,0.7885096636303921,0.011223478996422561,0.8393165941092819,0.0,0.23190616291456004,0.5410568739528251
