{
  "model": "stable_tail_ec_gnn",
  "split": "B",
  "seed": 0,
  "epochs": 50,
  "risk_mode": "exposure_floor",
  "exposure_delta": 0.01,
  "uncertainty_tau": 0.0,
  "experiment_tag": "EC1_d0p05_le0p05",
  "alpha_ord": 0.3,
  "alpha_hr": 0.5,
  "alpha_topk": 0.1,
  "lambda_nll": 0.0,
  "lambda_var": 0.0,
  "ec_delta_max": 0.05,
  "lambda_edge": 0.05,
  "lambda_edge_high": 0.05,
  "lambda_distill": 0.2,
  "lambda_delta": 0.02,
  "ec_teacher_epochs": 50,
  "gamma_unc": 0.5,
  "logvar_min": -5.0,
  "logvar_max": 2.0,
  "metrics": {
    "data_2020_train": {
      "macro_f1": 0.2659859831119855,
      "weighted_f1": 0.6519285532415833,
      "mae": 1.0824247947809162,
      "qwk": 0.48239787875185425,
      "recall_6_8": 0.475,
      "precision_6_8": 0.5,
      "pr_auc_high": 0.45314873634720754,
      "high_fn_rate": 0.525,
      "brier": 0.4146554470062256,
      "ece": 0.1200740372935457
    },
    "data_2021_train": {
      "macro_f1": 0.32132034632034634,
      "weighted_f1": 0.64889424301189,
      "mae": 1.0044809558606267,
      "qwk": 0.46692987561577093,
      "recall_6_8": 0.44,
      "precision_6_8": 0.6470588235294118,
      "pr_auc_high": 0.5883250404551212,
      "high_fn_rate": 0.56,
      "brier": 0.41227349638938904,
      "ece": 0.10816103125589464
    },
    "data_2021_test": {
      "macro_f1": 0.2318954972420319,
      "weighted_f1": 0.5959213800797959,
      "mae": 1.2880169488742264,
      "qwk": 0.3609597319705675,
      "recall_6_8": 0.38461538461538464,
      "precision_6_8": 0.4166666666666667,
      "pr_auc_high": 0.3838085948032916,
      "high_fn_rate": 0.6153846153846154,
      "brier": 0.48309409618377686,
      "ece": 0.08932102021870313
    }
  },
  "split_sizes": {
    "data_2020": {
      "train": 419,
      "val": 0,
      "test": 0
    },
    "data_2021": {
      "train": 221,
      "val": 0,
      "test": 222
    }
  },
  "risk_summaries": {
    "data_2020": {
      "edge_count": 6603,
      "risk_min": 0.0,
      "risk_max": 0.7694604396820068,
      "risk_mean": 0.01863085851073265,
      "risk_p25": 0.0009208911214955151,
      "risk_p50": 0.0019037193851545453,
      "risk_p75": 0.003956220578402281,
      "risk_p90": 0.006938624661415815,
      "risk_p95": 0.11524242162704468,
      "risk_p99": 0.38857752084732056,
      "zero_risk_edge_count": 305,
      "zero_risk_edge_ratio": 0.04619112524610026,
      "edge_attribute_zero_ratio": 0.928365894290474,
      "matrix_5x8": [
        [
          0,
          550,
          447,
          127,
          124,
          54,
          19,
          0
        ],
        [
          0,
          490,
          434,
          152,
          106,
          56,
          83,
          0
        ],
        [
          0,
          400,
          437,
          204,
          187,
          51,
          41,
          0
        ],
        [
          0,
          421,
          464,
          182,
          137,
          82,
          35,
          0
        ],
        [
          0,
          425,
          443,
          199,
          138,
          62,
          53,
          0
        ]
      ]
    },
    "data_2021": {
      "edge_count": 7647,
      "risk_min": 0.0,
      "risk_max": 0.7824059724807739,
      "risk_mean": 0.017646782100200653,
      "risk_p25": 0.0009371638298034668,
      "risk_p50": 0.00201392057351768,
      "risk_p75": 0.003969185054302216,
      "risk_p90": 0.007770613767206669,
      "risk_p95": 0.09992040693759918,
      "risk_p99": 0.3971397280693054,
      "zero_risk_edge_count": 323,
      "zero_risk_edge_ratio": 0.042238786452203476,
      "edge_attribute_zero_ratio": 0.9314763959722767,
      "matrix_5x8": [
        [
          0,
          730,
          466,
          162,
          71,
          63,
          38,
          0
        ],
        [
          0,
          506,
          533,
          184,
          187,
          32,
          87,
          0
        ],
        [
          0,
          414,
          551,
          249,
          222,
          31,
          63,
          0
        ],
        [
          0,
          414,
          533,
          201,
          269,
          75,
          37,
          0
        ],
        [
          0,
          448,
          535,
          216,
          208,
          62,
          60,
          0
        ]
      ]
    }
  }
}