{
  "model": "stable_tail_ua_gnn",
  "split": "B",
  "seed": 9,
  "epochs": 50,
  "risk_mode": "exposure_floor",
  "exposure_delta": 0.01,
  "uncertainty_tau": 0.0,
  "experiment_tag": "stable_tail_ua_formal_10seed",
  "alpha_ord": 0.3,
  "alpha_hr": 0.5,
  "alpha_topk": 0.1,
  "lambda_nll": 0.2,
  "lambda_var": 0.01,
  "gamma_unc": 0.5,
  "logvar_min": -5.0,
  "logvar_max": 2.0,
  "metrics": {
    "data_2020_train": {
      "macro_f1": 0.2962895200275066,
      "weighted_f1": 0.6648105168549673,
      "mae": 0.9770999100589688,
      "qwk": 0.49222269037142574,
      "recall_6_8": 0.5,
      "precision_6_8": 0.5405405405405406,
      "pr_auc_high": 0.5970833396646017,
      "high_fn_rate": 0.5,
      "brier": 0.38325992226600647,
      "ece": 0.0707887035209979,
      "ordinal_nll": 1.1055472770277535,
      "uncertainty_mean": 2.5762994289398193,
      "correct_uncertainty": 2.584477424621582,
      "error_uncertainty": 2.5544190406799316,
      "error_uncertainty_corr": -0.04750739937332371,
      "high_fn_uncertainty": 2.45328426361084
    },
    "data_2021_train": {
      "macro_f1": 0.36558005752636624,
      "weighted_f1": 0.6625050433183083,
      "mae": 0.8326272087609363,
      "qwk": 0.6028704917481765,
      "recall_6_8": 0.68,
      "precision_6_8": 0.6296296296296297,
      "pr_auc_high": 0.7283667438916083,
      "high_fn_rate": 0.32,
      "brier": 0.3402210772037506,
      "ece": 0.10451389174925257,
      "ordinal_nll": 1.0812738211529755,
      "uncertainty_mean": 2.6075589656829834,
      "correct_uncertainty": 2.619659185409546,
      "error_uncertainty": 2.575819969177246,
      "error_uncertainty_corr": -0.07099334653951228,
      "high_fn_uncertainty": 2.2911720275878906
    },
    "data_2021_test": {
      "macro_f1": 0.22407714921341174,
      "weighted_f1": 0.5803689928606502,
      "mae": 1.299607181288909,
      "qwk": 0.17373175816539266,
      "recall_6_8": 0.15384615384615385,
      "precision_6_8": 0.3076923076923077,
      "pr_auc_high": 0.31134030719950845,
      "high_fn_rate": 0.8461538461538461,
      "brier": 0.5039106607437134,
      "ece": 0.08377709917657009,
      "ordinal_nll": 1.2093171974199162,
      "uncertainty_mean": 2.5121829509735107,
      "correct_uncertainty": 2.4832379817962646,
      "error_uncertainty": 2.5666894912719727,
      "error_uncertainty_corr": 0.12196489588018376,
      "high_fn_uncertainty": 2.520401954650879
    }
  },
  "split_sizes": {
    "data_2020": {
      "train": 419,
      "val": 0,
      "test": 0
    },
    "data_2021": {
      "train": 221,
      "val": 0,
      "test": 222
    }
  },
  "risk_summaries": {
    "data_2020": {
      "edge_count": 6603,
      "risk_min": 4.6151026111829196e-08,
      "risk_max": 0.8258729577064514,
      "risk_mean": 0.0195089653134346,
      "risk_p25": 0.0008677898440510035,
      "risk_p50": 0.0017530686454847455,
      "risk_p75": 0.0037852791137993336,
      "risk_p90": 0.008021563291549683,
      "risk_p95": 0.10822524130344391,
      "risk_p99": 0.4170536696910858,
      "zero_risk_edge_count": 0,
      "zero_risk_edge_ratio": 0.0,
      "edge_attribute_zero_ratio": 0.928365894290474,
      "matrix_5x8": [
        [
          0,
          495,
          486,
          174,
          81,
          23,
          62,
          0
        ],
        [
          0,
          652,
          305,
          94,
          105,
          40,
          125,
          0
        ],
        [
          0,
          567,
          352,
          121,
          121,
          75,
          84,
          0
        ],
        [
          0,
          605,
          329,
          129,
          68,
          104,
          86,
          0
        ],
        [
          0,
          471,
          447,
          145,
          96,
          60,
          101,
          0
        ]
      ]
    },
    "data_2021": {
      "edge_count": 7647,
      "risk_min": 3.2356806123345905e-09,
      "risk_max": 0.828833818435669,
      "risk_mean": 0.01823495700955391,
      "risk_p25": 0.0009555462747812271,
      "risk_p50": 0.001840190147049725,
      "risk_p75": 0.0037225368432700634,
      "risk_p90": 0.007309303153306246,
      "risk_p95": 0.09422364830970764,
      "risk_p99": 0.3991967737674713,
      "zero_risk_edge_count": 0,
      "zero_risk_edge_ratio": 0.0,
      "edge_attribute_zero_ratio": 0.9314763959722767,
      "matrix_5x8": [
        [
          0,
          623,
          535,
          246,
          59,
          19,
          48,
          0
        ],
        [
          0,
          747,
          360,
          150,
          96,
          86,
          90,
          0
        ],
        [
          0,
          672,
          420,
          147,
          135,
          86,
          70,
          0
        ],
        [
          0,
          625,
          414,
          159,
          125,
          156,
          50,
          0
        ],
        [
          0,
          505,
          483,
          263,
          62,
          132,
          84,
          0
        ]
      ]
    }
  }
}