beta,lambda_concentration,runs,pyvrp_cost_mean,pyvrp_cost_std,global_risk_mean,global_risk_std,global_cvar90_mean,global_cvar90_std,max_vehicle_risk_mean,max_vehicle_risk_std,max_vehicle_cvar90_mean,max_vehicle_cvar90_std,vehicle_risk_gini_mean,vehicle_risk_gini_std,risk_variance_mean,risk_variance_std,edge_burden_gini_used_mean,edge_burden_gini_used_std,top10_burden_share_mean,top10_burden_share_std,max_edge_burden_mean,max_edge_burden_std,cost_increase_pct,risk_reduction_pct
0.0,0.0,10,146730.9,582.7275807213293,8.357164025287272,0.6259566928195034,0.2391095919857519,0.023238161940423267,2.9448279896372695,0.16358664659625027,0.43428370251896836,0.05738232651594253,0.27472290170390723,0.024900602313150538,0.7195837812946053,0.17256410095241637,0.8836001135768831,0.006187419112724698,0.9021510212905419,0.006902912617376119,1.0715827703475953,0.34954289447777503,0.0,0.0
1.0,0.0,10,173258.1,415.1983327947687,3.125533808688173,0.3082985549980016,0.06610039158135482,0.012978432687910543,1.0829790903579124,0.11085073712089394,0.12271246522044141,0.0050142522076020695,0.274297422965066,0.038462295441124596,0.09685086427663361,0.020429792485272748,0.8139344697965797,0.01231541024322523,0.7710890880089052,0.02064567691245165,0.44613678455352784,0.05358326347663731,0.1807880957589711,0.6260054488303093
