{
  "model": "sgformer_teg_concat",
  "split": "B",
  "seed": 8,
  "epochs": 50,
  "risk_mode": "exposure_floor",
  "exposure_delta": 0.01,
  "uncertainty_tau": 0.0,
  "experiment_tag": "paper_teg_concat_fusions_10seed",
  "checkpoint_path": "D:\\PyVRP-main\\hazmat_risk_experiments\\outputs_10seed\\models\\checkpoints\\sgformer_teg_concat_splitB_seed8_epochs50_paper_teg_concat_fusions_10seed.pt",
  "best_epoch": 45,
  "model_source": "checkpoint",
  "alpha_ord": 0.5,
  "alpha_hr": 1.0,
  "alpha_topk": 0.3,
  "lambda_nll": 0.0,
  "lambda_var": 0.0,
  "ec_delta_max": 0.05,
  "lambda_edge": 0.0,
  "lambda_edge_high": 0.0,
  "lambda_distill": 0.0,
  "lambda_delta": 0.0,
  "ec_teacher_epochs": 50,
  "gamma_unc": 0.5,
  "logvar_min": -5.0,
  "logvar_max": 2.0,
  "metrics": {
    "data_2020_train": {
      "macro_f1": 0.473662664356881,
      "weighted_f1": 0.7219131013726724,
      "mae": 0.6428509159130542,
      "qwk": 0.8104996493393982,
      "recall_6_8": 1.0,
      "precision_6_8": 0.8163265306122449,
      "pr_auc_high": 0.9631227234262169,
      "high_fn_rate": 0.0,
      "brier": 0.33896198868751526,
      "ece": 0.0757319777848328,
      "high_risk_recall_at_top10pct": 0.925,
      "high_risk_recall_at_top20pct": 1.0,
      "ndcg_at_top20pct": 0.9429959849397661,
      "high_risk_hits_at_10": 10.0,
      "high_risk_hits_at_20": 20.0
    },
    "data_2021_train": {
      "macro_f1": 0.6592581090407177,
      "weighted_f1": 0.8033543509630466,
      "mae": 0.38309066038900996,
      "qwk": 0.9118920848791543,
      "recall_6_8": 1.0,
      "precision_6_8": 1.0,
      "pr_auc_high": 1.0,
      "high_fn_rate": 0.0,
      "brier": 0.2548339068889618,
      "ece": 0.11401927293362941,
      "high_risk_recall_at_top10pct": 0.9,
      "high_risk_recall_at_top20pct": 1.0,
      "ndcg_at_top20pct": 0.9730432462687846,
      "high_risk_hits_at_10": 10.0,
      "high_risk_hits_at_20": 20.0
    },
    "data_2021_val": {
      "macro_f1": 0.27607039187227866,
      "weighted_f1": 0.6099242057732625,
      "mae": 1.2494961645152916,
      "qwk": 0.4547996272134204,
      "recall_6_8": 0.6,
      "precision_6_8": 0.42857142857142855,
      "pr_auc_high": 0.6353646353646354,
      "high_fn_rate": 0.4,
      "brier": 0.4775165915489197,
      "ece": 0.19109145137998795,
      "high_risk_recall_at_top10pct": 0.4,
      "high_risk_recall_at_top20pct": 0.6,
      "ndcg_at_top20pct": 0.5196784162952881,
      "high_risk_hits_at_10": 3.0,
      "high_risk_hits_at_20": 5.0
    },
    "data_2021_test": {
      "macro_f1": 0.2809435664188553,
      "weighted_f1": 0.6064045297903103,
      "mae": 1.2156219467671106,
      "qwk": 0.3629248658318426,
      "recall_6_8": 0.38461538461538464,
      "precision_6_8": 0.43478260869565216,
      "pr_auc_high": 0.3772544861357501,
      "high_fn_rate": 0.6153846153846154,
      "brier": 0.5139703154563904,
      "ece": 0.08296939079557454,
      "high_risk_recall_at_top10pct": 0.38461538461538464,
      "high_risk_recall_at_top20pct": 0.5769230769230769,
      "ndcg_at_top20pct": 0.49663013252747795,
      "high_risk_hits_at_10": 5.0,
      "high_risk_hits_at_20": 9.0
    }
  },
  "split_sizes": {
    "data_2020": {
      "train": 419,
      "val": 0,
      "test": 0
    },
    "data_2021": {
      "train": 176,
      "val": 45,
      "test": 222
    }
  },
  "risk_summaries": {
    "data_2020": {
      "edge_count": 6603,
      "risk_min": 5.449567463955418e-09,
      "risk_max": 0.9127951860427856,
      "risk_mean": 0.0185902938246727,
      "risk_p25": 0.0006008343771100044,
      "risk_p50": 0.0013613702030852437,
      "risk_p75": 0.004499549046158791,
      "risk_p90": 0.00863410159945488,
      "risk_p95": 0.06918355077505112,
      "risk_p99": 0.4360221326351166,
      "zero_risk_edge_count": 0,
      "zero_risk_edge_ratio": 0.0,
      "edge_attribute_zero_ratio": 0.928365894290474,
      "matrix_5x8": [
        [
          0,
          764,
          209,
          149,
          50,
          41,
          84,
          24
        ],
        [
          0,
          759,
          149,
          82,
          98,
          38,
          120,
          75
        ],
        [
          0,
          692,
          168,
          149,
          72,
          68,
          115,
          56
        ],
        [
          0,
          712,
          162,
          150,
          75,
          69,
          84,
          69
        ],
        [
          0,
          675,
          258,
          126,
          57,
          44,
          104,
          56
        ]
      ]
    },
    "data_2021": {
      "edge_count": 7647,
      "risk_min": 3.457069297496673e-08,
      "risk_max": 0.9035324454307556,
      "risk_mean": 0.01581098698079586,
      "risk_p25": 0.0006433370290324092,
      "risk_p50": 0.001423572306521237,
      "risk_p75": 0.004253906663507223,
      "risk_p90": 0.00857220496982336,
      "risk_p95": 0.06720895320177078,
      "risk_p99": 0.40845903754234314,
      "zero_risk_edge_count": 0,
      "zero_risk_edge_ratio": 0.0,
      "edge_attribute_zero_ratio": 0.9314763959722767,
      "matrix_5x8": [
        [
          0,
          916,
          261,
          190,
          52,
          41,
          33,
          37
        ],
        [
          0,
          850,
          205,
          126,
          64,
          92,
          82,
          110
        ],
        [
          0,
          799,
          246,
          155,
          70,
          113,
          89,
          58
        ],
        [
          0,
          777,
          233,
          168,
          94,
          130,
          88,
          39
        ],
        [
          0,
          710,
          374,
          160,
          56,
          96,
          43,
          90
        ]
      ]
    }
  }
}