beta,lambda_concentration,runs,pyvrp_cost_mean,pyvrp_cost_std,global_risk_mean,global_risk_std,global_cvar90_mean,global_cvar90_std,max_vehicle_risk_mean,max_vehicle_risk_std,max_vehicle_cvar90_mean,max_vehicle_cvar90_std,vehicle_risk_gini_mean,vehicle_risk_gini_std,risk_variance_mean,risk_variance_std,edge_burden_gini_used_mean,edge_burden_gini_used_std,top10_burden_share_mean,top10_burden_share_std,max_edge_burden_mean,max_edge_burden_std,cost_increase_pct,risk_reduction_pct
0.0,0.0,10,146730.9,582.7275807213293,9.401179431566977,0.6968759418383286,0.29581807000112387,0.0329843014452749,3.0573201266695236,0.2317602761616164,0.434767183712711,0.04922123167363623,0.2080920395229282,0.036619183529727525,0.5553523496916417,0.17196862812560187,0.8768340467474924,0.005445305023639979,0.8983553885745682,0.00747592493759255,1.2039308061516287,0.29824102168340616,0.0,0.0
1.0,0.0,10,176998.2,263.2382950864103,3.9225981427025163,0.29090474141171757,0.09237921309718461,0.018284760064206013,1.5758887517350464,0.14580247275984007,0.19709862488541915,0.050522654601719126,0.3391332235855583,0.040057366167008966,0.24473291932323543,0.05132669347028054,0.8184713612634462,0.008317708282234987,0.7955153032177548,0.012802029710561836,0.8694689809079623,0.0,0.2062776143266348,0.5827546776171588
