beta,lambda_concentration,runs,pyvrp_cost_mean,pyvrp_cost_std,global_risk_mean,global_risk_std,global_cvar90_mean,global_cvar90_std,max_vehicle_risk_mean,max_vehicle_risk_std,max_vehicle_cvar90_mean,max_vehicle_cvar90_std,vehicle_risk_gini_mean,vehicle_risk_gini_std,risk_variance_mean,risk_variance_std,edge_burden_gini_used_mean,edge_burden_gini_used_std,top10_burden_share_mean,top10_burden_share_std,max_edge_burden_mean,max_edge_burden_std,cost_increase_pct,risk_reduction_pct
0.0,0.0,10,146730.9,582.7275807213293,11.21872246529785,0.7683838261311624,0.17974704792107773,0.1017468900285081,3.7889107386465186,0.20177343278300766,0.5417253990258489,0.09286409506395425,0.24755364838462532,0.0256654550926048,1.068474749618512,0.24155403271484202,0.8840687996551188,0.005343805824694846,0.9017667992199774,0.006561122126112724,1.55798020362854,0.23296476224531623,0.0,0.0
1.0,0.0,10,174482.1,511.29344694498957,3.680127827914988,0.12862992009983082,0.04192793096828418,0.001580242865767453,1.30729069971203,0.08124406601764325,0.060558080721556815,0.009779876512047345,0.27054725401497404,0.021988012778658007,0.1336551962475476,0.025615756055664313,0.7998495671882855,0.008335502578370275,0.7418382784267608,0.011473617658408434,0.5702264308929443,0.0,0.18912989697466595,0.6719655166353244
2.0,0.0,10,188661.8,247.3637896791777,3.5283586792812995,0.11295569277516102,0.04084754227393434,0.001053906772991086,1.2987903146342432,0.03934107804871179,0.05967662662580477,0.00785521742565839,0.2934266338463326,0.02566544829825254,0.14841954724173118,0.02471255636920658,0.796422213105439,0.004708328869327212,0.7370565270854261,0.007786949964347258,0.5702264308929443,0.0,0.28576734689148636,0.6854937190757656
