{
  "model": "stable_tail_ua_gnn",
  "split": "B",
  "seed": 4,
  "epochs": 50,
  "risk_mode": "exposure_floor",
  "exposure_delta": 0.01,
  "uncertainty_tau": 0.0,
  "experiment_tag": "stable_tail_ua_formal_10seed",
  "alpha_ord": 0.3,
  "alpha_hr": 0.5,
  "alpha_topk": 0.1,
  "lambda_nll": 0.2,
  "lambda_var": 0.01,
  "gamma_unc": 0.5,
  "logvar_min": -5.0,
  "logvar_max": 2.0,
  "metrics": {
    "data_2020_train": {
      "macro_f1": 0.3424618461752143,
      "weighted_f1": 0.6864526375031497,
      "mae": 0.8770493018518952,
      "qwk": 0.5528692579505301,
      "recall_6_8": 0.55,
      "precision_6_8": 0.6470588235294118,
      "pr_auc_high": 0.72427771637551,
      "high_fn_rate": 0.45,
      "brier": 0.3675663471221924,
      "ece": 0.08372946446294717,
      "ordinal_nll": 0.8825302221820607,
      "uncertainty_mean": 2.0220346450805664,
      "correct_uncertainty": 2.005579710006714,
      "error_uncertainty": 2.0700161457061768,
      "error_uncertainty_corr": 0.047001144162701465,
      "high_fn_uncertainty": 1.8986551761627197
    },
    "data_2021_train": {
      "macro_f1": 0.5214058975273177,
      "weighted_f1": 0.7533851897192908,
      "mae": 0.7700642399020866,
      "qwk": 0.6613826711058374,
      "recall_6_8": 0.64,
      "precision_6_8": 0.8888888888888888,
      "pr_auc_high": 0.8689731679740968,
      "high_fn_rate": 0.36,
      "brier": 0.3242166042327881,
      "ece": 0.10854663487473226,
      "ordinal_nll": 0.8744526540594922,
      "uncertainty_mean": 2.029761552810669,
      "correct_uncertainty": 2.0787932872772217,
      "error_uncertainty": 1.8432278633117676,
      "error_uncertainty_corr": -0.15927819016491082,
      "high_fn_uncertainty": 1.554431438446045
    },
    "data_2021_test": {
      "macro_f1": 0.22211844683978443,
      "weighted_f1": 0.5901391960309158,
      "mae": 1.239517506264036,
      "qwk": 0.2603477913766796,
      "recall_6_8": 0.23076923076923078,
      "precision_6_8": 0.5454545454545454,
      "pr_auc_high": 0.38752458943750895,
      "high_fn_rate": 0.7692307692307693,
      "brier": 0.4917232096195221,
      "ece": 0.0755193536883002,
      "ordinal_nll": 1.0652670081818583,
      "uncertainty_mean": 1.9321013689041138,
      "correct_uncertainty": 1.835071086883545,
      "error_uncertainty": 2.1301496028900146,
      "error_uncertainty_corr": 0.23574515767292098,
      "high_fn_uncertainty": 2.096280336380005
    }
  },
  "split_sizes": {
    "data_2020": {
      "train": 419,
      "val": 0,
      "test": 0
    },
    "data_2021": {
      "train": 221,
      "val": 0,
      "test": 222
    }
  },
  "risk_summaries": {
    "data_2020": {
      "edge_count": 6603,
      "risk_min": 2.07764756510187e-08,
      "risk_max": 0.8855845332145691,
      "risk_mean": 0.019191913306713104,
      "risk_p25": 0.0009235130273737013,
      "risk_p50": 0.0017154107335954905,
      "risk_p75": 0.003666733391582966,
      "risk_p90": 0.008567956276237965,
      "risk_p95": 0.09078848361968994,
      "risk_p99": 0.43936604261398315,
      "zero_risk_edge_count": 0,
      "zero_risk_edge_ratio": 0.0,
      "edge_attribute_zero_ratio": 0.928365894290474,
      "matrix_5x8": [
        [
          0,
          678,
          356,
          147,
          42,
          39,
          45,
          14
        ],
        [
          0,
          611,
          356,
          126,
          36,
          69,
          55,
          68
        ],
        [
          0,
          554,
          323,
          196,
          129,
          46,
          21,
          51
        ],
        [
          0,
          555,
          388,
          134,
          73,
          73,
          61,
          37
        ],
        [
          0,
          536,
          389,
          179,
          72,
          48,
          51,
          45
        ]
      ]
    },
    "data_2021": {
      "edge_count": 7647,
      "risk_min": 2.9121126843278944e-08,
      "risk_max": 0.8948715925216675,
      "risk_mean": 0.016969813033938408,
      "risk_p25": 0.0009790626354515553,
      "risk_p50": 0.0017663375474512577,
      "risk_p75": 0.0033928733319044113,
      "risk_p90": 0.008582483045756817,
      "risk_p95": 0.08522211760282516,
      "risk_p99": 0.43390515446662903,
      "zero_risk_edge_count": 0,
      "zero_risk_edge_ratio": 0.0,
      "edge_attribute_zero_ratio": 0.9314763959722767,
      "matrix_5x8": [
        [
          0,
          739,
          548,
          145,
          28,
          27,
          3,
          40
        ],
        [
          0,
          726,
          426,
          142,
          85,
          44,
          24,
          82
        ],
        [
          0,
          616,
          501,
          199,
          83,
          65,
          6,
          60
        ],
        [
          0,
          613,
          434,
          169,
          146,
          117,
          4,
          46
        ],
        [
          0,
          559,
          551,
          177,
          95,
          54,
          27,
          66
        ]
      ]
    }
  }
}