{
  "name": "fusion_gcn_teg_low_rho075_splitB_seed1_epochs50_10seed_floor_0p01",
  "risk_dirs": [
    "D:\\PyVRP-main\\hazmat_risk_experiments\\outputs_10seed\\risk_matrices\\gcn_splitB_seed1_epochs50_10seed_floor_0p01",
    "D:\\PyVRP-main\\hazmat_risk_experiments\\outputs_10seed\\risk_matrices\\teg_gnn_splitB_seed1_epochs50_teg_low_tail_10seed_floor_0p01"
  ],
  "weights": [
    0.25,
    0.75
  ],
  "ensemble": "mean node probabilities",
  "summaries": [
    {
      "year": "data_2020",
      "edge_count": 6603,
      "risk_mean": 0.02005400544999298,
      "risk_p95": 0.10461647535156551,
      "risk_p99": 0.43249947963746105,
      "risk_max": 0.8604968591327113
    },
    {
      "year": "data_2021",
      "edge_count": 7647,
      "risk_mean": 0.01714650226855466,
      "risk_p95": 0.09484238392660232,
      "risk_p99": 0.3895871907990312,
      "risk_max": 0.855579452756749
    }
  ]
}