{
  "pairs": "D:\\PyVRP-main\\hazmat_risk_experiments\\outputs_10seed\\od_paths\\fixed_od_pairs_150.csv",
  "num_pairs": 150,
  "year": "data_2021",
  "k_paths": 50,
  "cvar_alpha": 0.9,
  "re_threshold": "p75",
  "sources": [
    {
      "risk_source": "Stable-Tail-NodeCalibRaw-a010_seed0",
      "risk_dir": "D:\\PyVRP-main\\hazmat_risk_experiments\\outputs_10seed\\risk_matrices\\stable_tail_node_calib_raw_a010_splitB_seed0_floor_0p01",
      "largest_component_nodes": 4357,
      "largest_component_edges": 6650,
      "re_threshold": "p75",
      "re_threshold_value": 0.0037399035645648837,
      "risk_diagnostics": {
        "edge_count": 6650,
        "zero_risk_edge_count": 1,
        "zero_risk_edge_ratio": 0.00015037593984962405,
        "risk_min": 2.068299084564748e-21,
        "risk_p25": 0.0007014685252215713,
        "risk_p50": 0.001700954744592309,
        "risk_p75": 0.0037399035645648837,
        "risk_p90": 0.008635444566607475,
        "risk_p95": 0.07300570607185364,
        "risk_p99": 0.42192426323890686,
        "risk_max": 0.8651409149169922,
        "edge_attribute_zero_ratio": 0.0,
        "S_i_norm_zero_or_near_zero_ratio": 0.005278861602019738
      }
    },
    {
      "risk_source": "Stable-Tail-NodeCalibRaw-a010_seed1",
      "risk_dir": "D:\\PyVRP-main\\hazmat_risk_experiments\\outputs_10seed\\risk_matrices\\stable_tail_node_calib_raw_a010_splitB_seed1_floor_0p01",
      "largest_component_nodes": 4357,
      "largest_component_edges": 6650,
      "re_threshold": "p75",
      "re_threshold_value": 0.004725249484181404,
      "risk_diagnostics": {
        "edge_count": 6650,
        "zero_risk_edge_count": 0,
        "zero_risk_edge_ratio": 0.0,
        "risk_min": 1.19209286886246e-09,
        "risk_p25": 0.0010140876984223723,
        "risk_p50": 0.0019028002861887217,
        "risk_p75": 0.004725249484181404,
        "risk_p90": 0.008671371266245842,
        "risk_p95": 0.08511287644505425,
        "risk_p99": 0.4402279853820801,
        "risk_max": 0.8736302256584167,
        "edge_attribute_zero_ratio": 0.0,
        "S_i_norm_zero_or_near_zero_ratio": 0.0006885471654808355
      }
    },
    {
      "risk_source": "Stable-Tail-NodeCalibRaw-a010_seed2",
      "risk_dir": "D:\\PyVRP-main\\hazmat_risk_experiments\\outputs_10seed\\risk_matrices\\stable_tail_node_calib_raw_a010_splitB_seed2_floor_0p01",
      "largest_component_nodes": 4357,
      "largest_component_edges": 6650,
      "re_threshold": "p75",
      "re_threshold_value": 0.004274360835552216,
      "risk_diagnostics": {
        "edge_count": 6650,
        "zero_risk_edge_count": 0,
        "zero_risk_edge_ratio": 0.0,
        "risk_min": 3.0926292993171955e-07,
        "risk_p25": 0.0010025936644524336,
        "risk_p50": 0.001954626990482211,
        "risk_p75": 0.004274360835552216,
        "risk_p90": 0.00843936949968338,
        "risk_p95": 0.07931779697537404,
        "risk_p99": 0.4358119070529938,
        "risk_max": 0.9466257691383362,
        "edge_attribute_zero_ratio": 0.0,
        "S_i_norm_zero_or_near_zero_ratio": 0.0004590314436538903
      }
    },
    {
      "risk_source": "Stable-Tail-NodeCalibRaw-a010_seed3",
      "risk_dir": "D:\\PyVRP-main\\hazmat_risk_experiments\\outputs_10seed\\risk_matrices\\stable_tail_node_calib_raw_a010_splitB_seed3_floor_0p01",
      "largest_component_nodes": 4357,
      "largest_component_edges": 6650,
      "re_threshold": "p75",
      "re_threshold_value": 0.003477138467133045,
      "risk_diagnostics": {
        "edge_count": 6650,
        "zero_risk_edge_count": 0,
        "zero_risk_edge_ratio": 0.0,
        "risk_min": 5.125999180677354e-08,
        "risk_p25": 0.000844552370836027,
        "risk_p50": 0.0016883373027667403,
        "risk_p75": 0.003477138467133045,
        "risk_p90": 0.008277769200503826,
        "risk_p95": 0.07108488790690874,
        "risk_p99": 0.39583910495042973,
        "risk_max": 0.8569045662879944,
        "edge_attribute_zero_ratio": 0.0,
        "S_i_norm_zero_or_near_zero_ratio": 0.0009180628873077806
      }
    },
    {
      "risk_source": "Stable-Tail-NodeCalibRaw-a010_seed4",
      "risk_dir": "D:\\PyVRP-main\\hazmat_risk_experiments\\outputs_10seed\\risk_matrices\\stable_tail_node_calib_raw_a010_splitB_seed4_floor_0p01",
      "largest_component_nodes": 4357,
      "largest_component_edges": 6650,
      "re_threshold": "p75",
      "re_threshold_value": 0.003911791834980249,
      "risk_diagnostics": {
        "edge_count": 6650,
        "zero_risk_edge_count": 0,
        "zero_risk_edge_ratio": 0.0,
        "risk_min": 8.514949301208219e-10,
        "risk_p25": 0.0010475533781573176,
        "risk_p50": 0.0020195109536871314,
        "risk_p75": 0.003911791834980249,
        "risk_p90": 0.00874366331845522,
        "risk_p95": 0.07173558324575424,
        "risk_p99": 0.4415550231933594,
        "risk_max": 0.9024421572685242,
        "edge_attribute_zero_ratio": 0.0,
        "S_i_norm_zero_or_near_zero_ratio": 0.0009180628873077806
      }
    },
    {
      "risk_source": "Stable-Tail-NodeCalibRaw-a010_seed5",
      "risk_dir": "D:\\PyVRP-main\\hazmat_risk_experiments\\outputs_10seed\\risk_matrices\\stable_tail_node_calib_raw_a010_splitB_seed5_floor_0p01",
      "largest_component_nodes": 4357,
      "largest_component_edges": 6650,
      "re_threshold": "p75",
      "re_threshold_value": 0.003816734068095684,
      "risk_diagnostics": {
        "edge_count": 6650,
        "zero_risk_edge_count": 0,
        "zero_risk_edge_ratio": 0.0,
        "risk_min": 1.4305114426349519e-08,
        "risk_p25": 0.0008250947430497035,
        "risk_p50": 0.001621999079361558,
        "risk_p75": 0.003816734068095684,
        "risk_p90": 0.008289383724331856,
        "risk_p95": 0.07042249292135239,
        "risk_p99": 0.42333075016737187,
        "risk_max": 0.8673117160797119,
        "edge_attribute_zero_ratio": 0.0,
        "S_i_norm_zero_or_near_zero_ratio": 0.0006885471654808355
      }
    },
    {
      "risk_source": "Stable-Tail-NodeCalibRaw-a010_seed6",
      "risk_dir": "D:\\PyVRP-main\\hazmat_risk_experiments\\outputs_10seed\\risk_matrices\\stable_tail_node_calib_raw_a010_splitB_seed6_floor_0p01",
      "largest_component_nodes": 4357,
      "largest_component_edges": 6650,
      "re_threshold": "p75",
      "re_threshold_value": 0.004406342166475952,
      "risk_diagnostics": {
        "edge_count": 6650,
        "zero_risk_edge_count": 0,
        "zero_risk_edge_ratio": 0.0,
        "risk_min": 2.554484623829012e-09,
        "risk_p25": 0.0012804651050828397,
        "risk_p50": 0.0021479491842910647,
        "risk_p75": 0.004406342166475952,
        "risk_p90": 0.007620788179337978,
        "risk_p95": 0.08604001998901367,
        "risk_p99": 0.4329361617565155,
        "risk_max": 0.8483538031578064,
        "edge_attribute_zero_ratio": 0.0,
        "S_i_norm_zero_or_near_zero_ratio": 0.0009180628873077806
      }
    },
    {
      "risk_source": "Stable-Tail-NodeCalibRaw-a010_seed7",
      "risk_dir": "D:\\PyVRP-main\\hazmat_risk_experiments\\outputs_10seed\\risk_matrices\\stable_tail_node_calib_raw_a010_splitB_seed7_floor_0p01",
      "largest_component_nodes": 4357,
      "largest_component_edges": 6650,
      "re_threshold": "p75",
      "re_threshold_value": 0.004918242804706097,
      "risk_diagnostics": {
        "edge_count": 6650,
        "zero_risk_edge_count": 0,
        "zero_risk_edge_ratio": 0.0,
        "risk_min": 3.269740389555409e-08,
        "risk_p25": 0.0008118165424093604,
        "risk_p50": 0.001852666784543544,
        "risk_p75": 0.004918242804706097,
        "risk_p90": 0.008743376843631273,
        "risk_p95": 0.07198534496128559,
        "risk_p99": 0.44225139498710636,
        "risk_max": 0.8697533011436462,
        "edge_attribute_zero_ratio": 0.0,
        "S_i_norm_zero_or_near_zero_ratio": 0.001606610052788616
      }
    },
    {
      "risk_source": "Stable-Tail-NodeCalibRaw-a010_seed8",