beta,lambda_concentration,runs,pyvrp_cost_mean,pyvrp_cost_std,global_risk_mean,global_risk_std,global_cvar90_mean,global_cvar90_std,max_vehicle_risk_mean,max_vehicle_risk_std,max_vehicle_cvar90_mean,max_vehicle_cvar90_std,vehicle_risk_gini_mean,vehicle_risk_gini_std,risk_variance_mean,risk_variance_std,edge_burden_gini_used_mean,edge_burden_gini_used_std,top10_burden_share_mean,top10_burden_share_std,max_edge_burden_mean,max_edge_burden_std,cost_increase_pct,risk_reduction_pct
0.0,0.0,10,146730.9,582.7275807213293,10.442786588406307,0.6594593255757178,0.2939325101740126,0.05716180398745632,3.3991948697715997,0.21095153127881192,0.4668837327261766,0.07341481292105029,0.22072626175701443,0.028616166590250174,0.7377043554841284,0.17789838810142047,0.8563986188058978,0.004989462032938511,0.8982225655774914,0.007438551352075931,1.1157411336898804,0.3163086392639084,0.0,0.0
1.0,0.0,10,180891.4,704.4050602379918,5.343058741962887,0.1687799853512934,0.15021161303694908,0.007917379723086643,1.700914359698072,0.17295615140483617,0.21107578935389895,0.029120757462253743,0.2267830992447289,0.052786344984513955,0.20358206981651966,0.08537609593276455,0.8197597795031154,0.004870305238557945,0.8301332062271756,0.00787191402509863,0.7313953161239624,0.11251795846708697,0.23281053956596737,0.48834933121248536
