beta,lambda_concentration,runs,pyvrp_cost_mean,pyvrp_cost_std,global_risk_mean,global_risk_std,global_cvar90_mean,global_cvar90_std,max_vehicle_risk_mean,max_vehicle_risk_std,max_vehicle_cvar90_mean,max_vehicle_cvar90_std,vehicle_risk_gini_mean,vehicle_risk_gini_std,risk_variance_mean,risk_variance_std,edge_burden_gini_used_mean,edge_burden_gini_used_std,top10_burden_share_mean,top10_burden_share_std,max_edge_burden_mean,max_edge_burden_std,cost_increase_pct,risk_reduction_pct
0.0,0.0,10,133997.6,0.6992058987801011,6.789091539225845,0.8981970188123564,0.19824606425306562,0.04281962830519141,2.2149937083284295,0.44520869723831014,0.3737353159528351,0.10886157552081785,0.21606510735813025,0.07518714605061538,0.3294777404066807,0.23651080548107756,0.8754606496395507,0.010552781536768027,0.8922538734688782,0.010795616434168317,1.1204040939968793,0.4133387560237104,0.0,0.0
1.0,0.0,10,154774.1,213.33981760978838,2.4540186154719796,0.24072765445098793,0.05843655438411888,0.011913029044493513,0.7800240469346476,0.144919584034298,0.08980766898781065,0.011777367082749082,0.22847548340711757,0.08018301962134541,0.04766904889179196,0.036966346901263894,0.7752446517676549,0.017692895290788435,0.7504515724044138,0.022512705078397484,0.36208054755895996,0.037856566412863134,0.15505128450061792,0.6385350526953643
