{
  "model": "stable_tail_gate",
  "split": "B",
  "seed": 4,
  "epochs": 50,
  "risk_mode": "exposure_floor",
  "exposure_delta": 0.01,
  "uncertainty_tau": 0.0,
  "experiment_tag": "paper_stable_tail_gate_10seed",
  "checkpoint_path": "D:\\PyVRP-main\\hazmat_risk_experiments\\outputs_10seed\\models\\checkpoints\\stable_tail_gate_splitB_seed4_epochs50_paper_stable_tail_gate_10seed.pt",
  "best_epoch": 47,
  "model_source": "checkpoint",
  "alpha_ord": 0.5,
  "alpha_hr": 1.0,
  "alpha_topk": 0.3,
  "lambda_nll": 0.0,
  "lambda_var": 0.0,
  "ec_delta_max": 0.05,
  "lambda_edge": 0.0,
  "lambda_edge_high": 0.0,
  "lambda_distill": 0.0,
  "lambda_delta": 0.0,
  "ec_teacher_epochs": 50,
  "gamma_unc": 0.5,
  "logvar_min": -5.0,
  "logvar_max": 2.0,
  "metrics": {
    "data_2020_train": {
      "macro_f1": 0.4578622850116723,
      "weighted_f1": 0.7144644441439035,
      "mae": 1.026756848582178,
      "qwk": 0.6359494564138752,
      "recall_6_8": 0.65,
      "precision_6_8": 0.7647058823529411,
      "pr_auc_high": 0.8215436302834015,
      "high_fn_rate": 0.35,
      "brier": 0.37414517998695374,
      "ece": 0.15432088948377276,
      "high_risk_recall_at_top10pct": 0.7,
      "high_risk_recall_at_top20pct": 0.975,
      "ndcg_at_top20pct": 0.8339528574217849,
      "high_risk_hits_at_10": 9.0,
      "high_risk_hits_at_20": 16.0
    },
    "data_2021_train": {
      "macro_f1": 0.5450051759834369,
      "weighted_f1": 0.7553489083380388,
      "mae": 0.847660018609952,
      "qwk": 0.6537197000422841,
      "recall_6_8": 0.7,
      "precision_6_8": 0.8235294117647058,
      "pr_auc_high": 0.9298850223850224,
      "high_fn_rate": 0.3,
      "brier": 0.2871355414390564,
      "ece": 0.13054596497253937,
      "high_risk_recall_at_top10pct": 0.7,
      "high_risk_recall_at_top20pct": 1.0,
      "ndcg_at_top20pct": 0.9027185384070672,
      "high_risk_hits_at_10": 10.0,
      "high_risk_hits_at_20": 16.0
    },
    "data_2021_val": {
      "macro_f1": 0.20483870967741935,
      "weighted_f1": 0.6098924731182795,
      "mae": 1.396728108525915,
      "qwk": 0.31026474686483985,
      "recall_6_8": 0.2,
      "precision_6_8": 0.25,
      "pr_auc_high": 0.3788095238095238,
      "high_fn_rate": 0.8,
      "brier": 0.4768427908420563,
      "ece": 0.14276535113652547,
      "high_risk_recall_at_top10pct": 0.2,
      "high_risk_recall_at_top20pct": 0.6,
      "ndcg_at_top20pct": 0.4619112974402618,
      "high_risk_hits_at_10": 3.0,
      "high_risk_hits_at_20": 5.0
    },
    "data_2021_test": {
      "macro_f1": 0.33450081877501237,
      "weighted_f1": 0.6074320579696924,
      "mae": 1.381071742711491,
      "qwk": 0.21971919464773682,
      "recall_6_8": 0.23076923076923078,
      "precision_6_8": 0.5,
      "pr_auc_high": 0.36891632917246064,
      "high_fn_rate": 0.7692307692307693,
      "brier": 0.5134290456771851,
      "ece": 0.11428131028875575,
      "high_risk_recall_at_top10pct": 0.2692307692307692,
      "high_risk_recall_at_top20pct": 0.46153846153846156,
      "ndcg_at_top20pct": 0.4587779312757416,
      "high_risk_hits_at_10": 5.0,
      "high_risk_hits_at_20": 7.0
    }
  },
  "split_sizes": {
    "data_2020": {
      "train": 419,
      "val": 0,
      "test": 0
    },
    "data_2021": {
      "train": 176,
      "val": 45,
      "test": 222
    }
  },
  "risk_summaries": {
    "data_2020": {
      "edge_count": 6603,
      "risk_min": 2.561977908044355e-06,
      "risk_max": 0.9402170777320862,
      "risk_mean": 0.02054782770574093,
      "risk_p25": 0.0015834211371839046,
      "risk_p50": 0.002505730139091611,
      "risk_p75": 0.003753999015316367,
      "risk_p90": 0.008570312522351742,
      "risk_p95": 0.12636114656925201,
      "risk_p99": 0.4328007698059082,
      "zero_risk_edge_count": 0,
      "zero_risk_edge_ratio": 0.0,
      "edge_attribute_zero_ratio": 0.928365894290474,
      "matrix_5x8": [
        [
          0,
          301,
          620,
          252,
          47,
          38,
          51,
          12
        ],
        [
          0,
          372,
          448,
          260,
          67,
          43,
          124,
          7
        ],
        [
          0,
          260,
          511,
          331,
          94,
          36,
          86,
          2
        ],
        [
          0,
          275,
          510,
          285,
          93,
          72,
          58,
          28
        ],
        [
          0,
          219,
          540,
          348,
          66,
          42,
          96,
          9
        ]
      ]
    },
    "data_2021": {
      "edge_count": 7647,
      "risk_min": 4.94718563004426e-07,
      "risk_max": 0.9131462574005127,
      "risk_mean": 0.018814820796251297,
      "risk_p25": 0.0016646769363433123,
      "risk_p50": 0.002519361674785614,
      "risk_p75": 0.003637577872723341,
      "risk_p90": 0.008571241982281208,
      "risk_p95": 0.11134210973978043,
      "risk_p99": 0.42632579803466797,
      "zero_risk_edge_count": 0,
      "zero_risk_edge_ratio": 0.0,
      "edge_attribute_zero_ratio": 0.9314763959722767,
      "matrix_5x8": [
        [
          0,
          333,
          788,
          308,
          29,
          9,
          55,
          8
        ],
        [
          0,
          381,
          574,
          358,
          62,
          31,
          74,
          49
        ],
        [
          0,
          284,
          609,
          401,
          106,
          45,
          58,
          27
        ],
        [
          0,
          259,
          563,
          390,
          150,
          73,
          36,
          58
        ],
        [
          0,
          270,
          570,
          423,
          98,
          43,
          94,
          31
        ]
      ]
    }
  }
}