beta,lambda_concentration,runs,pyvrp_cost_mean,pyvrp_cost_std,global_risk_mean,global_risk_std,global_cvar90_mean,global_cvar90_std,max_vehicle_risk_mean,max_vehicle_risk_std,max_vehicle_cvar90_mean,max_vehicle_cvar90_std,vehicle_risk_gini_mean,vehicle_risk_gini_std,risk_variance_mean,risk_variance_std,edge_burden_gini_used_mean,edge_burden_gini_used_std,top10_burden_share_mean,top10_burden_share_std,max_edge_burden_mean,max_edge_burden_std,cost_increase_pct,risk_reduction_pct
0.0,0.0,10,146730.9,582.7275807213293,8.15354361814534,0.7537049526439469,0.16323330721752377,0.05466412950791505,2.8349730428744806,0.5788572274474629,0.44609665536166476,0.1446612534679245,0.22821367048671784,0.04801092039124973,0.558296961472197,0.31268979369212846,0.8750240216368464,0.00721661461218088,0.8888472412269357,0.008776399461202872,1.1999998569488526,0.4216369710927341,0.0,0.0
1.0,0.0,10,172867.3,203.97170283045526,3.645908261828299,0.06518162668219589,0.06727933547728579,0.0035039506787198434,1.5010194281931035,0.17134288456210658,0.12931096264870748,0.034764473487964215,0.32176653293276514,0.04752493605370037,0.20049508059279,0.08063487040369488,0.8127705801782144,0.004425190696250536,0.789694408120629,0.005951562163624966,0.6918350458145142,0.0,0.17812471674337169,0.5528437164774529
2.0,0.0,10,187316.0,321.7980733317091,2.881827978786896,0.1779435309468739,0.052843212553801776,0.0030081816358537967,1.142061799998919,0.1369193347511295,0.10356664546522813,0.015257124164264798,0.3050866575943905,0.021561082991328296,0.11141027151343612,0.0280918317875862,0.7794160548768714,0.005234195267120798,0.7365318307043555,0.009669742675721873,0.6918350458145142,0.0,0.2765954546724651,0.6465551527345527
