beta,lambda_concentration,runs,pyvrp_cost_mean,pyvrp_cost_std,global_risk_mean,global_risk_std,global_cvar90_mean,global_cvar90_std,max_vehicle_risk_mean,max_vehicle_risk_std,max_vehicle_cvar90_mean,max_vehicle_cvar90_std,vehicle_risk_gini_mean,vehicle_risk_gini_std,risk_variance_mean,risk_variance_std,edge_burden_gini_used_mean,edge_burden_gini_used_std,top10_burden_share_mean,top10_burden_share_std,max_edge_burden_mean,max_edge_burden_std,cost_increase_pct,risk_reduction_pct
0.0,0.0,10,133997.6,0.6992058987801011,8.880605506998837,0.8982050674823221,0.2593659067560807,0.06235477629268154,2.5238942332391163,0.36876721648775046,0.40098519519333625,0.09528890473209951,0.1416001277881626,0.04610470362393981,0.24558323329783355,0.17213824004404832,0.845006759619525,0.008757261318700612,0.8767981071651028,0.009156081906886701,1.2093134999275208,0.3364833571078227,0.0,0.0
1.0,0.0,10,161242.6,286.980913031589,3.752201106348366,0.09188544192050352,0.09968633352921755,0.0037957230937023887,1.4862957759061828,0.13303628776537482,0.16612670693457837,0.03546495212310356,0.31198669076562313,0.024991630261814876,0.19117976705291767,0.03444804664800638,0.7489590180841533,0.004627651928015786,0.7435541043494964,0.004979408066851057,0.5203317403793335,0.0,0.20332453715588936,0.5774836407954592
