beta,lambda_concentration,runs,pyvrp_cost_mean,pyvrp_cost_std,global_risk_mean,global_risk_std,global_cvar90_mean,global_cvar90_std,max_vehicle_risk_mean,max_vehicle_risk_std,max_vehicle_cvar90_mean,max_vehicle_cvar90_std,vehicle_risk_gini_mean,vehicle_risk_gini_std,risk_variance_mean,risk_variance_std,edge_burden_gini_used_mean,edge_burden_gini_used_std,top10_burden_share_mean,top10_burden_share_std,max_edge_burden_mean,max_edge_burden_std,cost_increase_pct,risk_reduction_pct
0.0,0.0,5,133997.4,0.5477225575051661,8.199232125870669,0.9011406648025571,0.272480568495213,0.0331631458295258,2.6327201109662823,0.3322282507002505,0.4223720091794885,0.09307021453666552,0.21387065864148486,0.044718177367609024,0.45113811100708945,0.2243940423670035,0.8366509247651213,0.010426685556704491,0.8662738645295713,0.00941234000005755,1.1474262360376124,0.2819994617835494,0.0,0.0
1.0,0.0,5,160070.4,494.59205412137385,3.1779090660570963,0.2198482922266732,0.07510127389097111,0.00952010273367069,1.2105402702055603,0.17056054023279574,0.14731455265550086,0.01271854803348229,0.2832181098253116,0.04829646696365078,0.12193990883451389,0.03504781314668665,0.699790540819234,0.021024448293719123,0.6866346562282499,0.02570071312351216,0.5106561214021692,0.0,0.1945784022675067,0.6124138190903762
