{
  "year": "data_2021",
  "risk_dir": "D:\\PyVRP-main\\hazmat_risk_experiments\\outputs\\risk_matrices\\teg_gnn_splitB_seed0_epochs20_floor_0p01",
  "num_pairs": 90,
  "num_successful_pairs": 90,
  "num_failures": 0,
  "pairs_per_group": 30,
  "k_paths": 50,
  "lambda_re": 5.0,
  "cvar_alpha": 0.9,
  "re_threshold": "p75",
  "re_threshold_value": 0.0049895052798092365,
  "risk_floor": 0.0,
  "seed": 0,
  "largest_component_nodes": 4357,
  "largest_component_edges": 6650,
  "risk_diagnostics": {
    "edge_count": 6650,
    "zero_risk_edge_count": 0,
    "zero_risk_edge_ratio": 0.0,
    "risk_min": 5.572863756242441e-06,
    "risk_p25": 0.0042959158308804035,
    "risk_p50": 0.004604854620993137,
    "risk_p75": 0.0049895052798092365,
    "risk_p90": 0.00853367242962122,
    "risk_p95": 0.20213133841752995,
    "risk_p99": 0.44395404517650605,
    "risk_max": 0.8566391468048096,
    "edge_attribute_zero_ratio": 0.0,
    "S_i_norm_zero_or_near_zero_ratio": 0.00022951572182694515
  }
}