{
  "model": "edge_gat",
  "split": "B",
  "seed": 2,
  "epochs": 50,
  "risk_mode": "exposure_floor",
  "exposure_delta": 0.01,
  "experiment_tag": "10seed",
  "alpha_ord": 0.5,
  "alpha_hr": 1.0,
  "alpha_topk": 0.3,
  "metrics": {
    "data_2020_train": {
      "macro_f1": 0.6305335410097996,
      "weighted_f1": 0.7695468585808996,
      "mae": 0.8997291471714176,
      "qwk": 0.6858375579022036,
      "recall_6_8": 0.75,
      "precision_6_8": 0.8333333333333334,
      "pr_auc_high": 0.887714299544169,
      "high_fn_rate": 0.25
    },
    "data_2021_train": {
      "macro_f1": 0.6994540506314009,
      "weighted_f1": 0.7833374669019982,
      "mae": 0.7149648520137383,
      "qwk": 0.7790716684399966,
      "recall_6_8": 0.84,
      "precision_6_8": 0.875,
      "pr_auc_high": 0.9565191300376066,
      "high_fn_rate": 0.16
    },
    "data_2021_test": {
      "macro_f1": 0.3480569513479768,
      "weighted_f1": 0.6506010145682166,
      "mae": 1.3035705120178966,
      "qwk": 0.27834895675839133,
      "recall_6_8": 0.23076923076923078,
      "precision_6_8": 0.4,
      "pr_auc_high": 0.3781584042741641,
      "high_fn_rate": 0.7692307692307693
    }
  },
  "split_sizes": {
    "data_2020": {
      "train": 419,
      "val": 0,
      "test": 0
    },
    "data_2021": {
      "train": 221,
      "val": 0,
      "test": 222
    }
  },
  "risk_summaries": {
    "data_2020": {
      "edge_count": 6603,
      "risk_min": 0.0,
      "risk_max": 0.927840530872345,
      "risk_mean": 0.020784538239240646,
      "risk_p25": 0.0013026305241510272,
      "risk_p50": 0.002327338559553027,
      "risk_p75": 0.0038654999807476997,
      "risk_p90": 0.008563028648495674,
      "risk_p95": 0.12172845005989075,
      "risk_p99": 0.43511468172073364,
      "zero_risk_edge_count": 4,
      "zero_risk_edge_ratio": 0.0006057852491291837,
      "edge_attribute_zero_ratio": 0.928365894290474,
      "matrix_5x8": [
        [
          1,
          399,
          477,
          263,
          77,
          39,
          42,
          23
        ],
        [
          0,
          476,
          417,
          197,
          52,
          33,
          73,
          73
        ],
        [
          0,
          402,
          416,
          234,
          127,
          61,
          51,
          29
        ],
        [
          2,
          383,
          474,
          233,
          56,
          45,
          81,
          47
        ],
        [
          1,
          333,
          489,
          238,
          97,
          43,
          92,
          27
        ]
      ]
    },
    "data_2021": {
      "edge_count": 7647,
      "risk_min": 0.0,
      "risk_max": 0.8797801733016968,
      "risk_mean": 0.01826266199350357,
      "risk_p25": 0.0013449767138808966,
      "risk_p50": 0.0022597918286919594,
      "risk_p75": 0.003873686073347926,
      "risk_p90": 0.008445560932159424,
      "risk_p95": 0.1018603965640068,
      "risk_p99": 0.4265008568763733,
      "zero_risk_edge_count": 4,
      "zero_risk_edge_ratio": 0.0005230809467765136,
      "edge_attribute_zero_ratio": 0.9314763959722767,
      "matrix_5x8": [
        [
          2,
          472,
          606,
          270,
          111,
          10,
          51,
          8
        ],
        [
          1,
          573,
          483,
          208,
          105,
          35,
          75,
          49
        ],
        [
          1,
          422,
          527,
          297,
          123,
          46,
          87,
          27
        ],
        [
          0,
          412,
          558,
          256,
          124,
          18,
          99,
          62
        ],
        [
          0,
          432,
          583,
          229,
          111,
          30,
          113,
          31
        ]
      ]
    }
  }
}