{
  "model": "stable_tail_rc_gnn",
  "source_model": "gcn_teg_concat",
  "seed": 3,
  "delta": 0.05,
  "risk_mode": "exposure_floor",
  "exposure_delta": 0.01,
  "posthoc_formula": "clip(S_i_norm + delta * P_high * (1 - S_i_norm), 0, 1)",
  "risk_summaries": {
    "data_2020": {
      "edge_count": 6603,
      "risk_min": 1.9890922534943073e-07,
      "risk_max": 0.9178232785078819,
      "risk_mean": 0.018073707571623823,
      "risk_p25": 0.0007173349268122431,
      "risk_p50": 0.0016960326685998156,
      "risk_p75": 0.0035426250435806207,
      "risk_p90": 0.008636963505444921,
      "risk_p95": 0.07270358135485877,
      "risk_p99": 0.43616450868251433,
      "zero_risk_edge_count": 0,
      "zero_risk_edge_ratio": 0.0,
      "edge_attribute_zero_ratio": 0.928365894290474,
      "matrix_5x8": [
        [
          0,
          651,
          377,
          155,
          39,
          14,
          72,
          13
        ],
        [
          0,
          640,
          300,
          125,
          71,
          27,
          150,
          8
        ],
        [
          0,
          599,
          330,
          188,
          85,
          43,
          72,
          3
        ],
        [
          0,
          613,
          328,
          152,
          81,
          44,
          74,
          29
        ],
        [
          0,
          617,
          375,
          143,
          40,
          33,
          104,
          8
        ]
      ]
    },
    "data_2021": {
      "edge_count": 7647,
      "risk_min": 6.284797333068673e-08,
      "risk_max": 0.8642760383234613,
      "risk_mean": 0.014729398845388325,
      "risk_p25": 0.0007185143848212986,
      "risk_p50": 0.001637816367227881,
      "risk_p75": 0.0032984780334187856,
      "risk_p90": 0.008370839767455262,
      "risk_p95": 0.05795931917457707,
      "risk_p99": 0.3783056324362691,
      "zero_risk_edge_count": 0,
      "zero_risk_edge_ratio": 0.0,
      "edge_attribute_zero_ratio": 0.9314763959722767,
      "matrix_5x8": [
        [
          0,
          824,
          417,
          195,
          27,
          9,
          58,
          0
        ],
        [
          0,
          729,
          364,
          205,
          59,
          52,
          120,
          0
        ],
        [
          0,
          715,
          401,
          204,
          62,
          57,
          90,
          1
        ],
        [
          0,
          748,
          380,
          171,
          49,
          94,
          78,
          9
        ],
        [
          0,
          697,
          463,
          188,
          34,
          34,
          112,
          1
        ]
      ]
    }
  }
}