beta,lambda_concentration,runs,pyvrp_cost_mean,pyvrp_cost_std,global_risk_mean,global_risk_std,global_cvar90_mean,global_cvar90_std,max_vehicle_risk_mean,max_vehicle_risk_std,max_vehicle_cvar90_mean,max_vehicle_cvar90_std,vehicle_risk_gini_mean,vehicle_risk_gini_std,risk_variance_mean,risk_variance_std,edge_burden_gini_used_mean,edge_burden_gini_used_std,top10_burden_share_mean,top10_burden_share_std,max_edge_burden_mean,max_edge_burden_std,cost_increase_pct,risk_reduction_pct
0.0,0.0,10,133997.5,0.7071067811865476,12.161874688255192,1.121662859374778,0.22264472116196338,0.141401970093044,3.4275805114571996,0.45469770990626207,0.4899388204897061,0.17038038710431877,0.14432577578599465,0.040238565111132524,0.47000491553667734,0.3055507026987274,0.8719820772945569,0.006303577398113329,0.8960924914105879,0.007443406528803383,1.9228212356567382,0.0664246990202518,0.0,0.0
1.0,0.0,10,159631.6,309.39553972221387,3.828228517536627,0.2663541031266051,0.046773269332278114,0.0045217928549268725,1.1987863471840683,0.12825412760646876,0.06878412704854807,0.007540333118071326,0.26958291745983365,0.05570612145295702,0.14303485115300124,0.050614759106401,0.77881503374789,0.010923318886127773,0.7338483354828311,0.016832869276826385,0.8529369831085205,0.0,0.19130282281385852,0.6852271039074052
2.0,0.0,10,172718.8,400.896717095286,3.3551542481640353,0.23390331276483423,0.037949642144868345,0.0039041889627797984,1.2759592956099368,0.11016534371946687,0.08195568569603243,0.01663521801050949,0.30329118542048794,0.04391300980321854,0.14090973648872174,0.030930354790950947,0.7476989590088973,0.01724438318432652,0.6891454682441821,0.02254393691389484,0.8529369831085205,0.0,0.2889703166103844,0.724125241036659
