beta,lambda_concentration,runs,pyvrp_cost_mean,pyvrp_cost_std,global_risk_mean,global_risk_std,global_cvar90_mean,global_cvar90_std,max_vehicle_risk_mean,max_vehicle_risk_std,max_vehicle_cvar90_mean,max_vehicle_cvar90_std,vehicle_risk_gini_mean,vehicle_risk_gini_std,risk_variance_mean,risk_variance_std,edge_burden_gini_used_mean,edge_burden_gini_used_std,top10_burden_share_mean,top10_burden_share_std,max_edge_burden_mean,max_edge_burden_std,cost_increase_pct,risk_reduction_pct
0.0,0.0,10,146730.9,582.7275807213293,8.357163965681899,0.6259566505250925,0.23910959008827218,0.023238161143563914,2.944827933560009,0.1635866029801631,0.43428370321435583,0.05738232952360812,0.2747228988324964,0.024900604393598754,0.7195837509870774,0.17256408447799274,0.88360011188769,0.0061874187379754395,0.9021510195737722,0.006902912468817537,1.0715827703475953,0.34954289447777503,0.0,0.0
1.0,0.0,10,173258.1,415.1983327947687,3.1255341274311417,0.3082985051174114,0.06610040000773668,0.012978433016734042,1.0829792290162004,0.1108507133420104,0.12271248773405596,0.005014237932210282,0.27429744254430927,0.03846231048251436,0.09685089874661468,0.020429794527331954,0.8139344857745504,0.012315404400691345,0.7710891098133671,0.02064566891186352,0.4461368680000305,0.05358318808206267,0.1807880957589711,0.6260054080227991
1.0,1.0,10,184086.8,257.49295567495085,2.7338626862567437,0.0763212330792893,0.05302537986154996,0.0021500826363161037,1.028200748533709,0.015489803180011124,0.11934221243219716,0.0,0.2871165213061824,0.03455719579002902,0.0842219950925177,0.014148546114996136,0.7994627720193737,0.00451789507283705,0.7466621742137255,0.006657349479133006,0.4207201302051544,0.0,0.25458782028870536,0.6728719578215971
