beta,lambda_concentration,runs,pyvrp_cost_mean,pyvrp_cost_std,global_risk_mean,global_risk_std,global_cvar90_mean,global_cvar90_std,max_vehicle_risk_mean,max_vehicle_risk_std,max_vehicle_cvar90_mean,max_vehicle_cvar90_std,vehicle_risk_gini_mean,vehicle_risk_gini_std,risk_variance_mean,risk_variance_std,edge_burden_gini_used_mean,edge_burden_gini_used_std,top10_burden_share_mean,top10_burden_share_std,max_edge_burden_mean,max_edge_burden_std,cost_increase_pct,risk_reduction_pct
0.0,0.0,3,146220.66666666666,383.9379290111011,9.32619566154123,0.8860643402642602,0.25813938201937164,0.01093660951503609,3.149723704865513,0.20448714038928079,0.505312843951914,0.059414327050373424,0.23391287746441028,0.03667971088025168,0.6506295487965481,0.16708164064063386,0.8745568915763263,0.005204723784908126,0.9079045557644602,0.005979046438640917,1.102185845375061,0.4760739018011325,0.0,0.0
1.0,0.0,3,180357.0,333.5910670266816,4.732626546930987,0.5902522298215747,0.12225008408228555,0.03198803043541392,1.6020609735472437,0.17714580097407692,0.17165361040804003,0.012953875632984762,0.29428659101524124,0.044124975565346065,0.26427948928866146,0.0567222064608783,0.8458452036333218,0.009028447140303384,0.8400937146648885,0.014829550981948367,0.8166642785072327,0.009231979335310416,0.23345765076528177,0.49254479332365037
