beta,lambda_concentration,runs,pyvrp_cost_mean,pyvrp_cost_std,global_risk_mean,global_risk_std,global_cvar90_mean,global_cvar90_std,max_vehicle_risk_mean,max_vehicle_risk_std,max_vehicle_cvar90_mean,max_vehicle_cvar90_std,vehicle_risk_gini_mean,vehicle_risk_gini_std,risk_variance_mean,risk_variance_std,edge_burden_gini_used_mean,edge_burden_gini_used_std,top10_burden_share_mean,top10_burden_share_std,max_edge_burden_mean,max_edge_burden_std,cost_increase_pct,risk_reduction_pct
0.0,0.0,3,146220.66666666666,383.9379290111011,5.087027741674774,0.6435882309687527,0.16594777520105997,0.0252020401331295,2.045049458858557,0.4517804524187211,0.34264252434174214,0.09913756896055548,0.30566006302243176,0.05892678638790134,0.37119554890020307,0.21625152847800763,0.8879033166538477,0.008322786828331832,0.9195399411293307,0.009910064706842504,1.0240655740102131,0.4434334011169689,0.0,0.0
1.0,0.0,3,174873.66666666666,1051.6436341904673,2.4349802407229313,0.036089798396956,0.06773994279955263,0.00016138261014016434,1.1505615610658424,0.010635298694083752,0.13057130359811708,0.0,0.4402056955369282,0.011815094006083516,0.15527355800582218,0.005368389685578194,0.8454552083338408,0.0008780775683215662,0.8458207442257649,0.0009096705898128068,0.32107043266296387,0.0,0.19595725182486745,0.5213353721712165
