{
  "model": "stable_tail_rc_gnn",
  "source_model": "gcn_teg_concat",
  "seed": 1,
  "delta": 0.25,
  "risk_mode": "exposure_floor",
  "exposure_delta": 0.01,
  "posthoc_formula": "clip(S_i_norm + delta * P_high * (1 - S_i_norm), 0, 1)",
  "risk_summaries": {
    "data_2020": {
      "edge_count": 6603,
      "risk_min": 3.7691942915098655e-19,
      "risk_max": 0.920526817350531,
      "risk_mean": 0.02070781289712561,
      "risk_p25": 0.0006796415704275797,
      "risk_p50": 0.001613315727035276,
      "risk_p75": 0.004244737557096148,
      "risk_p90": 0.008923924115581877,
      "risk_p95": 0.08530731085766553,
      "risk_p99": 0.4538716443840311,
      "zero_risk_edge_count": 4,
      "zero_risk_edge_ratio": 0.0006057852491291837,
      "edge_attribute_zero_ratio": 0.928365894290474,
      "matrix_5x8": [
        [
          4,
          697,
          334,
          103,
          67,
          33,
          67,
          16
        ],
        [
          0,
          693,
          265,
          99,
          73,
          39,
          82,
          70
        ],
        [
          0,
          652,
          274,
          124,
          120,
          27,
          75,
          48
        ],
        [
          0,
          668,
          292,
          117,
          62,
          35,
          99,
          48
        ],
        [
          0,
          573,
          373,
          127,
          74,
          29,
          99,
          45
        ]
      ]
    },
    "data_2021": {
      "edge_count": 7647,
      "risk_min": 2.62451581197331e-20,
      "risk_max": 0.9007621359858169,
      "risk_mean": 0.017571646225893196,
      "risk_p25": 0.0006873230017845453,
      "risk_p50": 0.0015766700414220432,
      "risk_p75": 0.0038229464213050176,
      "risk_p90": 0.00883422808962792,
      "risk_p95": 0.06502753295826563,
      "risk_p99": 0.44612852428547123,
      "zero_risk_edge_count": 10,
      "zero_risk_edge_ratio": 0.0013077023669412842,
      "edge_attribute_zero_ratio": 0.9314763959722767,
      "matrix_5x8": [
        [
          1,
          845,
          379,
          190,
          28,
          22,
          62,
          3
        ],
        [
          3,
          854,
          275,
          113,
          62,
          91,
          83,
          48
        ],
        [
          1,
          766,
          327,
          161,
          89,
          68,
          83,
          35
        ],
        [
          2,
          745,
          332,
          161,
          125,
          48,
          80,
          36
        ],
        [
          3,
          735,
          387,
          130,
          56,
          69,
          124,
          25
        ]
      ]
    }
  }
}