beta,lambda_concentration,runs,pyvrp_cost_mean,pyvrp_cost_std,global_risk_mean,global_risk_std,global_cvar90_mean,global_cvar90_std,max_vehicle_risk_mean,max_vehicle_risk_std,max_vehicle_cvar90_mean,max_vehicle_cvar90_std,vehicle_risk_gini_mean,vehicle_risk_gini_std,risk_variance_mean,risk_variance_std,edge_burden_gini_used_mean,edge_burden_gini_used_std,top10_burden_share_mean,top10_burden_share_std,max_edge_burden_mean,max_edge_burden_std,cost_increase_pct,risk_reduction_pct
0.0,0.0,10,146730.9,582.7275807213293,9.334046391367297,0.64449074255327,0.25928287570120956,0.051273252988085945,2.9920920534913185,0.2138200627790404,0.424801279408719,0.07579720501464009,0.20456761435919155,0.03157130876165644,0.5128848234608114,0.15083059017627762,0.8489104525576383,0.0062787922932259375,0.8860128813292165,0.00922446242341605,1.0616879480601638,0.3427428810523881,0.0,0.0
1.0,0.0,10,179192.2,616.8049934947026,4.432396048194102,0.32028579350404635,0.11427388190204639,0.013073828325053369,1.4973363366191919,0.24117400680231726,0.17055787399803016,0.019019747273732145,0.23868827977118395,0.07030015922837138,0.16745961451359495,0.10785459764861523,0.7842129334259303,0.011599336663407725,0.7882551064931572,0.016631801705281356,0.5528457962391666,0.007450631694247417,0.22123015670182639,0.5251367025244291
