{
  "name": "fusion_gcn_teg_low_rho075_splitB_seed4_epochs50_10seed_floor_0p01",
  "risk_dirs": [
    "D:\\PyVRP-main\\hazmat_risk_experiments\\outputs_10seed\\risk_matrices\\gcn_splitB_seed4_epochs50_10seed_floor_0p01",
    "D:\\PyVRP-main\\hazmat_risk_experiments\\outputs_10seed\\risk_matrices\\teg_gnn_splitB_seed4_epochs50_teg_low_tail_10seed_floor_0p01"
  ],
  "weights": [
    0.25,
    0.75
  ],
  "ensemble": "mean node probabilities",
  "summaries": [
    {
      "year": "data_2020",
      "edge_count": 6603,
      "risk_mean": 0.020551858888892265,
      "risk_p95": 0.11533471205663061,
      "risk_p99": 0.43215707252097707,
      "risk_max": 0.9159311499928923
    },
    {
      "year": "data_2021",
      "edge_count": 7647,
      "risk_mean": 0.018726496155165466,
      "risk_p95": 0.10210624623861041,
      "risk_p99": 0.41549639102723085,
      "risk_max": 0.8575371350085681
    }
  ]
}