beta,lambda_concentration,runs,pyvrp_cost_mean,pyvrp_cost_std,global_risk_mean,global_risk_std,global_cvar90_mean,global_cvar90_std,max_vehicle_risk_mean,max_vehicle_risk_std,max_vehicle_cvar90_mean,max_vehicle_cvar90_std,vehicle_risk_gini_mean,vehicle_risk_gini_std,risk_variance_mean,risk_variance_std,edge_burden_gini_used_mean,edge_burden_gini_used_std,top10_burden_share_mean,top10_burden_share_std,max_edge_burden_mean,max_edge_burden_std,cost_increase_pct,risk_reduction_pct
0.0,0.0,10,133997.5,0.7071067811865476,8.07379765791411,0.7561102067170423,0.25023182712375214,0.03595989867756291,2.4732555362090354,0.5221706808919302,0.4178824042404692,0.12233316839586152,0.16027851904924698,0.05681063028448245,0.309681899638423,0.2858166173976566,0.8740564492316126,0.00806126312012493,0.8991175999246319,0.007843917211838879,1.2062259554862975,0.4434349476201544,0.0,0.0
1.0,0.0,10,160243.5,219.7024502973662,3.3004136541916522,0.11482414291437633,0.07538122883872725,0.010814313039769945,1.1725424614327493,0.12705852506454865,0.14415770052444365,0.017333749448514187,0.30258301349524686,0.06576394623021892,0.13545148559028072,0.04650892052165159,0.8092017982319115,0.003100477547788838,0.795245634178638,0.005436481686430016,0.8069330453872681,0.0,0.1958693259202597,0.5912191766464313
1.0,1.0,10,173117.2,348.5378347069687,2.571809868182754,0.27653019216758096,0.052621334515304416,0.006583514730656418,1.017795199957618,0.05988734217229694,0.14422804550046014,0.025193416864404794,0.3215687899461209,0.04502110731793994,0.09272502720149778,0.019897972664573615,0.7659473401264323,0.021943389857177323,0.7294276140939979,0.030963730581781247,0.8069330453872681,0.0,0.29194350640870176,0.6814621845690556
