beta,lambda_concentration,runs,pyvrp_cost_mean,pyvrp_cost_std,global_risk_mean,global_risk_std,global_cvar90_mean,global_cvar90_std,max_vehicle_risk_mean,max_vehicle_risk_std,max_vehicle_cvar90_mean,max_vehicle_cvar90_std,vehicle_risk_gini_mean,vehicle_risk_gini_std,risk_variance_mean,risk_variance_std,edge_burden_gini_used_mean,edge_burden_gini_used_std,top10_burden_share_mean,top10_burden_share_std,max_edge_burden_mean,max_edge_burden_std,cost_increase_pct,risk_reduction_pct
0.0,0.0,10,146730.9,582.7275807213293,9.27549076368275,0.6908453669835418,0.2919173021484663,0.03263832109842078,3.0214392247711657,0.2284047939240121,0.4297546735175309,0.0490401252986033,0.2090189648895347,0.03673629421398098,0.5452269792111475,0.1686742908263887,0.8771108454984592,0.00547834975572836,0.8984824379319012,0.007507431653192463,1.1844574689865113,0.3022661042412626,0.0,0.0
1.0,0.0,10,176983.0,211.40535050518994,3.980405366400942,0.27116705974007155,0.09485491547576481,0.017808186754348976,1.5966726963510154,0.19819897166235984,0.17484280869793442,0.026106602901212136,0.3440247323140092,0.0548317081733829,0.26348346141963325,0.09506619965036331,0.822373874185914,0.0081499127290071,0.8012214696809135,0.011765227627860251,0.8629772067070007,0.0,0.2061740233311457,0.5708684890306409
