{
  "model": "gcn_teg_concat",
  "split": "B",
  "seed": 5,
  "epochs": 50,
  "risk_mode": "exposure_floor",
  "exposure_delta": 0.01,
  "uncertainty_tau": 0.0,
  "experiment_tag": "st_v1_formal_10seed",
  "checkpoint_path": "D:\\PyVRP-main\\hazmat_risk_experiments\\outputs_10seed\\st_v1_formal_10seed\\models\\checkpoints\\gcn_teg_concat_splitB_seed5_epochs50_st_v1_formal_10seed.pt",
  "best_epoch": 50,
  "model_source": "checkpoint",
  "alpha_ord": 0.5,
  "alpha_hr": 1.0,
  "alpha_topk": 0.3,
  "lambda_nll": 0.0,
  "lambda_var": 0.0,
  "ec_delta_max": 0.05,
  "lambda_edge": 0.0,
  "lambda_edge_high": 0.0,
  "lambda_distill": 0.0,
  "lambda_delta": 0.0,
  "ec_teacher_epochs": 50,
  "gamma_unc": 0.5,
  "logvar_min": -5.0,
  "logvar_max": 2.0,
  "metrics": {
    "data_2020_train": {
      "macro_f1": 0.4511322879317943,
      "weighted_f1": 0.7267524507170344,
      "mae": 0.7461617387302895,
      "qwk": 0.6747302083394661,
      "recall_6_8": 0.725,
      "precision_6_8": 0.7435897435897436,
      "pr_auc_high": 0.86136897188866,
      "high_fn_rate": 0.275,
      "brier": 0.32404962182044983,
      "ece": 0.08207242101928783
    },
    "data_2021_train": {
      "macro_f1": 0.537022257613139,
      "weighted_f1": 0.7624720258116434,
      "mae": 0.645422597137686,
      "qwk": 0.710074912411305,
      "recall_6_8": 0.72,
      "precision_6_8": 0.72,
      "pr_auc_high": 0.9026724046222241,
      "high_fn_rate": 0.28,
      "brier": 0.27217939496040344,
      "ece": 0.08691492029444664
    },
    "data_2021_test": {
      "macro_f1": 0.2601913994531444,
      "weighted_f1": 0.6162622353897522,
      "mae": 1.1962419733520888,
      "qwk": 0.24620534426040297,
      "recall_6_8": 0.23076923076923078,
      "precision_6_8": 0.5,
      "pr_auc_high": 0.4370198099468674,
      "high_fn_rate": 0.7692307692307693,
      "brier": 0.479610413312912,
      "ece": 0.08908997744590312
    }
  },
  "split_sizes": {
    "data_2020": {
      "train": 419,
      "val": 0,
      "test": 0
    },
    "data_2021": {
      "train": 221,
      "val": 0,
      "test": 222
    }
  },
  "risk_summaries": {
    "data_2020": {
      "edge_count": 6603,
      "risk_min": 0.0,
      "risk_max": 0.8587546348571777,
      "risk_mean": 0.01763555407524109,
      "risk_p25": 0.0006057143327780068,
      "risk_p50": 0.0015349671011790633,
      "risk_p75": 0.003249481553211808,
      "risk_p90": 0.008304975926876068,
      "risk_p95": 0.07200028747320175,
      "risk_p99": 0.4197765588760376,
      "zero_risk_edge_count": 2,
      "zero_risk_edge_ratio": 0.00030289262456459186,
      "edge_attribute_zero_ratio": 0.928365894290474,
      "matrix_5x8": [
        [
          1,
          679,
          379,
          136,
          32,
          18,
          74,
          2
        ],
        [
          0,
          644,
          325,
          113,
          71,
          25,
          142,
          1
        ],
        [
          0,
          638,
          343,
          121,
          74,
          53,
          77,
          14
        ],
        [
          0,
          694,
          292,
          128,
          62,
          35,
          102,
          8
        ],
        [
          1,
          647,
          348,
          117,
          49,
          31,
          114,
          13
        ]
      ]
    },
    "data_2021": {
      "edge_count": 7647,
      "risk_min": 0.0,
      "risk_max": 0.8581956028938293,
      "risk_mean": 0.013686894439160824,
      "risk_p25": 0.0006104785716161132,
      "risk_p50": 0.0014882890973240137,
      "risk_p75": 0.0030424257274717093,
      "risk_p90": 0.007398471236228943,
      "risk_p95": 0.056643567979335785,
      "risk_p99": 0.3736228048801422,
      "zero_risk_edge_count": 2,
      "zero_risk_edge_ratio": 0.0002615404733882568,
      "edge_attribute_zero_ratio": 0.9314763959722767,
      "matrix_5x8": [
        [
          1,
          835,
          451,
          101,
          73,
          19,
          48,
          2
        ],
        [
          1,
          798,
          360,
          165,
          116,
          32,
          54,
          3
        ],
        [
          0,
          776,
          398,
          174,
          84,
          34,
          50,
          14
        ],
        [
          0,
          790,
          358,
          178,
          81,
          56,
          52,
          14
        ],
        [
          0,
          706,
          502,
          113,
          84,
          28,
          89,
          7
        ]
      ]
    }
  }
}