{
  "name": "stable_tail_eta0p3_splitB_seed6_10seed_floor_0p01",
  "base_risk_dir": "D:\\PyVRP-main\\hazmat_risk_experiments\\outputs_10seed\\risk_matrices\\gcn_teg_concat_splitB_seed6_epochs50_10seed_floor_0p01",
  "eta": 0.3,
  "definition": "S_tail = clip(S_norm + eta * P_high, 0, 1)",
  "summaries": [
    {
      "year": "data_2020",
      "eta": 0.3,
      "edge_count": 6603,
      "risk_mean": 0.02351388707756996,
      "risk_p95": 0.08337051421403885,
      "risk_p99": 0.5049999952316284,
      "risk_max": 1.0
    },
    {
      "year": "data_2021",
      "eta": 0.3,
      "edge_count": 7647,
      "risk_mean": 0.020647985860705376,
      "risk_p95": 0.06552467495203018,
      "risk_p99": 0.5049999952316284,
      "risk_max": 0.9999998807907104
    }
  ]
}