{
  "model": "gcn",
  "split": "B",
  "seed": 4,
  "epochs": 50,
  "risk_mode": "exposure_floor",
  "exposure_delta": 0.01,
  "experiment_tag": "",
  "alpha_ord": 0.5,
  "alpha_hr": 1.0,
  "alpha_topk": 0.3,
  "metrics": {
    "data_2020_train": {
      "macro_f1": 0.5982712711242855,
      "weighted_f1": 0.7774363018270657,
      "mae": 0.868227968194958,
      "qwk": 0.7018071237575856,
      "recall_6_8": 0.725,
      "precision_6_8": 0.90625,
      "pr_auc_high": 0.9191245913884796,
      "high_fn_rate": 0.275
    },
    "data_2021_train": {
      "macro_f1": 0.7159913865072921,
      "weighted_f1": 0.839809334693838,
      "mae": 0.7665967802480974,
      "qwk": 0.7352281100417917,
      "recall_6_8": 0.72,
      "precision_6_8": 0.9,
      "pr_auc_high": 0.9378713729601733,
      "high_fn_rate": 0.28
    },
    "data_2021_test": {
      "macro_f1": 0.31460298658995733,
      "weighted_f1": 0.6174799699229666,
      "mae": 1.2940304515772154,
      "qwk": 0.2151610312791753,
      "recall_6_8": 0.19230769230769232,
      "precision_6_8": 0.5555555555555556,
      "pr_auc_high": 0.4086654723623742,
      "high_fn_rate": 0.8076923076923077
    }
  },
  "split_sizes": {
    "data_2020": {
      "train": 419,
      "val": 0,
      "test": 0
    },
    "data_2021": {
      "train": 221,
      "val": 0,
      "test": 222
    }
  },
  "risk_summaries": {
    "data_2020": {
      "edge_count": 6603,
      "risk_min": 1.7029898324860682e-10,
      "risk_max": 0.9324432611465454,
      "risk_mean": 0.020356502383947372,
      "risk_p25": 0.0013236718950793147,
      "risk_p50": 0.0022199193481355906,
      "risk_p75": 0.003739855019375682,
      "risk_p90": 0.008569518104195595,
      "risk_p95": 0.122065469622612,
      "risk_p99": 0.43276068568229675,
      "zero_risk_edge_count": 0,
      "zero_risk_edge_ratio": 0.0,
      "edge_attribute_zero_ratio": 0.928365894290474,
      "matrix_5x8": [
        [
          0,
          439,
          551,
          195,
          45,
          16,
          50,
          25
        ],
        [
          0,
          435,
          424,
          220,
          79,
          25,
          64,
          74
        ],
        [
          0,
          345,
          443,
          324,
          88,
          50,
          39,
          31
        ],
        [
          0,
          339,
          518,
          230,
          70,
          61,
          56,
          47
        ],
        [
          0,
          305,
          576,
          230,
          64,
          32,
          82,
          31
        ]
      ]
    },
    "data_2021": {
      "edge_count": 7647,
      "risk_min": 1.7029898324860682e-10,
      "risk_max": 0.8629637360572815,
      "risk_mean": 0.01850699819624424,
      "risk_p25": 0.0013800872256979346,
      "risk_p50": 0.0022414643317461014,
      "risk_p75": 0.003665517084300518,
      "risk_p90": 0.008398939855396748,
      "risk_p95": 0.10706721991300583,
      "risk_p99": 0.4317314326763153,
      "zero_risk_edge_count": 0,
      "zero_risk_edge_ratio": 0.0,
      "edge_attribute_zero_ratio": 0.9314763959722767,
      "matrix_5x8": [
        [
          0,
          510,
          734,
          186,
          30,
          19,
          48,
          3
        ],
        [
          0,
          496,
          505,
          262,
          117,
          30,
          74,
          45
        ],
        [
          0,
          375,
          572,
          316,
          139,
          38,
          68,
          22
        ],
        [
          0,
          396,
          533,
          266,
          164,
          60,
          87,
          23
        ],
        [
          0,
          357,
          661,
          251,
          96,
          39,
          106,
          19
        ]
      ]
    }
  }
}