beta,lambda_concentration,runs,pyvrp_cost_mean,pyvrp_cost_std,global_risk_mean,global_risk_std,global_cvar90_mean,global_cvar90_std,max_vehicle_risk_mean,max_vehicle_risk_std,max_vehicle_cvar90_mean,max_vehicle_cvar90_std,vehicle_risk_gini_mean,vehicle_risk_gini_std,risk_variance_mean,risk_variance_std,edge_burden_gini_used_mean,edge_burden_gini_used_std,top10_burden_share_mean,top10_burden_share_std,max_edge_burden_mean,max_edge_burden_std,cost_increase_pct,risk_reduction_pct
0.0,0.0,5,133997.4,0.5477225575051661,7.494949410285335,0.8873600438570398,0.2431964246901097,0.03487627132134775,2.334200421301648,0.5143751886603942,0.3814404135507842,0.11639378932025646,0.1842602712510187,0.06884949427079796,0.31750114168567795,0.2502874527890848,0.8316442454611048,0.00982701635227991,0.8583141283479175,0.008838358427049256,1.0572657108306884,0.36253265759868497,0.0,0.0
1.0,0.0,5,157331.2,74.79772723819889,3.0115317948453595,0.05069250577060875,0.06064411230286112,0.0009039528461597425,1.068476709490642,0.1766246960205744,0.11840438901313713,0.024415715069792066,0.27255835464299305,0.04873005005999371,0.09477776424410403,0.04355400024474957,0.6858875931564021,0.0044330577521321385,0.678503010488481,0.005308983055345891,0.4475680887699127,0.0,0.17413621458326817,0.598191844935841
