beta,lambda_concentration,runs,pyvrp_cost_mean,pyvrp_cost_std,global_risk_mean,global_risk_std,global_cvar90_mean,global_cvar90_std,max_vehicle_risk_mean,max_vehicle_risk_std,max_vehicle_cvar90_mean,max_vehicle_cvar90_std,vehicle_risk_gini_mean,vehicle_risk_gini_std,risk_variance_mean,risk_variance_std,edge_burden_gini_used_mean,edge_burden_gini_used_std,top10_burden_share_mean,top10_burden_share_std,max_edge_burden_mean,max_edge_burden_std,cost_increase_pct,risk_reduction_pct
0.0,0.0,10,133997.6,0.6992058987801011,7.653605789073149,0.8536014142814838,0.22457994226894257,0.0488103502789774,2.2829501332570947,0.397684634916624,0.3874102649893451,0.10043029550330053,0.1576041018725373,0.0605898685700136,0.25168567653077767,0.17787489845532153,0.8839111575166836,0.007748542487211907,0.901887420454736,0.006669214142860518,1.2056284230988594,0.36666581521241526,0.0,0.0
1.0,0.0,10,158061.8,87.3826832578019,3.1097174761179285,0.22079431817078105,0.07534113099855645,0.011116404807606953,0.9405493396688728,0.1453687471555416,0.11498000921814895,0.03518862739919063,0.22682034191311376,0.07415361321371457,0.07400150585060258,0.05826888892254132,0.824959251400365,0.008760690966431247,0.8028295706160952,0.013071093980546905,0.6893926223037659,1.1702778228589004e-16,0.17958679856952647,0.5936924945156982
