{
  "model": "teg_gnn",
  "split": "B",
  "seed": 1,
  "epochs": 50,
  "risk_mode": "exposure_floor",
  "exposure_delta": 0.01,
  "experiment_tag": "teg_low_tail_10seed",
  "alpha_ord": 0.3,
  "alpha_hr": 0.5,
  "alpha_topk": 0.1,
  "metrics": {
    "data_2020_train": {
      "macro_f1": 0.6090250655243413,
      "weighted_f1": 0.7749632598905647,
      "mae": 1.2514159342801192,
      "qwk": 0.6838988980524412,
      "recall_6_8": 0.725,
      "precision_6_8": 0.7073170731707317,
      "pr_auc_high": 0.8220018010196349,
      "high_fn_rate": 0.275
    },
    "data_2021_train": {
      "macro_f1": 0.6424177641607219,
      "weighted_f1": 0.767528191223303,
      "mae": 1.12378264488587,
      "qwk": 0.7119749014202706,
      "recall_6_8": 0.68,
      "precision_6_8": 0.8095238095238095,
      "pr_auc_high": 0.9104849160788115,
      "high_fn_rate": 0.32
    },
    "data_2021_test": {
      "macro_f1": 0.2381212440233364,
      "weighted_f1": 0.5643811427467171,
      "mae": 1.6684613975848241,
      "qwk": 0.25800426054379655,
      "recall_6_8": 0.2692307692307692,
      "precision_6_8": 0.30434782608695654,
      "pr_auc_high": 0.2922597559916648,
      "high_fn_rate": 0.7307692307692307
    }
  },
  "split_sizes": {
    "data_2020": {
      "train": 419,
      "val": 0,
      "test": 0
    },
    "data_2021": {
      "train": 221,
      "val": 0,
      "test": 222
    }
  },
  "risk_summaries": {
    "data_2020": {
      "edge_count": 6603,
      "risk_min": 1.158433315140428e-05,
      "risk_max": 0.8569737076759338,
      "risk_mean": 0.020127195864915848,
      "risk_p25": 0.0028398511931300163,
      "risk_p50": 0.0036438682582229376,
      "risk_p75": 0.004715862218290567,
      "risk_p90": 0.008566123433411121,
      "risk_p95": 0.10378898680210114,
      "risk_p99": 0.43062716722488403,
      "zero_risk_edge_count": 0,
      "zero_risk_edge_ratio": 0.0,
      "edge_attribute_zero_ratio": 0.928365894290474,
      "matrix_5x8": [
        [
          0,
          70,
          242,
          697,
          201,
          29,
          75,
          7
        ],
        [
          0,
          88,
          332,
          513,
          200,
          50,
          133,
          5
        ],
        [
          0,
          74,
          326,
          558,
          205,
          81,
          76,
          0
        ],
        [
          0,
          62,
          290,
          578,
          220,
          57,
          112,
          2
        ],
        [
          0,
          155,
          317,
          521,
          168,
          36,
          112,
          11
        ]
      ]
    },
    "data_2021": {
      "edge_count": 7647,
      "risk_min": 2.5742392608663067e-06,
      "risk_max": 0.8559458255767822,
      "risk_mean": 0.01738683506846428,
      "risk_p25": 0.002829537959769368,
      "risk_p50": 0.0036278548650443554,
      "risk_p75": 0.0045650796964764595,
      "risk_p90": 0.008470854721963406,
      "risk_p95": 0.08519744873046875,
      "risk_p99": 0.39172953367233276,
      "zero_risk_edge_count": 0,
      "zero_risk_edge_ratio": 0.0,
      "edge_attribute_zero_ratio": 0.9314763959722767,
      "matrix_5x8": [
        [
          0,
          54,
          286,
          818,
          287,
          26,
          56,
          3
        ],
        [
          0,
          79,
          384,
          679,
          212,
          46,
          123,
          6
        ],
        [
          0,
          72,
          389,
          688,
          243,
          41,
          93,
          4
        ],
        [
          0,
          68,
          329,
          698,
          277,
          54,
          87,
          16
        ],
        [
          0,
          149,
          458,
          558,
          192,
          62,
          106,
          4
        ]
      ]
    }
  }
}