beta,lambda_concentration,runs,pyvrp_cost_mean,pyvrp_cost_std,global_risk_mean,global_risk_std,global_cvar90_mean,global_cvar90_std,max_vehicle_risk_mean,max_vehicle_risk_std,max_vehicle_cvar90_mean,max_vehicle_cvar90_std,vehicle_risk_gini_mean,vehicle_risk_gini_std,risk_variance_mean,risk_variance_std,edge_burden_gini_used_mean,edge_burden_gini_used_std,top10_burden_share_mean,top10_burden_share_std,max_edge_burden_mean,max_edge_burden_std,cost_increase_pct,risk_reduction_pct
0.0,0.0,5,133997.2,0.4472135954999579,8.45225043470855,0.800151638244934,0.24752351668660513,0.06193583044262394,2.7750629163580016,0.4081699354104037,0.4463785565892856,0.10474989479378612,0.210979878713694,0.04759860670723105,0.4856792336758907,0.24755349607060625,0.8471416717621466,0.011713193670401769,0.877372861057127,0.011337885873990514,1.2901128768920898,0.38467296959523356,0.0,0.0
1.0,0.0,5,159880.0,333.6105513918887,3.2925463970022975,0.20782597420955773,0.08129808540486859,0.015656023391404962,1.1448974541737698,0.11148190138605694,0.15031987857073548,0.024388409397117252,0.2525421159725065,0.018200275033115727,0.09278943677596689,0.013905241536312592,0.7263996501226847,0.013472560096764808,0.7188550027058956,0.016323092660485688,0.5045937299728394,0.0,0.19315926004423964,0.610453284313216
