beta,lambda_concentration,runs,pyvrp_cost_mean,pyvrp_cost_std,global_risk_mean,global_risk_std,global_cvar90_mean,global_cvar90_std,max_vehicle_risk_mean,max_vehicle_risk_std,max_vehicle_cvar90_mean,max_vehicle_cvar90_std,vehicle_risk_gini_mean,vehicle_risk_gini_std,risk_variance_mean,risk_variance_std,edge_burden_gini_used_mean,edge_burden_gini_used_std,top10_burden_share_mean,top10_burden_share_std,max_edge_burden_mean,max_edge_burden_std,cost_increase_pct,risk_reduction_pct
0.0,0.0,10,133997.6,0.6992058987801011,6.876012622741499,0.8148256363459581,0.1957137680812072,0.04249330757898124,2.1061912927876234,0.40087602372377273,0.36238963037425226,0.08414053388459015,0.18272309569637954,0.06731429581223454,0.24665680791051153,0.20268618172805494,0.8568309356281617,0.009416878052420054,0.8797360227399006,0.009891346900988699,1.0833031107134297,0.36695145633579446,0.0,0.0
1.0,0.0,10,156678.6,230.5959429150671,2.584533603854749,0.24353500964891894,0.06565067299332457,0.01155725932904882,0.9077726065629333,0.15181311475979672,0.11255204051709353,0.022242155479868592,0.2621695712056976,0.08967456770759288,0.06616907191596735,0.035732616522809804,0.7464042232723912,0.018741930506564867,0.7319595776747727,0.024053649613729768,0.36836654052767265,0.04520288545826044,0.16926422562792168,0.6241232025509419
