{
  "pairs": "D:\\PyVRP-main\\hazmat_risk_experiments\\outputs_10seed\\od_paths\\fixed_od_pairs_150.csv",
  "num_pairs": 150,
  "year": "data_2021",
  "k_paths": 50,
  "cvar_alpha": 0.9,
  "re_threshold": "p75",
  "sources": [
    {
      "risk_source": "Stable-Tail-MatrixEns-r040_seed0",
      "risk_dir": "D:\\PyVRP-main\\hazmat_risk_experiments\\outputs_10seed\\risk_matrices\\stable_tail_matrix_ensemble_rho040_splitB_seed0_floor_0p01",
      "largest_component_nodes": 4357,
      "largest_component_edges": 6650,
      "re_threshold": "p75",
      "re_threshold_value": 0.0022439422318711877,
      "risk_diagnostics": {
        "edge_count": 6650,
        "zero_risk_edge_count": 1,
        "zero_risk_edge_ratio": 0.00015037593984962405,
        "risk_min": 0.0,
        "risk_p25": 0.00042062613647431135,
        "risk_p50": 0.0010198085801675916,
        "risk_p75": 0.0022439422318711877,
        "risk_p90": 0.005161584820598364,
        "risk_p95": 0.043378811329603195,
        "risk_p99": 0.2530520260334015,
        "risk_max": 0.5450766682624817,
        "edge_attribute_zero_ratio": 0.0,
        "S_i_norm_zero_or_near_zero_ratio": 0.005278861602019738
      }
    },
    {
      "risk_source": "Stable-Tail-MatrixEns-r040_seed1",
      "risk_dir": "D:\\PyVRP-main\\hazmat_risk_experiments\\outputs_10seed\\risk_matrices\\stable_tail_matrix_ensemble_rho040_splitB_seed1_floor_0p01",
      "largest_component_nodes": 4357,
      "largest_component_edges": 6650,
      "re_threshold": "p75",
      "re_threshold_value": 0.002818529959768057,
      "risk_diagnostics": {
        "edge_count": 6650,
        "zero_risk_edge_count": 0,
        "zero_risk_edge_ratio": 0.0,
        "risk_min": 7.152557435219364e-10,
        "risk_p25": 0.000608452595770359,
        "risk_p50": 0.001140788954216987,
        "risk_p75": 0.002818529959768057,
        "risk_p90": 0.005148995202034712,
        "risk_p95": 0.050561372190713286,
        "risk_p99": 0.27622124552726746,
        "risk_max": 0.5548326373100281,
        "edge_attribute_zero_ratio": 0.0,
        "S_i_norm_zero_or_near_zero_ratio": 0.0006885471654808355
      }
    },
    {
      "risk_source": "Stable-Tail-MatrixEns-r040_seed2",
      "risk_dir": "D:\\PyVRP-main\\hazmat_risk_experiments\\outputs_10seed\\risk_matrices\\stable_tail_matrix_ensemble_rho040_splitB_seed2_floor_0p01",
      "largest_component_nodes": 4357,
      "largest_component_edges": 6650,
      "re_threshold": "p75",
      "re_threshold_value": 0.0025646165013313293,
      "risk_diagnostics": {
        "edge_count": 6650,
        "zero_risk_edge_count": 0,
        "zero_risk_edge_ratio": 0.0,
        "risk_min": 1.8555775227468985e-07,
        "risk_p25": 0.0006015562103129923,
        "risk_p50": 0.001169882481917739,
        "risk_p75": 0.0025646165013313293,
        "risk_p90": 0.005053347907960415,
        "risk_p95": 0.04728944357484569,
        "risk_p99": 0.26715290546417236,
        "risk_max": 0.593980610370636,
        "edge_attribute_zero_ratio": 0.0,
        "S_i_norm_zero_or_near_zero_ratio": 0.0004590314436538903
      }
    },
    {
      "risk_source": "Stable-Tail-MatrixEns-r040_seed3",
      "risk_dir": "D:\\PyVRP-main\\hazmat_risk_experiments\\outputs_10seed\\risk_matrices\\stable_tail_matrix_ensemble_rho040_splitB_seed3_floor_0p01",
      "largest_component_nodes": 4357,
      "largest_component_edges": 6650,
      "re_threshold": "p75",
      "re_threshold_value": 0.0020849534776061773,
      "risk_diagnostics": {
        "edge_count": 6650,
        "zero_risk_edge_count": 0,
        "zero_risk_edge_ratio": 0.0,
        "risk_min": 3.0755995084064125e-08,
        "risk_p25": 0.0005066277662990615,
        "risk_p50": 0.0010129509028047323,
        "risk_p75": 0.0020849534776061773,
        "risk_p90": 0.004776013782247903,
        "risk_p95": 0.04250691328197712,
        "risk_p99": 0.24670676946640088,
        "risk_max": 0.5412445664405823,
        "edge_attribute_zero_ratio": 0.0,
        "S_i_norm_zero_or_near_zero_ratio": 0.0009180628873077806
      }
    },
    {
      "risk_source": "Stable-Tail-MatrixEns-r040_seed4",
      "risk_dir": "D:\\PyVRP-main\\hazmat_risk_experiments\\outputs_10seed\\risk_matrices\\stable_tail_matrix_ensemble_rho040_splitB_seed4_floor_0p01",
      "largest_component_nodes": 4357,
      "largest_component_edges": 6650,
      "re_threshold": "p75",
      "re_threshold_value": 0.002337472455110401,
      "risk_diagnostics": {
        "edge_count": 6650,
        "zero_risk_edge_count": 0,
        "zero_risk_edge_ratio": 0.0,
        "risk_min": 5.108969358680326e-10,
        "risk_p25": 0.0006285320268943906,
        "risk_p50": 0.0012105556670576334,
        "risk_p75": 0.002337472455110401,
        "risk_p90": 0.005192351993173361,
        "risk_p95": 0.04291241988539696,
        "risk_p99": 0.2761535346508026,
        "risk_max": 0.5692343711853027,
        "edge_attribute_zero_ratio": 0.0,
        "S_i_norm_zero_or_near_zero_ratio": 0.0009180628873077806
      }
    },
    {
      "risk_source": "Stable-Tail-MatrixEns-r040_seed5",
      "risk_dir": "D:\\PyVRP-main\\hazmat_risk_experiments\\outputs_10seed\\risk_matrices\\stable_tail_matrix_ensemble_rho040_splitB_seed5_floor_0p01",
      "largest_component_nodes": 4357,
      "largest_component_edges": 6650,
      "re_threshold": "p75",
      "re_threshold_value": 0.002290040487423539,
      "risk_diagnostics": {
        "edge_count": 6650,
        "zero_risk_edge_count": 0,
        "zero_risk_edge_ratio": 0.0,
        "risk_min": 8.583068478174027e-09,
        "risk_p25": 0.0004946353146806359,
        "risk_p50": 0.0009695914341136813,
        "risk_p75": 0.002290040487423539,
        "risk_p90": 0.004896022379398346,
        "risk_p95": 0.042168132960796356,
        "risk_p99": 0.2594430446624756,
        "risk_max": 0.5473159551620483,
        "edge_attribute_zero_ratio": 0.0,
        "S_i_norm_zero_or_near_zero_ratio": 0.0006885471654808355
      }
    },
    {
      "risk_source": "Stable-Tail-MatrixEns-r040_seed6",
      "risk_dir": "D:\\PyVRP-main\\hazmat_risk_experiments\\outputs_10seed\\risk_matrices\\stable_tail_matrix_ensemble_rho040_splitB_seed6_floor_0p01",
      "largest_component_nodes": 4357,
      "largest_component_edges": 6650,
      "re_threshold": "p75",
      "re_threshold_value": 0.0026333206333220005,
      "risk_diagnostics": {
        "edge_count": 6650,
        "zero_risk_edge_count": 0,
        "zero_risk_edge_ratio": 0.0,
        "risk_min": 1.5326907520929467e-09,
        "risk_p25": 0.000768279074691236,
        "risk_p50": 0.0012870481587015092,
        "risk_p75": 0.0026333206333220005,
        "risk_p90": 0.004513347055763006,
        "risk_p95": 0.05098911877721543,
        "risk_p99": 0.27342697978019714,
        "risk_max": 0.5417637825012207,
        "edge_attribute_zero_ratio": 0.0,
        "S_i_norm_zero_or_near_zero_ratio": 0.0009180628873077806
      }
    },
    {
      "risk_source": "Stable-Tail-MatrixEns-r040_seed7",
      "risk_dir": "D:\\PyVRP-main\\hazmat_risk_experiments\\outputs_10seed\\risk_matrices\\stable_tail_matrix_ensemble_rho040_splitB_seed7_floor_0p01",
      "largest_component_nodes": 4357,
      "largest_component_edges": 6650,
      "re_threshold": "p75",
      "re_threshold_value": 0.002948633162304759,
      "risk_diagnostics": {
        "edge_count": 6650,
        "zero_risk_edge_count": 0,
        "zero_risk_edge_ratio": 0.0,
        "risk_min": 1.9618441982061086e-08,
        "risk_p25": 0.0004870899210800417,
        "risk_p50": 0.0011116000241599977,
        "risk_p75": 0.002948633162304759,
        "risk_p90": 0.005199270322918892,
        "risk_p95": 0.04313080757856369,
        "risk_p99": 0.27250808477401733,
        "risk_max": 0.5446581244468689,
        "edge_attribute_zero_ratio": 0.0,
        "S_i_norm_zero_or_near_zero_ratio": 0.001606610052788616
      }
    },
    {
      "risk_source": "Stable-Tail-MatrixEns-r040_seed8",