beta,lambda_concentration,runs,pyvrp_cost_mean,pyvrp_cost_std,global_risk_mean,global_risk_std,global_cvar90_mean,global_cvar90_std,max_vehicle_risk_mean,max_vehicle_risk_std,max_vehicle_cvar90_mean,max_vehicle_cvar90_std,vehicle_risk_gini_mean,vehicle_risk_gini_std,risk_variance_mean,risk_variance_std,edge_burden_gini_used_mean,edge_burden_gini_used_std,top10_burden_share_mean,top10_burden_share_std,max_edge_burden_mean,max_edge_burden_std,cost_increase_pct,risk_reduction_pct
0.0,0.0,10,133997.6,0.6992058987801011,7.593195551622193,0.888607860940936,0.23931413262942808,0.03621832981592812,2.265631798172035,0.33535485813583965,0.36169501835635554,0.09764693399784237,0.17275010600192872,0.05451412862436427,0.26222217269584347,0.16228110039161858,0.8787103281701987,0.008366782326858568,0.8953847571790101,0.008616724038426515,1.1549377620220185,0.4011820829885666,0.0,0.0
1.0,0.0,10,155014.3,254.292504368056,2.583409542317895,0.09262925398041444,0.060777745303295626,0.009266966967567576,0.899628159662825,0.15056456248667627,0.1063004988476279,0.019959805036166987,0.2527953591779461,0.07471326997529044,0.06251534658609022,0.03191885892364144,0.7914912789153191,0.004741973252954907,0.7535343740662962,0.008505050691496593,0.452890008687973,0.0,0.15684385391977157,0.6597730791001898
