beta,lambda_concentration,runs,pyvrp_cost_mean,pyvrp_cost_std,global_risk_mean,global_risk_std,global_cvar90_mean,global_cvar90_std,max_vehicle_risk_mean,max_vehicle_risk_std,max_vehicle_cvar90_mean,max_vehicle_cvar90_std,vehicle_risk_gini_mean,vehicle_risk_gini_std,risk_variance_mean,risk_variance_std,edge_burden_gini_used_mean,edge_burden_gini_used_std,top10_burden_share_mean,top10_burden_share_std,max_edge_burden_mean,max_edge_burden_std,cost_increase_pct,risk_reduction_pct
0.0,0.0,10,133997.5,0.7071067811865476,8.089351491721391,0.9573899113752499,0.18105515734240546,0.07423060078165866,2.691550923619616,0.5961523910816123,0.43691610835026956,0.1622194571096766,0.21896629478219704,0.07722549481637093,0.5018802146303634,0.35335848697809535,0.8789806545207997,0.011200228347237278,0.8941871825002659,0.01140501522542264,1.3999998331069947,0.5163977179349099,0.0,0.0
1.0,0.0,10,153768.7,224.15770737982172,2.70954481336139,0.16935677329578333,0.04694096556822762,0.004511522840049297,1.0709533450106392,0.24178597934648535,0.10237329243996798,0.010023034497908753,0.2972029756816212,0.09192260290613029,0.10746895932346692,0.06978297896161448,0.7709234684657919,0.010229650035870062,0.7391757973421655,0.013789809053912073,0.40674687922000885,0.015191582033081462,0.1475490214369672,0.6650479564233311
2.0,0.0,10,165207.1,322.3519298323909,2.5249762679644845,0.15758733178932116,0.04392629650908408,0.004963424193504335,0.917621023150241,0.12835796710904399,0.08473447888835586,0.019953983104002954,0.27061551677092677,0.054115923270995965,0.0700544836135237,0.02687959308063903,0.7573605754251749,0.010529819339562378,0.7182322334577708,0.01548325172557691,0.3945403128862381,0.005208455127317657,0.2329118080561205,0.6878641915177968
