{
  "pairs": "hazmat_risk_experiments\\outputs_10seed\\od_paths\\fixed_od_pairs_150.csv",
  "num_pairs": 150,
  "year": "data_2021",
  "k_paths": 50,
  "cvar_alpha": 0.9,
  "re_threshold": "p75",
  "sources": [
    {
      "risk_source": "EC1_d0p05_le0p05_seed0",
      "risk_dir": "hazmat_risk_experiments\\outputs_10seed\\stable_tail_ec_pretest_3seed\\risk_matrices\\stable_tail_ec_gnn_splitB_seed0_epochs50_EC1_d0p05_le0p05_floor_0p01",
      "largest_component_nodes": 4357,
      "largest_component_edges": 6650,
      "re_threshold": "p75",
      "re_threshold_value": 0.004412049427628517,
      "risk_diagnostics": {
        "edge_count": 6650,
        "zero_risk_edge_count": 231,
        "zero_risk_edge_ratio": 0.034736842105263156,
        "risk_min": 0.0,
        "risk_p25": 0.0010478863841854036,
        "risk_p50": 0.0021702147787436843,
        "risk_p75": 0.004412049427628517,
        "risk_p90": 0.007770613767206669,
        "risk_p95": 0.11029264517128444,
        "risk_p99": 0.4065044167637865,
        "risk_max": 0.7824059724807739,
        "edge_attribute_zero_ratio": 0.0,
        "S_i_norm_zero_or_near_zero_ratio": 0.0006885471654808355
      }
    },
    {
      "risk_source": "EC1_d0p05_le0p05_seed1",
      "risk_dir": "hazmat_risk_experiments\\outputs_10seed\\stable_tail_ec_pretest_3seed\\risk_matrices\\stable_tail_ec_gnn_splitB_seed1_epochs50_EC1_d0p05_le0p05_floor_0p01",
      "largest_component_nodes": 4357,
      "largest_component_edges": 6650,
      "re_threshold": "p75",
      "re_threshold_value": 0.005111054051667452,
      "risk_diagnostics": {
        "edge_count": 6650,
        "zero_risk_edge_count": 247,
        "zero_risk_edge_ratio": 0.037142857142857144,
        "risk_min": 0.0,
        "risk_p25": 0.0008292742422781885,
        "risk_p50": 0.0017459335504099727,
        "risk_p75": 0.005111054051667452,
        "risk_p90": 0.007468683645129204,
        "risk_p95": 0.0972414236515756,
        "risk_p99": 0.5210081148147596,
        "risk_max": 0.831147313117981,
        "edge_attribute_zero_ratio": 0.0,
        "S_i_norm_zero_or_near_zero_ratio": 0.0004590314436538903
      }
    },
    {
      "risk_source": "EC1_d0p05_le0p05_seed2",
      "risk_dir": "hazmat_risk_experiments\\outputs_10seed\\stable_tail_ec_pretest_3seed\\risk_matrices\\stable_tail_ec_gnn_splitB_seed2_epochs50_EC1_d0p05_le0p05_floor_0p01",
      "largest_component_nodes": 4357,
      "largest_component_edges": 6650,
      "re_threshold": "p75",
      "re_threshold_value": 0.004666683729737997,
      "risk_diagnostics": {
        "edge_count": 6650,
        "zero_risk_edge_count": 237,
        "zero_risk_edge_ratio": 0.0356390977443609,
        "risk_min": 0.0,
        "risk_p25": 0.0009422575240023434,
        "risk_p50": 0.0019645729335024953,
        "risk_p75": 0.004666683729737997,
        "risk_p90": 0.007487721275538206,
        "risk_p95": 0.10684113949537277,
        "risk_p99": 0.46433570533990964,
        "risk_max": 0.7936379313468933,
        "edge_attribute_zero_ratio": 0.0,
        "S_i_norm_zero_or_near_zero_ratio": 0.00022951572182694515
      }
    },
    {
      "risk_source": "EC2_d0p10_le0p05_seed0",
      "risk_dir": "hazmat_risk_experiments\\outputs_10seed\\stable_tail_ec_pretest_3seed\\risk_matrices\\stable_tail_ec_gnn_splitB_seed0_epochs50_EC2_d0p10_le0p05_floor_0p01",
      "largest_component_nodes": 4357,
      "largest_component_edges": 6650,
      "re_threshold": "p75",
      "re_threshold_value": 0.004414830356836319,
      "risk_diagnostics": {
        "edge_count": 6650,
        "zero_risk_edge_count": 362,
        "zero_risk_edge_ratio": 0.05443609022556391,
        "risk_min": 0.0,
        "risk_p25": 0.000950795307289809,
        "risk_p50": 0.002112017711624503,
        "risk_p75": 0.004414830356836319,
        "risk_p90": 0.007826370187103748,
        "risk_p95": 0.10665549002587794,
        "risk_p99": 0.41317147791385805,
        "risk_max": 0.7916064858436584,
        "edge_attribute_zero_ratio": 0.0,
        "S_i_norm_zero_or_near_zero_ratio": 0.0006885471654808355
      }
    },
    {
      "risk_source": "EC2_d0p10_le0p05_seed1",
      "risk_dir": "hazmat_risk_experiments\\outputs_10seed\\stable_tail_ec_pretest_3seed\\risk_matrices\\stable_tail_ec_gnn_splitB_seed1_epochs50_EC2_d0p10_le0p05_floor_0p01",
      "largest_component_nodes": 4357,
      "largest_component_edges": 6650,
      "re_threshold": "p75",
      "re_threshold_value": 0.005049997009336948,
      "risk_diagnostics": {
        "edge_count": 6650,
        "zero_risk_edge_count": 271,
        "zero_risk_edge_ratio": 0.04075187969924812,
        "risk_min": 0.0,
        "risk_p25": 0.0008455622009932995,
        "risk_p50": 0.0017775557353161275,
        "risk_p75": 0.005049997009336948,
        "risk_p90": 0.007055180612951517,
        "risk_p95": 0.09979116693138956,
        "risk_p99": 0.5076239109039307,
        "risk_max": 0.7843290567398071,
        "edge_attribute_zero_ratio": 0.0,
        "S_i_norm_zero_or_near_zero_ratio": 0.0004590314436538903
      }
    },
    {
      "risk_source": "EC2_d0p10_le0p05_seed2",
      "risk_dir": "hazmat_risk_experiments\\outputs_10seed\\stable_tail_ec_pretest_3seed\\risk_matrices\\stable_tail_ec_gnn_splitB_seed2_epochs50_EC2_d0p10_le0p05_floor_0p01",
      "largest_component_nodes": 4357,
      "largest_component_edges": 6650,
      "re_threshold": "p75",
      "re_threshold_value": 0.004657124634832144,
      "risk_diagnostics": {
        "edge_count": 6650,
        "zero_risk_edge_count": 314,
        "zero_risk_edge_ratio": 0.04721804511278196,
        "risk_min": 0.0,
        "risk_p25": 0.0009133414569078013,
        "risk_p50": 0.001950605830643326,
        "risk_p75": 0.004657124634832144,
        "risk_p90": 0.007191479206085205,
        "risk_p95": 0.10630175918340586,
        "risk_p99": 0.4576600533723867,
        "risk_max": 0.7683033347129822,
        "edge_attribute_zero_ratio": 0.0,
        "S_i_norm_zero_or_near_zero_ratio": 0.00022951572182694515
      }
    },
    {
      "risk_source": "EC3_d0p10_le0p10_seed0",
      "risk_dir": "hazmat_risk_experiments\\outputs_10seed\\stable_tail_ec_pretest_3seed\\risk_matrices\\stable_tail_ec_gnn_splitB_seed0_epochs50_EC3_d0p10_le0p10_floor_0p01",
      "largest_component_nodes": 4357,
      "largest_component_edges": 6650,
      "re_threshold": "p75",
      "re_threshold_value": 0.004380643833428621,
      "risk_diagnostics": {
        "edge_count": 6650,
        "zero_risk_edge_count": 472,
        "zero_risk_edge_ratio": 0.07097744360902256,
        "risk_min": 0.0,
        "risk_p25": 0.00086168572306633,
        "risk_p50": 0.00204003625549376,
        "risk_p75": 0.004380643833428621,
        "risk_p90": 0.00787381175905466,
        "risk_p95": 0.10275641568005044,
        "risk_p99": 0.4083231899142285,
        "risk_max": 0.7930771112442017,
        "edge_attribute_zero_ratio": 0.0,
        "S_i_norm_zero_or_near_zero_ratio": 0.0006885471654808355
      }
    },
    {
      "risk_source": "EC3_d0p10_le0p10_seed1",
      "risk_dir": "hazmat_risk_experiments\\outputs_10seed\\stable_tail_ec_pretest_3seed\\risk_matrices\\stable_tail_ec_gnn_splitB_seed1_epochs50_EC3_d0p10_le0p10_floor_0p01",
      "largest_component_nodes": 4357,
      "largest_component_edges": 6650,
      "re_threshold": "p75",
      "re_threshold_value": 0.004995599389076233,
      "risk_diagnostics": {
        "edge_count": 6650,
        "zero_risk_edge_count": 527,
        "zero_risk_edge_ratio": 0.07924812030075187,
        "risk_min": 0.0,
        "risk_p25": 0.0006692342576570809,
        "risk_p50": 0.0016385408816859126,
        "risk_p75": 0.004995599389076233,
        "risk_p90": 0.007035561837255955,
        "risk_p95": 0.0905705835670228,
        "risk_p99": 0.5044634938240051,