{
  "model": "ua_gnn",
  "split": "B",
  "seed": 1,
  "epochs": 50,
  "risk_mode": "exposure_floor",
  "exposure_delta": 0.01,
  "uncertainty_tau": 0.0,
  "experiment_tag": "ua_pretest_3seed",
  "alpha_ord": 0.3,
  "alpha_hr": 0.5,
  "alpha_topk": 0.1,
  "lambda_nll": 0.2,
  "lambda_var": 0.01,
  "metrics": {
    "data_2020_train": {
      "macro_f1": 0.489197242647169,
      "weighted_f1": 0.7326355194970771,
      "mae": 0.876362206805279,
      "qwk": 0.6397083778075934,
      "recall_6_8": 0.65,
      "precision_6_8": 0.7878787878787878,
      "pr_auc_high": 0.7843615106788545,
      "high_fn_rate": 0.35,
      "brier": 0.33115723729133606,
      "ece": 0.08472835334786935,
      "ordinal_nll": 0.6363144590785024,
      "uncertainty_mean": 1.2589274644851685,
      "correct_uncertainty": 1.2307008504867554,
      "error_uncertainty": 1.3578718900680542,
      "error_uncertainty_corr": 0.12834568019323567,
      "high_fn_uncertainty": 1.2772146463394165
    },
    "data_2021_train": {
      "macro_f1": 0.6104024043271234,
      "weighted_f1": 0.776219642820672,
      "mae": 0.7562302554087263,
      "qwk": 0.7092905498376356,
      "recall_6_8": 0.72,
      "precision_6_8": 0.8181818181818182,
      "pr_auc_high": 0.8911084592666745,
      "high_fn_rate": 0.28,
      "brier": 0.26767057180404663,
      "ece": 0.11360043260306793,
      "ordinal_nll": 0.5331368239802562,
      "uncertainty_mean": 1.2306623458862305,
      "correct_uncertainty": 1.2139718532562256,
      "error_uncertainty": 1.3039379119873047,
      "error_uncertainty_corr": 0.08683888925394916,
      "high_fn_uncertainty": 1.2023671865463257
    },
    "data_2021_test": {
      "macro_f1": 0.2452924027826435,
      "weighted_f1": 0.6027774809492442,
      "mae": 1.3554814730485623,
      "qwk": 0.24327789767678054,
      "recall_6_8": 0.19230769230769232,
      "precision_6_8": 0.5,
      "pr_auc_high": 0.3216072422573186,
      "high_fn_rate": 0.8076923076923077,
      "brier": 0.5060563683509827,
      "ece": 0.09741647326731465,
      "ordinal_nll": 1.463394692616072,
      "uncertainty_mean": 1.261582374572754,
      "correct_uncertainty": 1.2141711711883545,
      "error_uncertainty": 1.3564050197601318,
      "error_uncertainty_corr": 0.16569775482690408,
      "high_fn_uncertainty": 1.3690599203109741
    }
  },
  "split_sizes": {
    "data_2020": {
      "train": 419,
      "val": 0,
      "test": 0
    },
    "data_2021": {
      "train": 221,
      "val": 0,
      "test": 222
    }
  },
  "risk_summaries": {
    "data_2020": {
      "edge_count": 6603,
      "risk_min": 0.0,
      "risk_max": 0.8640464544296265,
      "risk_mean": 0.020401008427143097,
      "risk_p25": 0.0011686623329296708,
      "risk_p50": 0.0021055019460618496,
      "risk_p75": 0.003631638828665018,
      "risk_p90": 0.00837763398885727,
      "risk_p95": 0.12484361976385117,
      "risk_p99": 0.4263330399990082,
      "zero_risk_edge_count": 8,
      "zero_risk_edge_ratio": 0.0012115704982583674,
      "edge_attribute_zero_ratio": 0.928365894290474,
      "matrix_5x8": [
        [
          6,
          459,
          525,
          183,
          33,
          38,
          59,
          18
        ],
        [
          0,
          489,
          458,
          121,
          76,
          46,
          63,
          68
        ],
        [
          0,
          423,
          455,
          211,
          86,
          44,
          73,
          28
        ],
        [
          2,
          429,
          475,
          167,
          85,
          48,
          96,
          19
        ],
        [
          0,
          382,
          507,
          194,
          58,
          60,
          90,
          29
        ]
      ]
    },
    "data_2021": {
      "edge_count": 7647,
      "risk_min": 0.0,
      "risk_max": 0.8696877360343933,
      "risk_mean": 0.017647990956902504,
      "risk_p25": 0.0012335240608081222,
      "risk_p50": 0.0020274866838008165,
      "risk_p75": 0.003508129622787237,
      "risk_p90": 0.008162037469446659,
      "risk_p95": 0.1002066433429718,
      "risk_p99": 0.4029221534729004,
      "zero_risk_edge_count": 10,
      "zero_risk_edge_ratio": 0.0013077023669412842,
      "edge_attribute_zero_ratio": 0.9314763959722767,
      "matrix_5x8": [
        [
          1,
          574,
          676,
          167,
          33,
          28,
          46,
          5
        ],
        [
          3,
          563,
          496,
          190,
          109,
          53,
          69,
          46
        ],
        [
          1,
          449,
          600,
          233,
          106,
          45,
          68,
          28
        ],
        [
          2,
          495,
          555,
          216,
          144,
          41,
          64,
          12
        ],
        [
          3,
          435,
          608,
          220,
          78,
          61,
          103,
          21
        ]
      ]
    }
  }
}