beta,lambda_concentration,runs,pyvrp_cost_mean,pyvrp_cost_std,global_risk_mean,global_risk_std,global_cvar90_mean,global_cvar90_std,max_vehicle_risk_mean,max_vehicle_risk_std,max_vehicle_cvar90_mean,max_vehicle_cvar90_std,vehicle_risk_gini_mean,vehicle_risk_gini_std,risk_variance_mean,risk_variance_std,edge_burden_gini_used_mean,edge_burden_gini_used_std,top10_burden_share_mean,top10_burden_share_std,max_edge_burden_mean,max_edge_burden_std,cost_increase_pct,risk_reduction_pct
0.0,0.0,10,146730.9,582.7275807213293,9.851676448163309,0.670162563315731,0.2870401155846941,0.03436066351474317,3.1855094188613293,0.23746199875536872,0.44519449765838326,0.04892691626189442,0.2045092381657248,0.03167275701529877,0.5791126055526343,0.15403795050230634,0.8794580308680595,0.005400951742171285,0.9068704568750261,0.007651672402997653,1.2724508047103882,0.23755599026297097,0.0,0.0
2.0,2.0,10,223633.7,360.0543323197517,2.9742789118502175,0.024821718753419427,0.0658407046145445,0.0011176018219121126,1.1072250044162502,0.0707810842985729,0.10451070708222687,0.006274002435477538,0.3327799898387019,0.03903905248297726,0.13084954304427893,0.03740792313559615,0.7947635512083326,0.003949765787414618,0.7411800672805401,0.004687439810049999,0.6248788237571716,0.0,0.5241077373613876,0.6980941337750263
