{
  "model": "weighted_gcn",
  "split": "B",
  "seed": 3,
  "epochs": 50,
  "risk_mode": "exposure_floor",
  "exposure_delta": 0.01,
  "experiment_tag": "10seed",
  "alpha_ord": 0.5,
  "alpha_hr": 1.0,
  "alpha_topk": 0.3,
  "metrics": {
    "data_2020_train": {
      "macro_f1": 0.5891998427634645,
      "weighted_f1": 0.74986828880734,
      "mae": 1.172968116291193,
      "qwk": 0.6867447897440336,
      "recall_6_8": 0.725,
      "precision_6_8": 0.7435897435897436,
      "pr_auc_high": 0.846415494483476,
      "high_fn_rate": 0.275
    },
    "data_2021_train": {
      "macro_f1": 0.6895302772101334,
      "weighted_f1": 0.8132876630093337,
      "mae": 0.9442913462967736,
      "qwk": 0.8333233296189106,
      "recall_6_8": 0.84,
      "precision_6_8": 0.875,
      "pr_auc_high": 0.9256340404570296,
      "high_fn_rate": 0.16
    },
    "data_2021_test": {
      "macro_f1": 0.30246390624448444,
      "weighted_f1": 0.6006219075159029,
      "mae": 1.6103951704574442,
      "qwk": 0.1629800146489485,
      "recall_6_8": 0.038461538461538464,
      "precision_6_8": 0.16666666666666666,
      "pr_auc_high": 0.224447945646907,
      "high_fn_rate": 0.9615384615384616
    }
  },
  "split_sizes": {
    "data_2020": {
      "train": 419,
      "val": 0,
      "test": 0
    },
    "data_2021": {
      "train": 221,
      "val": 0,
      "test": 222
    }
  },
  "risk_summaries": {
    "data_2020": {
      "edge_count": 6603,
      "risk_min": 3.1156200748228002e-06,
      "risk_max": 0.8829408288002014,
      "risk_mean": 0.021037138998508453,
      "risk_p25": 0.002764478325843811,
      "risk_p50": 0.0036612499970942736,
      "risk_p75": 0.00476260157302022,
      "risk_p90": 0.008570718578994274,
      "risk_p95": 0.10454118251800537,
      "risk_p99": 0.4328213036060333,
      "zero_risk_edge_count": 0,
      "zero_risk_edge_ratio": 0.0,
      "edge_attribute_zero_ratio": 0.928365894290474,
      "matrix_5x8": [
        [
          0,
          83,
          244,
          667,
          219,
          20,
          75,
          13
        ],
        [
          0,
          113,
          314,
          468,
          204,
          55,
          160,
          7
        ],
        [
          0,
          97,
          283,
          570,
          184,
          100,
          83,
          3
        ],
        [
          0,
          95,
          284,
          585,
          178,
          48,
          103,
          28
        ],
        [
          0,
          169,
          353,
          483,
          131,
          49,
          124,
          11
        ]
      ]
    },
    "data_2021": {
      "edge_count": 7647,
      "risk_min": 3.184590724458758e-08,
      "risk_max": 0.8571307063102722,
      "risk_mean": 0.01732950285077095,
      "risk_p25": 0.0026853145100176334,
      "risk_p50": 0.0036212499253451824,
      "risk_p75": 0.00460012024268508,
      "risk_p90": 0.008504134602844715,
      "risk_p95": 0.09058616310358047,
      "risk_p99": 0.4019721746444702,
      "zero_risk_edge_count": 0,
      "zero_risk_edge_ratio": 0.0,
      "edge_attribute_zero_ratio": 0.9314763959722767,
      "matrix_5x8": [
        [
          0,
          95,
          326,
          752,
          278,
          13,
          65,
          1
        ],
        [
          0,
          123,
          404,
          559,
          272,
          39,
          130,
          2
        ],
        [
          0,
          106,
          415,
          636,
          225,
          55,
          93,
          0
        ],
        [
          0,
          95,
          376,
          645,
          260,
          67,
          73,
          13
        ],
        [
          0,
          188,
          443,
          585,
          169,
          30,
          111,
          3
        ]
      ]
    }
  }
}