{
  "model": "stable_tail_rc_gnn",
  "source_model": "gcn_teg_concat",
  "seed": 5,
  "delta": 0.05,
  "risk_mode": "exposure_floor",
  "exposure_delta": 0.01,
  "posthoc_formula": "clip(S_i_norm + delta * P_high * (1 - S_i_norm), 0, 1)",
  "risk_summaries": {
    "data_2020": {
      "edge_count": 6603,
      "risk_min": 3.8799564924112515e-22,
      "risk_max": 0.8657404052130986,
      "risk_mean": 0.017910117278972338,
      "risk_p25": 0.0006194967579715275,
      "risk_p50": 0.0015693534604370805,
      "risk_p75": 0.003339178694581919,
      "risk_p90": 0.008381586633451154,
      "risk_p95": 0.07294237116226697,
      "risk_p99": 0.42377016938411893,
      "zero_risk_edge_count": 2,
      "zero_risk_edge_ratio": 0.00030289262456459186,
      "edge_attribute_zero_ratio": 0.928365894290474,
      "matrix_5x8": [
        [
          1,
          679,
          379,
          136,
          32,
          18,
          74,
          2
        ],
        [
          0,
          644,
          325,
          113,
          71,
          25,
          142,
          1
        ],
        [
          0,
          638,
          343,
          121,
          74,
          53,
          77,
          14
        ],
        [
          0,
          694,
          292,
          128,
          62,
          35,
          102,
          8
        ],
        [
          1,
          647,
          348,
          117,
          49,
          31,
          114,
          13
        ]
      ]
    },
    "data_2021": {
      "edge_count": 7647,
      "risk_min": 2.6807093991887896e-19,
      "risk_max": 0.8652072064096492,
      "risk_mean": 0.013926716269522733,
      "risk_p25": 0.0006232075908974502,
      "risk_p50": 0.0015287772348884145,
      "risk_p75": 0.0031315911884713505,
      "risk_p90": 0.007496691487842799,
      "risk_p95": 0.05797445193807249,
      "risk_p99": 0.37858292502334806,
      "zero_risk_edge_count": 2,
      "zero_risk_edge_ratio": 0.0002615404733882568,
      "edge_attribute_zero_ratio": 0.9314763959722767,
      "matrix_5x8": [
        [
          1,
          835,
          451,
          101,
          73,
          19,
          48,
          2
        ],
        [
          1,
          798,
          360,
          165,
          116,
          32,
          54,
          3
        ],
        [
          0,
          776,
          398,
          174,
          84,
          34,
          50,
          14
        ],
        [
          0,
          790,
          358,
          178,
          81,
          56,
          52,
          14
        ],
        [
          0,
          706,
          502,
          113,
          84,
          28,
          89,
          7
        ]
      ]
    }
  }
}