{
  "model": "weighted_gcn",
  "split": "B",
  "seed": 5,
  "epochs": 50,
  "risk_mode": "exposure_floor",
  "exposure_delta": 0.01,
  "experiment_tag": "10seed",
  "alpha_ord": 0.5,
  "alpha_hr": 1.0,
  "alpha_topk": 0.3,
  "metrics": {
    "data_2020_train": {
      "macro_f1": 0.5995909245018941,
      "weighted_f1": 0.7643602055949569,
      "mae": 1.2001377985268191,
      "qwk": 0.7062010155958427,
      "recall_6_8": 0.825,
      "precision_6_8": 0.6875,
      "pr_auc_high": 0.8691832632878853,
      "high_fn_rate": 0.175
    },
    "data_2021_train": {
      "macro_f1": 0.7363095238095239,
      "weighted_f1": 0.8114845938375349,
      "mae": 1.0882750023977437,
      "qwk": 0.7268715735292146,
      "recall_6_8": 0.76,
      "precision_6_8": 0.8636363636363636,
      "pr_auc_high": 0.8870189374402189,
      "high_fn_rate": 0.24
    },
    "data_2021_test": {
      "macro_f1": 0.2947840203274986,
      "weighted_f1": 0.6032996576474837,
      "mae": 1.47373183624449,
      "qwk": 0.4391740076322266,
      "recall_6_8": 0.38461538461538464,
      "precision_6_8": 0.5882352941176471,
      "pr_auc_high": 0.4652870644539444,
      "high_fn_rate": 0.6153846153846154
    }
  },
  "split_sizes": {
    "data_2020": {
      "train": 419,
      "val": 0,
      "test": 0
    },
    "data_2021": {
      "train": 221,
      "val": 0,
      "test": 222
    }
  },
  "risk_summaries": {
    "data_2020": {
      "edge_count": 6603,
      "risk_min": 3.054806074942462e-05,
      "risk_max": 0.9102105498313904,
      "risk_mean": 0.019700536504387856,
      "risk_p25": 0.0027387267909944057,
      "risk_p50": 0.0036654132418334484,
      "risk_p75": 0.004572404082864523,
      "risk_p90": 0.008563376031816006,
      "risk_p95": 0.09225106984376907,
      "risk_p99": 0.43157023191452026,
      "zero_risk_edge_count": 0,
      "zero_risk_edge_ratio": 0.0,
      "edge_attribute_zero_ratio": 0.928365894290474,
      "matrix_5x8": [
        [
          0,
          81,
          207,
          712,
          219,
          14,
          64,
          24
        ],
        [
          0,
          112,
          339,
          500,
          158,
          59,
          79,
          74
        ],
        [
          0,
          115,
          314,
          554,
          194,
          60,
          54,
          29
        ],
        [
          0,
          118,
          294,
          570,
          177,
          39,
          74,
          49
        ],
        [
          0,
          192,
          291,
          492,
          192,
          26,
          96,
          31
        ]
      ]
    },
    "data_2021": {
      "edge_count": 7647,
      "risk_min": 6.811959440966575e-09,
      "risk_max": 0.8556246161460876,
      "risk_mean": 0.015463844873011112,
      "risk_p25": 0.002684294246137142,
      "risk_p50": 0.0036231118720024824,
      "risk_p75": 0.004394351504743099,
      "risk_p90": 0.007409457582980394,
      "risk_p95": 0.07027892023324966,
      "risk_p99": 0.33958709239959717,
      "zero_risk_edge_count": 0,
      "zero_risk_edge_ratio": 0.0,
      "edge_attribute_zero_ratio": 0.9314763959722767,
      "matrix_5x8": [
        [
          0,
          72,
          256,
          804,
          314,
          28,
          53,
          3
        ],
        [
          0,
          146,
          416,
          641,
          175,
          82,
          68,
          1
        ],
        [
          0,
          143,
          409,
          657,
          196,
          70,
          54,
          1
        ],
        [
          0,
          103,
          407,
          682,
          203,
          67,
          52,
          15
        ],
        [
          0,
          238,
          423,
          544,
          177,
          69,
          74,
          4
        ]
      ]
    }
  }
}