beta,lambda_concentration,runs,pyvrp_cost_mean,pyvrp_cost_std,global_risk_mean,global_risk_std,global_cvar90_mean,global_cvar90_std,max_vehicle_risk_mean,max_vehicle_risk_std,max_vehicle_cvar90_mean,max_vehicle_cvar90_std,vehicle_risk_gini_mean,vehicle_risk_gini_std,risk_variance_mean,risk_variance_std,edge_burden_gini_used_mean,edge_burden_gini_used_std,top10_burden_share_mean,top10_burden_share_std,max_edge_burden_mean,max_edge_burden_std,cost_increase_pct,risk_reduction_pct
0.0,0.0,10,146730.9,582.7275807213293,7.84991456046555,0.6008538817181819,0.2354205681096082,0.031628767282165834,2.458468013086531,0.4218944190480361,0.38168074515781236,0.09583919536234349,0.19316481730869506,0.043455098700023995,0.3460961401435671,0.15887408333150596,0.8290275804787466,0.008874759402325821,0.8614408015178663,0.010924310923393582,1.0212348222732544,0.3580727327964335,0.0,0.0
1.0,0.0,10,177595.1,547.1661234640416,3.6425747100438457,0.34916340044921523,0.08389375429465286,0.010994972038282973,1.0451243072981016,0.13036056400536133,0.11447885408302738,0.03039464850453085,0.20004423340578142,0.03539223583957517,0.0759090814390878,0.032319311407467764,0.7194882379527736,0.02496136404710804,0.7203573105971682,0.02880090557453876,0.4685574322938919,0.06728247967993538,0.21034560545870035,0.5359726934622389
