beta,lambda_concentration,runs,pyvrp_cost_mean,pyvrp_cost_std,global_risk_mean,global_risk_std,global_cvar90_mean,global_cvar90_std,max_vehicle_risk_mean,max_vehicle_risk_std,max_vehicle_cvar90_mean,max_vehicle_cvar90_std,vehicle_risk_gini_mean,vehicle_risk_gini_std,risk_variance_mean,risk_variance_std,edge_burden_gini_used_mean,edge_burden_gini_used_std,top10_burden_share_mean,top10_burden_share_std,max_edge_burden_mean,max_edge_burden_std,cost_increase_pct,risk_reduction_pct
0.0,0.0,10,146730.9,582.7275807213293,8.33954840786464,0.6049754119747114,0.24207582038796754,0.035402168874909185,2.653866449708585,0.3573036364814367,0.3951640940847851,0.08241391795633139,0.2077853786480799,0.03444365873008335,0.42426720617745517,0.1617592093776094,0.8365475482046684,0.008420447767825225,0.8659729095036562,0.010713784327163562,1.0263688802719115,0.3606292645751,0.0,0.0
1.0,0.0,10,176146.6,314.4558615909217,3.9525155242707113,0.18976959722783007,0.07807645913592991,0.004980447692013984,1.1669584981282242,0.17765763680987792,0.136840466694862,0.021722760127748146,0.19146030225685717,0.053236805252357154,0.08202245011665024,0.04717091100777644,0.7375286003789941,0.00967653015904181,0.7387556482826864,0.013007588223670095,0.5046625137329102,0.011256598481113659,0.20047379250042094,0.5260516120340757
1.0,1.0,10,189703.5,344.7499093545929,3.0925202515616546,0.09691646900057174,0.057967584639614975,0.003661458131292026,1.0706903316255194,0.07443566649844531,0.11527744783421179,0.00018803300682776515,0.25712872929334984,0.03647991100056173,0.08603909980527366,0.03019613702449476,0.6847597357660484,0.00960286089542721,0.6694893413998211,0.011568976675793922,0.47618532180786133,0.011256598481113659,0.29286673768102023,0.6291741350591752
