beta,lambda_concentration,runs,pyvrp_cost_mean,pyvrp_cost_std,global_risk_mean,global_risk_std,global_cvar90_mean,global_cvar90_std,max_vehicle_risk_mean,max_vehicle_risk_std,max_vehicle_cvar90_mean,max_vehicle_cvar90_std,vehicle_risk_gini_mean,vehicle_risk_gini_std,risk_variance_mean,risk_variance_std,edge_burden_gini_used_mean,edge_burden_gini_used_std,top10_burden_share_mean,top10_burden_share_std,max_edge_burden_mean,max_edge_burden_std,cost_increase_pct,risk_reduction_pct
0.0,0.0,3,146220.66666666666,383.9379290111011,9.083313849616388,0.8760619628461671,0.279368888945898,0.04170762102317479,3.231489478270911,0.15428552788330555,0.5194407425820827,0.024174651121074902,0.267808795406041,0.014782740024148082,0.823601773000949,0.04877742341779607,0.8769042887188112,0.006013730201818512,0.9039150484070992,0.007175948452250353,1.1772757371266682,0.48197555209668475,0.0,0.0
1.0,0.0,3,175743.66666666666,621.5756859251602,3.891275599171751,0.1528027783251726,0.10145772211053357,0.003284302772112955,1.2492257230430066,0.017158067676393565,0.15084413314859071,0.0031540254151246035,0.23938529723836077,0.024132681551476822,0.11972614218923801,0.02554183915153049,0.8230936813297834,0.0035358254968778334,0.8000167248490663,0.007576050343467677,0.6013802886009216,0.0,0.2019071631461125,0.5716017674170026
