{
  "pairs": "D:\\PyVRP-main\\hazmat_risk_experiments\\outputs_10seed\\od_paths\\fixed_od_pairs_150.csv",
  "num_pairs": 150,
  "year": "data_2021",
  "k_paths": 50,
  "cvar_alpha": 0.9,
  "re_threshold": "p75",
  "sources": [
    {
      "risk_source": "Stable-Tail-MatrixEns-r020_seed0",
      "risk_dir": "D:\\PyVRP-main\\hazmat_risk_experiments\\outputs_10seed\\risk_matrices\\stable_tail_matrix_ensemble_rho020_splitB_seed0_floor_0p01",
      "largest_component_nodes": 4357,
      "largest_component_edges": 6650,
      "re_threshold": "p75",
      "re_threshold_value": 0.0029919228982180357,
      "risk_diagnostics": {
        "edge_count": 6650,
        "zero_risk_edge_count": 1,
        "zero_risk_edge_ratio": 0.00015037593984962405,
        "risk_min": 0.0,
        "risk_p25": 0.0005608348874375224,
        "risk_p50": 0.0013597446959465742,
        "risk_p75": 0.0029919228982180357,
        "risk_p90": 0.00688211340457201,
        "risk_p95": 0.05783841758966446,
        "risk_p99": 0.33717048168182373,
        "risk_max": 0.7051088213920593,
        "edge_attribute_zero_ratio": 0.0,
        "S_i_norm_zero_or_near_zero_ratio": 0.005278861602019738
      }
    },
    {
      "risk_source": "Stable-Tail-MatrixEns-r020_seed1",
      "risk_dir": "D:\\PyVRP-main\\hazmat_risk_experiments\\outputs_10seed\\risk_matrices\\stable_tail_matrix_ensemble_rho020_splitB_seed1_floor_0p01",
      "largest_component_nodes": 4357,
      "largest_component_edges": 6650,
      "re_threshold": "p75",
      "re_threshold_value": 0.0037580400239676237,
      "risk_diagnostics": {
        "edge_count": 6650,
        "zero_risk_edge_count": 0,
        "zero_risk_edge_ratio": 0.0,
        "risk_min": 9.53674250681047e-10,
        "risk_p25": 0.0008112701470963657,
        "risk_p50": 0.0015210519777610898,
        "risk_p75": 0.0037580400239676237,
        "risk_p90": 0.006865327246487141,
        "risk_p95": 0.06741516515612522,
        "risk_p99": 0.3560330867767334,
        "risk_max": 0.7142314314842224,
        "edge_attribute_zero_ratio": 0.0,
        "S_i_norm_zero_or_near_zero_ratio": 0.0006885471654808355
      }
    },
    {
      "risk_source": "Stable-Tail-MatrixEns-r020_seed2",
      "risk_dir": "D:\\PyVRP-main\\hazmat_risk_experiments\\outputs_10seed\\risk_matrices\\stable_tail_matrix_ensemble_rho020_splitB_seed2_floor_0p01",
      "largest_component_nodes": 4357,
      "largest_component_edges": 6650,
      "re_threshold": "p75",
      "re_threshold_value": 0.0034194886684417725,
      "risk_diagnostics": {
        "edge_count": 6650,
        "zero_risk_edge_count": 0,
        "zero_risk_edge_ratio": 0.0,
        "risk_min": 2.474103553140594e-07,
        "risk_p25": 0.0008020749082788825,
        "risk_p50": 0.0015598433092236519,
        "risk_p75": 0.0034194886684417725,
        "risk_p90": 0.006737797055393457,
        "risk_p95": 0.06305259279906737,
        "risk_p99": 0.34654635190963745,
        "risk_max": 0.7703031897544861,
        "edge_attribute_zero_ratio": 0.0,
        "S_i_norm_zero_or_near_zero_ratio": 0.0004590314436538903
      }
    },
    {
      "risk_source": "Stable-Tail-MatrixEns-r020_seed3",
      "risk_dir": "D:\\PyVRP-main\\hazmat_risk_experiments\\outputs_10seed\\risk_matrices\\stable_tail_matrix_ensemble_rho020_splitB_seed3_floor_0p01",
      "largest_component_nodes": 4357,
      "largest_component_edges": 6650,
      "re_threshold": "p75",
      "re_threshold_value": 0.0027799380477517843,
      "risk_diagnostics": {
        "edge_count": 6650,
        "zero_risk_edge_count": 0,
        "zero_risk_edge_ratio": 0.0,
        "risk_min": 4.100799344541883e-08,
        "risk_p25": 0.0006755036738468334,
        "risk_p50": 0.001350601203739643,
        "risk_p75": 0.0027799380477517843,
        "risk_p90": 0.006368018267676237,
        "risk_p95": 0.056675886176526476,
        "risk_p99": 0.3199513450264944,
        "risk_max": 0.6990745663642883,
        "edge_attribute_zero_ratio": 0.0,
        "S_i_norm_zero_or_near_zero_ratio": 0.0009180628873077806
      }
    },
    {
      "risk_source": "Stable-Tail-MatrixEns-r020_seed4",
      "risk_dir": "D:\\PyVRP-main\\hazmat_risk_experiments\\outputs_10seed\\risk_matrices\\stable_tail_matrix_ensemble_rho020_splitB_seed4_floor_0p01",
      "largest_component_nodes": 4357,
      "largest_component_edges": 6650,
      "re_threshold": "p75",
      "re_threshold_value": 0.0031166300177574158,
      "risk_diagnostics": {
        "edge_count": 6650,
        "zero_risk_edge_count": 0,
        "zero_risk_edge_ratio": 0.0,
        "risk_min": 6.811959329944273e-10,
        "risk_p25": 0.0008380427025258541,
        "risk_p50": 0.0016140742227435112,
        "risk_p75": 0.0031166300177574158,
        "risk_p90": 0.006923136301338673,
        "risk_p95": 0.05721656233072281,
        "risk_p99": 0.3565882444381714,
        "risk_max": 0.7358382940292358,
        "edge_attribute_zero_ratio": 0.0,
        "S_i_norm_zero_or_near_zero_ratio": 0.0009180628873077806
      }
    },
    {
      "risk_source": "Stable-Tail-MatrixEns-r020_seed5",
      "risk_dir": "D:\\PyVRP-main\\hazmat_risk_experiments\\outputs_10seed\\risk_matrices\\stable_tail_matrix_ensemble_rho020_splitB_seed5_floor_0p01",
      "largest_component_nodes": 4357,
      "largest_component_edges": 6650,
      "re_threshold": "p75",
      "re_threshold_value": 0.0030533871613442898,
      "risk_diagnostics": {
        "edge_count": 6650,
        "zero_risk_edge_count": 0,
        "zero_risk_edge_ratio": 0.0,
        "risk_min": 1.1444091896350983e-08,
        "risk_p25": 0.0006595137529075146,
        "risk_p50": 0.0012927886564284563,
        "risk_p75": 0.0030533871613442898,
        "risk_p90": 0.0065280296839773655,
        "risk_p95": 0.05622417852282524,
        "risk_p99": 0.33896218866109984,
        "risk_max": 0.7073138356208801,
        "edge_attribute_zero_ratio": 0.0,
        "S_i_norm_zero_or_near_zero_ratio": 0.0006885471654808355
      }
    },
    {
      "risk_source": "Stable-Tail-MatrixEns-r020_seed6",
      "risk_dir": "D:\\PyVRP-main\\hazmat_risk_experiments\\outputs_10seed\\risk_matrices\\stable_tail_matrix_ensemble_rho020_splitB_seed6_floor_0p01",
      "largest_component_nodes": 4357,
      "largest_component_edges": 6650,
      "re_threshold": "p75",
      "re_threshold_value": 0.003511094255372882,
      "risk_diagnostics": {
        "edge_count": 6650,
        "zero_risk_edge_count": 0,
        "zero_risk_edge_ratio": 0.0,
        "risk_min": 2.0435877434721306e-09,
        "risk_p25": 0.0010243720607832074,
        "risk_p50": 0.001716064172796905,
        "risk_p75": 0.003511094255372882,
        "risk_p90": 0.006017795763909817,
        "risk_p95": 0.0679854925721883,
        "risk_p99": 0.3509228527545929,
        "risk_max": 0.6950587630271912,
        "edge_attribute_zero_ratio": 0.0,
        "S_i_norm_zero_or_near_zero_ratio": 0.0009180628873077806
      }
    },
    {
      "risk_source": "Stable-Tail-MatrixEns-r020_seed7",
      "risk_dir": "D:\\PyVRP-main\\hazmat_risk_experiments\\outputs_10seed\\risk_matrices\\stable_tail_matrix_ensemble_rho020_splitB_seed7_floor_0p01",
      "largest_component_nodes": 4357,
      "largest_component_edges": 6650,
      "re_threshold": "p75",
      "re_threshold_value": 0.003931510727852583,
      "risk_diagnostics": {
        "edge_count": 6650,
        "zero_risk_edge_count": 0,
        "zero_risk_edge_ratio": 0.0,
        "risk_min": 2.6157923826986007e-08,
        "risk_p25": 0.0006494532426586375,
        "risk_p50": 0.0014821334043517709,
        "risk_p75": 0.003931510727852583,
        "risk_p90": 0.006932360585778952,
        "risk_p95": 0.05750774219632149,
        "risk_p99": 0.3541913628578186,
        "risk_max": 0.7069792747497559,
        "edge_attribute_zero_ratio": 0.0,
        "S_i_norm_zero_or_near_zero_ratio": 0.001606610052788616
      }
    },
    {
      "risk_source": "Stable-Tail-MatrixEns-r020_seed8",