beta,lambda_concentration,runs,pyvrp_cost_mean,pyvrp_cost_std,global_risk_mean,global_risk_std,global_cvar90_mean,global_cvar90_std,max_vehicle_risk_mean,max_vehicle_risk_std,max_vehicle_cvar90_mean,max_vehicle_cvar90_std,vehicle_risk_gini_mean,vehicle_risk_gini_std,risk_variance_mean,risk_variance_std,edge_burden_gini_used_mean,edge_burden_gini_used_std,top10_burden_share_mean,top10_burden_share_std,max_edge_burden_mean,max_edge_burden_std,cost_increase_pct,risk_reduction_pct
0.0,0.0,10,146730.9,582.7275807213293,6.883367037037533,0.618991611251158,0.20433968068962574,0.03999315593310428,2.3700415312756378,0.479582041420534,0.38405764880723187,0.10547323544705978,0.22613660268990343,0.0489574526720078,0.3847081140962357,0.20982196958068078,0.8730104051230828,0.007063301822892272,0.8891930489823541,0.008431702065955771,1.0272974252700806,0.360955522031119,0.0,0.0
1.5,1.0,10,193472.0,311.4842603478456,2.0642702885656035,0.07713296130714661,0.03829883333120523,0.0036139343964906967,0.8682957905373769,0.004056080119496296,0.08697771991765689,0.008945681181208066,0.31028288184474373,0.010594166917030799,0.06146978692194904,0.001782790192885712,0.74801843203558,0.010668265233335575,0.6903982868436085,0.014338650432868057,0.5730152726173401,0.0,0.3185498078455186,0.7001074797466089
