beta,lambda_concentration,runs,pyvrp_cost_mean,pyvrp_cost_std,global_risk_mean,global_risk_std,global_cvar90_mean,global_cvar90_std,max_vehicle_risk_mean,max_vehicle_risk_std,max_vehicle_cvar90_mean,max_vehicle_cvar90_std,vehicle_risk_gini_mean,vehicle_risk_gini_std,risk_variance_mean,risk_variance_std,edge_burden_gini_used_mean,edge_burden_gini_used_std,top10_burden_share_mean,top10_burden_share_std,max_edge_burden_mean,max_edge_burden_std,cost_increase_pct,risk_reduction_pct
0.0,0.0,10,146730.9,582.7275807213293,9.938070219099966,0.6457227573620858,0.3050596180735645,0.03396355995395871,3.4098972693522227,0.35990918437679664,0.48372491702703496,0.05305344540557632,0.2503891781812558,0.03578103105600466,0.8832600818635299,0.24800195745434178,0.878130857328711,0.005152010411042451,0.9098019468286364,0.008104899967687158,1.069527554512024,0.336321726999343,0.0,0.0
2.0,2.0,10,232932.8,496.7270209414154,3.4464004629269196,0.02524075735605502,0.07047722074797867,0.009740434494349021,2.008042453895905,0.14192282234963963,0.16544346439868512,0.004193244487557972,0.4739399586795023,0.03695031585543119,0.46702894260138683,0.07885084477124878,0.8186089793516004,0.00456030555596163,0.7780586329398925,0.0047891950424759034,0.9099961519241333,0.0,0.5874829364503319,0.6532123051109118
