{
  "pairs": "D:\\PyVRP-main\\hazmat_risk_experiments\\outputs_10seed\\od_paths\\fixed_od_pairs_150.csv",
  "num_pairs": 150,
  "year": "data_2021",
  "k_paths": 50,
  "cvar_alpha": 0.9,
  "re_threshold": "p75",
  "sources": [
    {
      "risk_source": "Stable-Tail-MatrixEnsRaw-r040_seed0",
      "risk_dir": "D:\\PyVRP-main\\hazmat_risk_experiments\\outputs_10seed\\risk_matrices\\stable_tail_matrix_ens_raw_r040_splitB_seed0_floor_0p01",
      "largest_component_nodes": 4357,
      "largest_component_edges": 6650,
      "re_threshold": "p75",
      "re_threshold_value": 0.0022439422318711877,
      "risk_diagnostics": {
        "edge_count": 6650,
        "zero_risk_edge_count": 1,
        "zero_risk_edge_ratio": 0.00015037593984962405,
        "risk_min": 0.0,
        "risk_p25": 0.00042062613647431135,
        "risk_p50": 0.0010198085801675916,
        "risk_p75": 0.0022439422318711877,
        "risk_p90": 0.005161584820598364,
        "risk_p95": 0.04524711519479743,
        "risk_p99": 0.2676815092563629,
        "risk_max": 0.5710487961769104,
        "edge_attribute_zero_ratio": 0.0,
        "S_i_norm_zero_or_near_zero_ratio": 0.005278861602019738
      }
    },
    {
      "risk_source": "Stable-Tail-MatrixEnsRaw-r040_seed1",
      "risk_dir": "D:\\PyVRP-main\\hazmat_risk_experiments\\outputs_10seed\\risk_matrices\\stable_tail_matrix_ens_raw_r040_splitB_seed1_floor_0p01",
      "largest_component_nodes": 4357,
      "largest_component_edges": 6650,
      "re_threshold": "p75",
      "re_threshold_value": 0.002818529959768057,
      "risk_diagnostics": {
        "edge_count": 6650,
        "zero_risk_edge_count": 0,
        "zero_risk_edge_ratio": 0.0,
        "risk_min": 7.152557435219364e-10,
        "risk_p25": 0.000608452595770359,
        "risk_p50": 0.001140788954216987,
        "risk_p75": 0.002818529959768057,
        "risk_p90": 0.005148995202034712,
        "risk_p95": 0.051930620521306224,
        "risk_p99": 0.2817471921443939,
        "risk_max": 0.5668244957923889,
        "edge_attribute_zero_ratio": 0.0,
        "S_i_norm_zero_or_near_zero_ratio": 0.0006885471654808355
      }
    },
    {
      "risk_source": "Stable-Tail-MatrixEnsRaw-r040_seed2",
      "risk_dir": "D:\\PyVRP-main\\hazmat_risk_experiments\\outputs_10seed\\risk_matrices\\stable_tail_matrix_ens_raw_r040_splitB_seed2_floor_0p01",
      "largest_component_nodes": 4357,
      "largest_component_edges": 6650,
      "re_threshold": "p75",
      "re_threshold_value": 0.0025646165013313293,
      "risk_diagnostics": {
        "edge_count": 6650,
        "zero_risk_edge_count": 0,
        "zero_risk_edge_ratio": 0.0,
        "risk_min": 1.8555775227468985e-07,
        "risk_p25": 0.0006015562103129923,
        "risk_p50": 0.001169882481917739,
        "risk_p75": 0.0025646165013313293,
        "risk_p90": 0.005053347907960415,
        "risk_p95": 0.04798660855740299,
        "risk_p99": 0.271070271730423,
        "risk_max": 0.599589467048645,
        "edge_attribute_zero_ratio": 0.0,
        "S_i_norm_zero_or_near_zero_ratio": 0.0004590314436538903
      }
    },
    {
      "risk_source": "Stable-Tail-MatrixEnsRaw-r040_seed3",
      "risk_dir": "D:\\PyVRP-main\\hazmat_risk_experiments\\outputs_10seed\\risk_matrices\\stable_tail_matrix_ens_raw_r040_splitB_seed3_floor_0p01",
      "largest_component_nodes": 4357,
      "largest_component_edges": 6650,
      "re_threshold": "p75",
      "re_threshold_value": 0.0020849534776061773,
      "risk_diagnostics": {
        "edge_count": 6650,
        "zero_risk_edge_count": 0,
        "zero_risk_edge_ratio": 0.0,
        "risk_min": 3.0755995084064125e-08,
        "risk_p25": 0.0005066277662990615,
        "risk_p50": 0.0010129509028047323,
        "risk_p75": 0.0020849534776061773,
        "risk_p90": 0.004777519125491388,
        "risk_p95": 0.04284529387950878,
        "risk_p99": 0.2494345235824589,
        "risk_max": 0.553600549697876,
        "edge_attribute_zero_ratio": 0.0,
        "S_i_norm_zero_or_near_zero_ratio": 0.0009180628873077806
      }
    },
    {
      "risk_source": "Stable-Tail-MatrixEnsRaw-r040_seed4",
      "risk_dir": "D:\\PyVRP-main\\hazmat_risk_experiments\\outputs_10seed\\risk_matrices\\stable_tail_matrix_ens_raw_r040_splitB_seed4_floor_0p01",
      "largest_component_nodes": 4357,
      "largest_component_edges": 6650,
      "re_threshold": "p75",
      "re_threshold_value": 0.002337472455110401,
      "risk_diagnostics": {
        "edge_count": 6650,
        "zero_risk_edge_count": 0,
        "zero_risk_edge_ratio": 0.0,
        "risk_min": 5.108969358680326e-10,
        "risk_p25": 0.0006285320268943906,
        "risk_p50": 0.0012105556670576334,
        "risk_p75": 0.002337472455110401,
        "risk_p90": 0.005192351993173361,
        "risk_p95": 0.04348721541464282,
        "risk_p99": 0.28441479802131653,
        "risk_max": 0.585691511631012,
        "edge_attribute_zero_ratio": 0.0,
        "S_i_norm_zero_or_near_zero_ratio": 0.0009180628873077806
      }
    },
    {
      "risk_source": "Stable-Tail-MatrixEnsRaw-r040_seed5",
      "risk_dir": "D:\\PyVRP-main\\hazmat_risk_experiments\\outputs_10seed\\risk_matrices\\stable_tail_matrix_ens_raw_r040_splitB_seed5_floor_0p01",
      "largest_component_nodes": 4357,
      "largest_component_edges": 6650,
      "re_threshold": "p75",
      "re_threshold_value": 0.002290040487423539,
      "risk_diagnostics": {
        "edge_count": 6650,
        "zero_risk_edge_count": 0,
        "zero_risk_edge_ratio": 0.0,
        "risk_min": 8.583068478174027e-09,
        "risk_p25": 0.0004946353146806359,
        "risk_p50": 0.0009695914341136813,
        "risk_p75": 0.002290040487423539,
        "risk_p90": 0.004896022379398346,
        "risk_p95": 0.043148101493716166,
        "risk_p99": 0.2710869610309601,
        "risk_max": 0.5730302929878235,
        "edge_attribute_zero_ratio": 0.0,
        "S_i_norm_zero_or_near_zero_ratio": 0.0006885471654808355
      }
    },
    {
      "risk_source": "Stable-Tail-MatrixEnsRaw-r040_seed6",
      "risk_dir": "D:\\PyVRP-main\\hazmat_risk_experiments\\outputs_10seed\\risk_matrices\\stable_tail_matrix_ens_raw_r040_splitB_seed6_floor_0p01",
      "largest_component_nodes": 4357,
      "largest_component_edges": 6650,
      "re_threshold": "p75",
      "re_threshold_value": 0.0026333206333220005,
      "risk_diagnostics": {
        "edge_count": 6650,
        "zero_risk_edge_count": 0,
        "zero_risk_edge_ratio": 0.0,
        "risk_min": 1.5326907520929467e-09,
        "risk_p25": 0.000768279074691236,
        "risk_p50": 0.0012870481587015092,
        "risk_p75": 0.0026333206333220005,
        "risk_p90": 0.004513347055763006,
        "risk_p95": 0.0523061566054821,
        "risk_p99": 0.2766331434249878,
        "risk_max": 0.5481760501861572,
        "edge_attribute_zero_ratio": 0.0,
        "S_i_norm_zero_or_near_zero_ratio": 0.0009180628873077806
      }
    },
    {
      "risk_source": "Stable-Tail-MatrixEnsRaw-r040_seed7",
      "risk_dir": "D:\\PyVRP-main\\hazmat_risk_experiments\\outputs_10seed\\risk_matrices\\stable_tail_matrix_ens_raw_r040_splitB_seed7_floor_0p01",
      "largest_component_nodes": 4357,
      "largest_component_edges": 6650,
      "re_threshold": "p75",
      "re_threshold_value": 0.002948633162304759,
      "risk_diagnostics": {
        "edge_count": 6650,
        "zero_risk_edge_count": 0,
        "zero_risk_edge_ratio": 0.0,
        "risk_min": 1.9618441982061086e-08,
        "risk_p25": 0.0004870899210800417,
        "risk_p50": 0.0011116000241599977,
        "risk_p75": 0.002948633162304759,
        "risk_p90": 0.005199270322918892,
        "risk_p95": 0.04321670345962045,
        "risk_p99": 0.2770397365093231,
        "risk_max": 0.5545138716697693,
        "edge_attribute_zero_ratio": 0.0,
        "S_i_norm_zero_or_near_zero_ratio": 0.001606610052788616
      }
    },
    {
      "risk_source": "Stable-Tail-MatrixEnsRaw-r040_seed8",