{
  "model": "weighted_gcn",
  "split": "B",
  "seed": 2,
  "epochs": 50,
  "risk_mode": "exposure_floor",
  "exposure_delta": 0.01,
  "experiment_tag": "10seed",
  "alpha_ord": 0.5,
  "alpha_hr": 1.0,
  "alpha_topk": 0.3,
  "metrics": {
    "data_2020_train": {
      "macro_f1": 0.591636685838255,
      "weighted_f1": 0.7430689500250169,
      "mae": 1.2091277397291205,
      "qwk": 0.677951427233614,
      "recall_6_8": 0.775,
      "precision_6_8": 0.6888888888888889,
      "pr_auc_high": 0.8636831508306011,
      "high_fn_rate": 0.225
    },
    "data_2021_train": {
      "macro_f1": 0.7225655949741316,
      "weighted_f1": 0.7856726965048341,
      "mae": 1.09200924105264,
      "qwk": 0.7886462337887519,
      "recall_6_8": 0.8,
      "precision_6_8": 0.8695652173913043,
      "pr_auc_high": 0.9129253302024202,
      "high_fn_rate": 0.2
    },
    "data_2021_test": {
      "macro_f1": 0.36262371700879764,
      "weighted_f1": 0.6213335953255308,
      "mae": 1.4996609129360492,
      "qwk": 0.3337728633098249,
      "recall_6_8": 0.38461538461538464,
      "precision_6_8": 0.5,
      "pr_auc_high": 0.44527852833953163,
      "high_fn_rate": 0.6153846153846154
    }
  },
  "split_sizes": {
    "data_2020": {
      "train": 419,
      "val": 0,
      "test": 0
    },
    "data_2021": {
      "train": 221,
      "val": 0,
      "test": 222
    }
  },
  "risk_summaries": {
    "data_2020": {
      "edge_count": 6603,
      "risk_min": 5.035570666223066e-06,
      "risk_max": 0.9535661339759827,
      "risk_mean": 0.021852171048521996,
      "risk_p25": 0.002854245714843273,
      "risk_p50": 0.003796336008235812,
      "risk_p75": 0.004691821988672018,
      "risk_p90": 0.00855697225779295,
      "risk_p95": 0.12449976056814194,
      "risk_p99": 0.43195295333862305,
      "zero_risk_edge_count": 0,
      "zero_risk_edge_ratio": 0.0,
      "edge_attribute_zero_ratio": 0.928365894290474,
      "matrix_5x8": [
        [
          0,
          77,
          196,
          621,
          330,
          21,
          63,
          13
        ],
        [
          0,
          118,
          311,
          495,
          203,
          52,
          133,
          9
        ],
        [
          0,
          103,
          291,
          538,
          251,
          58,
          77,
          2
        ],
        [
          0,
          80,
          278,
          575,
          207,
          66,
          81,
          34
        ],
        [
          0,
          145,
          267,
          499,
          252,
          33,
          109,
          15
        ]
      ]
    },
    "data_2021": {
      "edge_count": 7647,
      "risk_min": 6.641660554862483e-09,
      "risk_max": 0.8941841125488281,
      "risk_mean": 0.019810110330581665,
      "risk_p25": 0.002918650396168232,
      "risk_p50": 0.0038325029890984297,
      "risk_p75": 0.004597790073603392,
      "risk_p90": 0.008456112816929817,
      "risk_p95": 0.10455913841724396,
      "risk_p99": 0.4239542782306671,
      "zero_risk_edge_count": 0,
      "zero_risk_edge_ratio": 0.0,
      "edge_attribute_zero_ratio": 0.9314763959722767,
      "matrix_5x8": [
        [
          0,
          76,
          210,
          732,
          435,
          14,
          54,
          9
        ],
        [
          0,
          106,
          351,
          665,
          195,
          64,
          99,
          49
        ],
        [
          0,
          102,
          373,
          670,
          224,
          28,
          106,
          27
        ],
        [
          0,
          64,
          320,
          723,
          210,
          50,
          96,
          66
        ],
        [
          0,
          167,
          313,
          581,
          247,
          74,
          114,
          33
        ]
      ]
    }
  }
}