{
  "name": "fusion_gcn_teg_low_rho075_splitB_seed0_epochs50_floor_0p01",
  "risk_dirs": [
    "hazmat_risk_experiments\\outputs\\risk_matrices\\gcn_splitB_seed0_epochs50_floor_0p01",
    "hazmat_risk_experiments\\outputs\\risk_matrices\\teg_gnn_splitB_seed0_epochs50_teg_low_tail_floor_0p01"
  ],
  "weights": [
    0.25,
    0.75
  ],
  "ensemble": "mean node probabilities",
  "summaries": [
    {
      "year": "data_2020",
      "edge_count": 6603,
      "risk_mean": 0.021245845098710324,
      "risk_p95": 0.11380508238625571,
      "risk_p99": 0.43270293858732917,
      "risk_max": 0.9225181095534936
    },
    {
      "year": "data_2021",
      "edge_count": 7647,
      "risk_mean": 0.018269661304666267,
      "risk_p95": 0.09880522519443348,
      "risk_p99": 0.41212670354098463,
      "risk_max": 0.8560771640250985
    }
  ]
}