beta,lambda_concentration,runs,pyvrp_cost_mean,pyvrp_cost_std,global_risk_mean,global_risk_std,global_cvar90_mean,global_cvar90_std,max_vehicle_risk_mean,max_vehicle_risk_std,max_vehicle_cvar90_mean,max_vehicle_cvar90_std,vehicle_risk_gini_mean,vehicle_risk_gini_std,risk_variance_mean,risk_variance_std,edge_burden_gini_used_mean,edge_burden_gini_used_std,top10_burden_share_mean,top10_burden_share_std,max_edge_burden_mean,max_edge_burden_std,cost_increase_pct,risk_reduction_pct
0.0,0.0,5,146531.2,556.7375503771952,7.440736543940147,0.7784059689272061,0.19267187439121097,0.05259466995446264,2.788684561656555,0.47517083521614845,0.4503264506657919,0.0853190334289959,0.28411883786605413,0.041084856186985076,0.6645969600304091,0.204833694630779,0.8325351952590484,0.011023890654214155,0.8511189638498144,0.01359957745360971,1.1508570909500122,0.31496605180190373,0.0,0.0
1.0,0.0,5,175104.2,324.96645980777765,4.413918923115125,0.3055683224748838,0.06792298570449198,0.005126218633477838,1.6916352059750352,0.09125544888085636,0.16825740733080438,0.0503587279276579,0.27858824970097834,0.016006771063296853,0.21270022775096384,0.032545670860360205,0.7725570473496296,0.01062233338164685,0.7617914304282597,0.014310846817630027,1.0099999904632568,0.0,0.19499601450066606,0.4067900540423923
