beta,lambda_concentration,runs,pyvrp_cost_mean,pyvrp_cost_std,global_risk_mean,global_risk_std,global_cvar90_mean,global_cvar90_std,max_vehicle_risk_mean,max_vehicle_risk_std,max_vehicle_cvar90_mean,max_vehicle_cvar90_std,vehicle_risk_gini_mean,vehicle_risk_gini_std,risk_variance_mean,risk_variance_std,edge_burden_gini_used_mean,edge_burden_gini_used_std,top10_burden_share_mean,top10_burden_share_std,max_edge_burden_mean,max_edge_burden_std,cost_increase_pct,risk_reduction_pct
0.0,0.0,10,133997.5,0.7071067811865476,10.214265616501507,0.9826576716340568,0.19813544690127402,0.10689361768078472,3.0677258248666477,0.6348207120043232,0.5060410613868208,0.15319608563321352,0.15591990233411007,0.0621771063615208,0.4458771075560629,0.38422314482601827,0.8838458249473755,0.007370224732696537,0.9019118759732562,0.005836639060562265,1.7008115768432617,0.25750019041620414,0.0,0.0
1.0,0.0,10,160551.6,231.60176548933683,4.093342757688515,0.28366551741716994,0.05957135339303589,0.003452379142891038,1.3354004791544867,0.21668197927415078,0.09835828723774834,0.017938193610798837,0.28892287577482634,0.061570797046022856,0.20129254101706184,0.11851471080111792,0.8241162092688912,0.007791687591782526,0.7969561190216773,0.01163886619471792,1.0099999904632568,0.0,0.1981686225489282,0.5992523680727301
2.0,0.0,10,175371.4,265.0589871456289,3.1480680446089537,0.2718678099168249,0.04325273024829088,0.003939467913899371,1.296434224468976,0.15166917319109108,0.09191866965299206,0.017379245620143004,0.3424242803947909,0.04364161320724229,0.16103279314898056,0.05333817991199698,0.7923144356883669,0.017119623180554294,0.742490958535204,0.025364090637065382,1.0099999904632568,0.0,0.30876620832478213,0.6917969276690994
