{
  "name": "teg_low_tail_score_eta100_splitB_seed0_epochs50_floor_0p01",
  "base_risk_dir": "hazmat_risk_experiments\\outputs\\risk_matrices\\teg_gnn_splitB_seed0_epochs50_teg_low_tail_floor_0p01",
  "eta": 1.0,
  "definition": "S_tail = clip(S_norm + eta * P_high, 0, 1)",
  "summaries": [
    {
      "year": "data_2020",
      "eta": 1.0,
      "edge_count": 6603,
      "risk_mean": 0.032484594732522964,
      "risk_p95": 0.1873915046453476,
      "risk_p99": 0.5501084327697754,
      "risk_max": 1.0
    },
    {
      "year": "data_2021",
      "eta": 1.0,
      "edge_count": 7647,
      "risk_mean": 0.02885940484702587,
      "risk_p95": 0.14122793078422546,
      "risk_p99": 0.5049999952316284,
      "risk_max": 0.9999998807907104
    }
  ]
}