{
  "model": "gcn",
  "split": "B",
  "seed": 9,
  "epochs": 50,
  "risk_mode": "exposure_floor",
  "exposure_delta": 0.01,
  "experiment_tag": "10seed",
  "alpha_ord": 0.5,
  "alpha_hr": 1.0,
  "alpha_topk": 0.3,
  "metrics": {
    "data_2020_train": {
      "macro_f1": 0.6217691798941798,
      "weighted_f1": 0.7819208622191917,
      "mae": 0.9351791166312542,
      "qwk": 0.7004095387907493,
      "recall_6_8": 0.75,
      "precision_6_8": 0.8333333333333334,
      "pr_auc_high": 0.8729994092182664,
      "high_fn_rate": 0.25
    },
    "data_2021_train": {
      "macro_f1": 0.7826130357704988,
      "weighted_f1": 0.8511563937158121,
      "mae": 0.7369850426507712,
      "qwk": 0.7649389141525443,
      "recall_6_8": 0.84,
      "precision_6_8": 0.84,
      "pr_auc_high": 0.936643647897538,
      "high_fn_rate": 0.16
    },
    "data_2021_test": {
      "macro_f1": 0.2681008066740276,
      "weighted_f1": 0.626846387109729,
      "mae": 1.4021899925225276,
      "qwk": 0.24654839532257478,
      "recall_6_8": 0.19230769230769232,
      "precision_6_8": 0.35714285714285715,
      "pr_auc_high": 0.2902378882398442,
      "high_fn_rate": 0.8076923076923077
    }
  },
  "split_sizes": {
    "data_2020": {
      "train": 419,
      "val": 0,
      "test": 0
    },
    "data_2021": {
      "train": 221,
      "val": 0,
      "test": 222
    }
  },
  "risk_summaries": {
    "data_2020": {
      "edge_count": 6603,
      "risk_min": 2.8950826180818012e-09,
      "risk_max": 0.9263617396354675,
      "risk_mean": 0.020996738225221634,
      "risk_p25": 0.0013646818697452545,
      "risk_p50": 0.0022279254626482725,
      "risk_p75": 0.0036685741506516933,
      "risk_p90": 0.008564505726099014,
      "risk_p95": 0.1272619515657425,
      "risk_p99": 0.4327288269996643,
      "zero_risk_edge_count": 0,
      "zero_risk_edge_ratio": 0.0,
      "edge_attribute_zero_ratio": 0.928365894290474,
      "matrix_5x8": [
        [
          0,
          297,
          609,
          262,
          63,
          31,
          46,
          13
        ],
        [
          0,
          481,
          458,
          151,
          60,
          48,
          115,
          8
        ],
        [
          0,
          374,
          531,
          211,
          91,
          40,
          71,
          2
        ],
        [
          0,
          418,
          486,
          187,
          60,
          52,
          90,
          28
        ],
        [
          0,
          270,
          565,
          229,
          110,
          42,
          96,
          8
        ]
      ]
    },
    "data_2021": {
      "edge_count": 7647,
      "risk_min": 1.7029898324860682e-10,
      "risk_max": 0.8569164276123047,
      "risk_mean": 0.018574148416519165,
      "risk_p25": 0.0014183600433170795,
      "risk_p50": 0.0022521838545799255,
      "risk_p75": 0.003537972690537572,
      "risk_p90": 0.008507857099175453,
      "risk_p95": 0.10933265089988708,
      "risk_p99": 0.41831734776496887,
      "zero_risk_edge_count": 0,
      "zero_risk_edge_ratio": 0.0,
      "edge_attribute_zero_ratio": 0.9314763959722767,
      "matrix_5x8": [
        [
          0,
          366,
          717,
          340,
          28,
          27,
          50,
          2
        ],
        [
          0,
          543,
          558,
          184,
          83,
          54,
          107,
          0
        ],
        [
          0,
          400,
          682,
          221,
          82,
          67,
          76,
          2
        ],
        [
          0,
          374,
          654,
          264,
          72,
          89,
          55,
          21
        ],
        [
          0,
          345,
          693,
          262,
          60,
          65,
          101,
          3
        ]
      ]
    }
  }
}