{
  "model": "gcn_teg_concat",
  "split": "B",
  "seed": 5,
  "epochs": 50,
  "risk_mode": "exposure_floor",
  "exposure_delta": 0.01,
  "experiment_tag": "10seed",
  "alpha_ord": 0.3,
  "alpha_hr": 0.5,
  "alpha_topk": 0.1,
  "metrics": {
    "data_2020_train": {
      "macro_f1": 0.4511322879317943,
      "weighted_f1": 0.7267524507170344,
      "mae": 0.746161794743387,
      "qwk": 0.6747302083394661,
      "recall_6_8": 0.725,
      "precision_6_8": 0.7435897435897436,
      "pr_auc_high": 0.86136897188866,
      "high_fn_rate": 0.275
    },
    "data_2021_train": {
      "macro_f1": 0.537022257613139,
      "weighted_f1": 0.7624720258116434,
      "mae": 0.6454225436467018,
      "qwk": 0.710074912411305,
      "recall_6_8": 0.72,
      "precision_6_8": 0.72,
      "pr_auc_high": 0.9026724046222241,
      "high_fn_rate": 0.28
    },
    "data_2021_test": {
      "macro_f1": 0.2601913994531444,
      "weighted_f1": 0.6162622353897522,
      "mae": 1.196241994404294,
      "qwk": 0.24620534426040297,
      "recall_6_8": 0.23076923076923078,
      "precision_6_8": 0.5,
      "pr_auc_high": 0.4370198099468674,
      "high_fn_rate": 0.7692307692307693
    }
  },
  "split_sizes": {
    "data_2020": {
      "train": 419,
      "val": 0,
      "test": 0
    },
    "data_2021": {
      "train": 221,
      "val": 0,
      "test": 222
    }
  },
  "risk_summaries": {
    "data_2020": {
      "edge_count": 6603,
      "risk_min": 0.0,
      "risk_max": 0.8587546944618225,
      "risk_mean": 0.017635557800531387,
      "risk_p25": 0.000605716893915087,
      "risk_p50": 0.0015349664026871324,
      "risk_p75": 0.0032494403421878815,
      "risk_p90": 0.008304976858198643,
      "risk_p95": 0.07200044393539429,
      "risk_p99": 0.4197767674922943,
      "zero_risk_edge_count": 2,
      "zero_risk_edge_ratio": 0.00030289262456459186,
      "edge_attribute_zero_ratio": 0.928365894290474,
      "matrix_5x8": [
        [
          1,
          679,
          379,
          136,
          32,
          18,
          74,
          2
        ],
        [
          0,
          644,
          325,
          113,
          71,
          25,
          142,
          1
        ],
        [
          0,
          638,
          343,
          121,
          74,
          53,
          77,
          14
        ],
        [
          0,
          694,
          292,
          128,
          62,
          35,
          102,
          8
        ],
        [
          1,
          647,
          348,
          117,
          49,
          31,
          114,
          13
        ]
      ]
    },
    "data_2021": {
      "edge_count": 7647,
      "risk_min": 0.0,
      "risk_max": 0.8581957817077637,
      "risk_mean": 0.013686892576515675,
      "risk_p25": 0.0006104761851020157,
      "risk_p50": 0.0014882860705256462,
      "risk_p75": 0.0030424301512539387,
      "risk_p90": 0.0073984661139547825,
      "risk_p95": 0.05664354935288429,
      "risk_p99": 0.3736225664615631,
      "zero_risk_edge_count": 2,
      "zero_risk_edge_ratio": 0.0002615404733882568,
      "edge_attribute_zero_ratio": 0.9314763959722767,
      "matrix_5x8": [
        [
          1,
          835,
          451,
          101,
          73,
          19,
          48,
          2
        ],
        [
          1,
          798,
          360,
          165,
          116,
          32,
          54,
          3
        ],
        [
          0,
          776,
          398,
          174,
          84,
          34,
          50,
          14
        ],
        [
          0,
          790,
          358,
          178,
          81,
          56,
          52,
          14
        ],
        [
          0,
          706,
          502,
          113,
          84,
          28,
          89,
          7
        ]
      ]
    }
  }
}