beta,lambda_concentration,runs,pyvrp_cost_mean,pyvrp_cost_std,global_risk_mean,global_risk_std,global_cvar90_mean,global_cvar90_std,max_vehicle_risk_mean,max_vehicle_risk_std,max_vehicle_cvar90_mean,max_vehicle_cvar90_std,vehicle_risk_gini_mean,vehicle_risk_gini_std,risk_variance_mean,risk_variance_std,edge_burden_gini_used_mean,edge_burden_gini_used_std,top10_burden_share_mean,top10_burden_share_std,max_edge_burden_mean,max_edge_burden_std,cost_increase_pct,risk_reduction_pct
0.0,0.0,10,146730.9,582.7275807213293,8.76727542111291,0.6095235043310145,0.24453011348533682,0.044571393205907084,2.976577204608475,0.2722627009371864,0.4227847755522955,0.05928339234315621,0.2433804945334165,0.03468647330349607,0.6353560736546997,0.18818559816387032,0.8630508902621511,0.006418485987404535,0.8930750984169027,0.011199201775027501,1.0209427356719971,0.35872271170297193,0.0,0.0
1.0,0.0,10,178430.4,432.51132290894355,4.090627758369548,0.3225747532685298,0.11092128797965714,0.013623705234157919,1.4630620254759479,0.229952020775318,0.17951264859443264,0.026056710942475643,0.3129825389939996,0.06666599390175905,0.22971693285193204,0.11032297239376486,0.8159072171057531,0.010508317694412421,0.8152622694473655,0.017630839168104765,0.5815347194671631,0.02189432059624402,0.21603833957264626,0.5334208677282752
