{
  "model": "edge_gat",
  "split": "B",
  "seed": 3,
  "epochs": 50,
  "risk_mode": "exposure_floor",
  "exposure_delta": 0.01,
  "experiment_tag": "10seed",
  "alpha_ord": 0.5,
  "alpha_hr": 1.0,
  "alpha_topk": 0.3,
  "metrics": {
    "data_2020_train": {
      "macro_f1": 0.551578035060178,
      "weighted_f1": 0.7699578436110998,
      "mae": 0.8811476323994116,
      "qwk": 0.694122774643045,
      "recall_6_8": 0.7,
      "precision_6_8": 0.9032258064516129,
      "pr_auc_high": 0.9229046951417352,
      "high_fn_rate": 0.3
    },
    "data_2021_train": {
      "macro_f1": 0.7157919450974417,
      "weighted_f1": 0.8477586648862069,
      "mae": 0.6921681575947267,
      "qwk": 0.8124914775740252,
      "recall_6_8": 0.88,
      "precision_6_8": 0.8148148148148148,
      "pr_auc_high": 0.9576945978670118,
      "high_fn_rate": 0.12
    },
    "data_2021_test": {
      "macro_f1": 0.2534293221793222,
      "weighted_f1": 0.6147695958506769,
      "mae": 1.3714080208571517,
      "qwk": 0.1687728905166589,
      "recall_6_8": 0.07692307692307693,
      "precision_6_8": 0.3333333333333333,
      "pr_auc_high": 0.28163006600685386,
      "high_fn_rate": 0.9230769230769231
    }
  },
  "split_sizes": {
    "data_2020": {
      "train": 419,
      "val": 0,
      "test": 0
    },
    "data_2021": {
      "train": 221,
      "val": 0,
      "test": 222
    }
  },
  "risk_summaries": {
    "data_2020": {
      "edge_count": 6603,
      "risk_min": 1.7029898324860682e-10,
      "risk_max": 0.8582870364189148,
      "risk_mean": 0.02095600962638855,
      "risk_p25": 0.001384920789860189,
      "risk_p50": 0.0023065502755343914,
      "risk_p75": 0.0037199680227786303,
      "risk_p90": 0.00852199550718069,
      "risk_p95": 0.12400925159454346,
      "risk_p99": 0.43229830265045166,
      "zero_risk_edge_count": 0,
      "zero_risk_edge_ratio": 0.0,
      "edge_attribute_zero_ratio": 0.928365894290474,
      "matrix_5x8": [
        [
          0,
          424,
          556,
          203,
          36,
          27,
          64,
          11
        ],
        [
          0,
          427,
          425,
          230,
          52,
          54,
          67,
          66
        ],
        [
          0,
          352,
          466,
          290,
          84,
          48,
          52,
          28
        ],
        [
          0,
          326,
          503,
          259,
          61,
          69,
          84,
          19
        ],
        [
          0,
          355,
          516,
          224,
          65,
          48,
          92,
          20
        ]
      ]
    },
    "data_2021": {
      "edge_count": 7647,
      "risk_min": 0.0,
      "risk_max": 0.8567684292793274,
      "risk_mean": 0.01780422404408455,
      "risk_p25": 0.0013508641859516501,
      "risk_p50": 0.0022360989823937416,
      "risk_p75": 0.0035700735170394182,
      "risk_p90": 0.008510776795446873,
      "risk_p95": 0.10276978462934494,
      "risk_p99": 0.4255366325378418,
      "zero_risk_edge_count": 5,
      "zero_risk_edge_ratio": 0.0006538511834706421,
      "edge_attribute_zero_ratio": 0.9314763959722767,
      "matrix_5x8": [
        [
          1,
          589,
          649,
          194,
          30,
          7,
          58,
          2
        ],
        [
          1,
          496,
          488,
          260,
          128,
          39,
          116,
          1
        ],
        [
          1,
          373,
          624,
          269,
          137,
          32,
          91,
          3
        ],
        [
          2,
          392,
          556,
          311,
          136,
          51,
          70,
          11
        ],
        [
          0,
          402,
          672,
          219,
          92,
          43,
          97,
          4
        ]
      ]
    }
  }
}