beta,lambda_concentration,runs,pyvrp_cost_mean,pyvrp_cost_std,global_risk_mean,global_risk_std,global_cvar90_mean,global_cvar90_std,max_vehicle_risk_mean,max_vehicle_risk_std,max_vehicle_cvar90_mean,max_vehicle_cvar90_std,vehicle_risk_gini_mean,vehicle_risk_gini_std,risk_variance_mean,risk_variance_std,edge_burden_gini_used_mean,edge_burden_gini_used_std,top10_burden_share_mean,top10_burden_share_std,max_edge_burden_mean,max_edge_burden_std,cost_increase_pct,risk_reduction_pct
0.0,0.0,10,133997.5,0.7071067811865476,8.183975477599597,0.8436355715124388,0.20818090990802346,0.06079856754295267,2.4679746516972956,0.40731167791164813,0.38791924904617997,0.1091492246527619,0.17582508341688538,0.057439996128491266,0.32602621781818264,0.22296264261210252,0.8754547886721674,0.006797561178423856,0.8896861389062127,0.007748529458408633,1.2985952377319336,0.18187672995757576,0.0,0.0
1.0,0.0,10,155397.1,204.441488505201,2.8448909565815486,0.27767948001427184,0.06581933832812721,0.008500184353508728,1.0371861889616412,0.15986607946459788,0.11168595395812933,0.02663147863063047,0.27731519395490895,0.07445238488260973,0.09141351758929259,0.0411860876543442,0.7735674501269229,0.02280612968084925,0.7339024810268137,0.028133023775439983,0.5590967655181884,0.062487551228789656,0.15970148696804048,0.6523827613646977
2.0,0.0,10,166066.1,261.6738640199115,2.112071677928543,0.28287518149101865,0.042496214055566375,0.008963885163699828,0.6971692706931207,0.05171751855384071,0.060503678449562615,0.013352730823110073,0.25492106791183927,0.039234431082497925,0.036420523759143106,0.005333307909580633,0.7084822714922406,0.03422527050701579,0.6422579618750175,0.04823656132828627,0.33546960949897764,0.1302731520206166,0.23932237541745185,0.7419259522819628
