beta,lambda_concentration,runs,pyvrp_cost_mean,pyvrp_cost_std,global_risk_mean,global_risk_std,global_cvar90_mean,global_cvar90_std,max_vehicle_risk_mean,max_vehicle_risk_std,max_vehicle_cvar90_mean,max_vehicle_cvar90_std,vehicle_risk_gini_mean,vehicle_risk_gini_std,risk_variance_mean,risk_variance_std,edge_burden_gini_used_mean,edge_burden_gini_used_std,top10_burden_share_mean,top10_burden_share_std,max_edge_burden_mean,max_edge_burden_std,cost_increase_pct,risk_reduction_pct
0.0,0.0,10,146730.9,582.7275807213293,8.958099949643952,0.6018592802124474,0.2798878117819851,0.034157839564843015,2.949124098167522,0.25874893394899934,0.4445011544937179,0.0798341486946645,0.21979952087595933,0.034839405825836035,0.5376185380730962,0.16450692848500778,0.88135991679643,0.0050125609461161335,0.9023579570966058,0.008598285967014872,1.0929120540618897,0.3149937310268587,0.0,0.0
1.5,1.0,10,211958.6,407.91562308344544,3.356255333164286,0.06001150067389838,0.07946815064660519,0.0026561534426120695,1.4120939433541935,0.21802611973683692,0.1418626329262874,0.01988540410739617,0.3708361980355375,0.06652453000578812,0.22032870124862858,0.07724329799717722,0.8215874825785703,0.0036645971673673877,0.781489727382741,0.004824545785243415,0.7642932534217834,0.0,0.44453963003021185,0.6253384811476334
