beta,lambda_concentration,runs,pyvrp_cost_mean,pyvrp_cost_std,global_risk_mean,global_risk_std,global_cvar90_mean,global_cvar90_std,max_vehicle_risk_mean,max_vehicle_risk_std,max_vehicle_cvar90_mean,max_vehicle_cvar90_std,vehicle_risk_gini_mean,vehicle_risk_gini_std,risk_variance_mean,risk_variance_std,edge_burden_gini_used_mean,edge_burden_gini_used_std,top10_burden_share_mean,top10_burden_share_std,max_edge_burden_mean,max_edge_burden_std,cost_increase_pct,risk_reduction_pct
0.0,0.0,10,133997.6,0.6992058987801011,8.701649437033485,0.9159879169625744,0.2708920449966707,0.04915972943721668,2.46965100170346,0.3020898130914736,0.3890390976052731,0.09454243315483049,0.14728515191468322,0.04201911861055048,0.24748168150710756,0.14694799800682604,0.874651786260473,0.00680263659374197,0.8973724130661503,0.00766698778208628,1.3297473788261414,0.2736926336147478,0.0,0.0
2.0,1.0,10,185006.6,56.368233764929855,2.2995146768160337,0.2689038620841103,0.04319069659463056,0.00601407100481034,0.9344908535756986,0.07231758955302849,0.08966426852780084,0.015369249333883511,0.3295645087918129,0.03290994698370822,0.07878091667611731,0.010062862140599774,0.7337232180492423,0.02279404326435399,0.6684157478630468,0.033224532458489504,0.5600594878196716,0.0,0.3806709970924852,0.7357380697238584
