beta,lambda_concentration,runs,pyvrp_cost_mean,pyvrp_cost_std,global_risk_mean,global_risk_std,global_cvar90_mean,global_cvar90_std,max_vehicle_risk_mean,max_vehicle_risk_std,max_vehicle_cvar90_mean,max_vehicle_cvar90_std,vehicle_risk_gini_mean,vehicle_risk_gini_std,risk_variance_mean,risk_variance_std,edge_burden_gini_used_mean,edge_burden_gini_used_std,top10_burden_share_mean,top10_burden_share_std,max_edge_burden_mean,max_edge_burden_std,cost_increase_pct,risk_reduction_pct
0.0,0.0,10,133997.6,0.6992058987801011,6.695491768369538,0.8878957080283635,0.1955704078282173,0.042244842039667746,2.18940932792284,0.44041228150349326,0.3696592786832757,0.10791721365638818,0.21691455591151287,0.07516606195867434,0.32272182426011287,0.2317130865498975,0.8758152178682609,0.010542993498890261,0.8924968612444129,0.010809339344978441,1.1110070586204528,0.4097443116374253,0.0,0.0
1.0,0.0,10,154704.1,142.38558759774656,2.4411210799247782,0.21690804863967755,0.05833301794433349,0.009201779671152164,0.8087324692838592,0.14762205899450342,0.08940042396519511,0.013811783005291085,0.2399564973834146,0.08058960440645103,0.05125742418006316,0.03657686679232485,0.7736177043873537,0.014999424791997226,0.7481442813030243,0.019791053654105308,0.361056250333786,0.03945410491149582,0.1545288870845448,0.6354082471645147
