{
  "model": "gradformer_adapted",
  "split": "B",
  "seed": 3,
  "epochs": 50,
  "risk_mode": "exposure_floor",
  "exposure_delta": 0.01,
  "uncertainty_tau": 0.0,
  "experiment_tag": "paper_strong_baselines_10seed",
  "checkpoint_path": "D:\\PyVRP-main\\hazmat_risk_experiments\\outputs_10seed\\models\\checkpoints\\gradformer_adapted_splitB_seed3_epochs50_paper_strong_baselines_10seed.pt",
  "best_epoch": 41,
  "model_source": "checkpoint",
  "alpha_ord": 0.5,
  "alpha_hr": 1.0,
  "alpha_topk": 0.3,
  "lambda_nll": 0.0,
  "lambda_var": 0.0,
  "ec_delta_max": 0.05,
  "lambda_edge": 0.0,
  "lambda_edge_high": 0.0,
  "lambda_distill": 0.0,
  "lambda_delta": 0.0,
  "ec_teacher_epochs": 50,
  "gamma_unc": 0.5,
  "logvar_min": -5.0,
  "logvar_max": 2.0,
  "metrics": {
    "data_2020_train": {
      "macro_f1": 0.5221116568752031,
      "weighted_f1": 0.7460443166304445,
      "mae": 1.059618901167342,
      "qwk": 0.5928299969929616,
      "recall_6_8": 0.625,
      "precision_6_8": 0.6756756756756757,
      "pr_auc_high": 0.7588262760256446,
      "high_fn_rate": 0.375,
      "brier": 0.35323578119277954,
      "ece": 0.1289907269944439,
      "high_risk_recall_at_top10pct": 0.675,
      "high_risk_recall_at_top20pct": 0.825,
      "ndcg_at_top20pct": 0.8311446594638074,
      "high_risk_hits_at_10": 10.0,
      "high_risk_hits_at_20": 19.0
    },
    "data_2021_train": {
      "macro_f1": 0.7538019319911443,
      "weighted_f1": 0.8314950662446382,
      "mae": 0.7825002456391452,
      "qwk": 0.7881398884946782,
      "recall_6_8": 0.8,
      "precision_6_8": 0.8888888888888888,
      "pr_auc_high": 0.9120117880845809,
      "high_fn_rate": 0.2,
      "brier": 0.2588064968585968,
      "ece": 0.1274251870980317,
      "high_risk_recall_at_top10pct": 0.75,
      "high_risk_recall_at_top20pct": 0.9,
      "ndcg_at_top20pct": 0.9149247176623658,
      "high_risk_hits_at_10": 10.0,
      "high_risk_hits_at_20": 15.0
    },
    "data_2021_val": {
      "macro_f1": 0.2345585449033725,
      "weighted_f1": 0.5339396235947961,
      "mae": 1.2953784354487028,
      "qwk": 0.21673543063434764,
      "recall_6_8": 0.4,
      "precision_6_8": 0.4,
      "pr_auc_high": 0.5761494252873562,
      "high_fn_rate": 0.6,
      "brier": 0.6647590398788452,
      "ece": 0.16993250383271113,
      "high_risk_recall_at_top10pct": 0.4,
      "high_risk_recall_at_top20pct": 0.6,
      "ndcg_at_top20pct": 0.5354526601173153,
      "high_risk_hits_at_10": 3.0,
      "high_risk_hits_at_20": 4.0
    },
    "data_2021_test": {
      "macro_f1": 0.2687280199729756,
      "weighted_f1": 0.5707281404119756,
      "mae": 1.3744527338200978,
      "qwk": 0.15623798571438208,
      "recall_6_8": 0.11538461538461539,
      "precision_6_8": 0.3333333333333333,
      "pr_auc_high": 0.2802821664395325,
      "high_fn_rate": 0.8846153846153846,
      "brier": 0.6151056289672852,
      "ece": 0.19660345968362444,
      "high_risk_recall_at_top10pct": 0.34615384615384615,
      "high_risk_recall_at_top20pct": 0.5,
      "ndcg_at_top20pct": 0.4522779916508104,
      "high_risk_hits_at_10": 4.0,
      "high_risk_hits_at_20": 8.0
    }
  },
  "split_sizes": {
    "data_2020": {
      "train": 419,
      "val": 0,
      "test": 0
    },
    "data_2021": {
      "train": 176,
      "val": 45,
      "test": 222
    }
  },
  "risk_summaries": {
    "data_2020": {
      "edge_count": 6603,
      "risk_min": 0.0,
      "risk_max": 0.921859085559845,
      "risk_mean": 0.02173168584704399,
      "risk_p25": 0.0018192739225924015,
      "risk_p50": 0.0028209781739860773,
      "risk_p75": 0.0038843671791255474,
      "risk_p90": 0.008570718578994274,
      "risk_p95": 0.1399906724691391,
      "risk_p99": 0.4328213036060333,
      "zero_risk_edge_count": 111,
      "zero_risk_edge_ratio": 0.016810540663334848,
      "edge_attribute_zero_ratio": 0.928365894290474,
      "matrix_5x8": [
        [
          31,
          215,
          515,
          407,
          33,
          29,
          74,
          17
        ],
        [
          11,
          341,
          420,
          312,
          26,
          51,
          151,
          9
        ],
        [
          18,
          225,
          414,
          446,
          55,
          69,
          91,
          2
        ],
        [
          17,
          204,
          465,
          411,
          51,
          62,
          83,
          28
        ],
        [
          34,
          203,
          437,
          422,
          59,
          37,
          114,
          14
        ]
      ]
    },
    "data_2021": {
      "edge_count": 7647,
      "risk_min": 0.0,
      "risk_max": 0.8571427464485168,
      "risk_mean": 0.017817264422774315,
      "risk_p25": 0.0016389710363000631,
      "risk_p50": 0.0027287956327199936,
      "risk_p75": 0.0037032051477581263,
      "risk_p90": 0.007767747156322002,
      "risk_p95": 0.11967195570468903,
      "risk_p99": 0.3832758665084839,
      "zero_risk_edge_count": 67,
      "zero_risk_edge_ratio": 0.008761605858506603,
      "edge_attribute_zero_ratio": 0.9314763959722767,
      "matrix_5x8": [
        [
          29,
          328,
          587,
          465,
          36,
          11,
          72,
          2
        ],
        [
          5,
          413,
          494,
          389,
          119,
          25,
          83,
          1
        ],
        [
          16,
          331,
          514,
          472,
          97,
          36,
          61,
          3
        ],
        [
          3,
          290,
          538,
          503,
          60,
          68,
          58,
          9
        ],
        [
          14,
          299,
          475,
          555,
          64,
          26,
          94,
          2
        ]
      ]
    }
  }
}