{
  "model": "gcn",
  "split": "B",
  "seed": 0,
  "epochs": 50,
  "risk_mode": "exposure_floor",
  "exposure_delta": 0.01,
  "experiment_tag": "",
  "alpha_ord": 0.5,
  "alpha_hr": 1.0,
  "alpha_topk": 0.3,
  "metrics": {
    "data_2020_train": {
      "macro_f1": 0.5933148873437775,
      "weighted_f1": 0.7699049004004412,
      "mae": 0.9202263463798267,
      "qwk": 0.6922457336188528,
      "recall_6_8": 0.725,
      "precision_6_8": 0.8787878787878788,
      "pr_auc_high": 0.9231998551813655,
      "high_fn_rate": 0.275
    },
    "data_2021_train": {
      "macro_f1": 0.6686640389898677,
      "weighted_f1": 0.8237588151176946,
      "mae": 0.7527793592711846,
      "qwk": 0.7621852451774407,
      "recall_6_8": 0.76,
      "precision_6_8": 0.95,
      "pr_auc_high": 0.9678089782415131,
      "high_fn_rate": 0.24
    },
    "data_2021_test": {
      "macro_f1": 0.32522328200639194,
      "weighted_f1": 0.6380151788705197,
      "mae": 1.2612297537566168,
      "qwk": 0.24664836152449188,
      "recall_6_8": 0.19230769230769232,
      "precision_6_8": 0.4166666666666667,
      "pr_auc_high": 0.3950146951572715,
      "high_fn_rate": 0.8076923076923077
    }
  },
  "split_sizes": {
    "data_2020": {
      "train": 419,
      "val": 0,
      "test": 0
    },
    "data_2021": {
      "train": 221,
      "val": 0,
      "test": 222
    }
  },
  "risk_summaries": {
    "data_2020": {
      "edge_count": 6603,
      "risk_min": 0.0,
      "risk_max": 0.8658764958381653,
      "risk_mean": 0.019236456602811813,
      "risk_p25": 0.001333142165094614,
      "risk_p50": 0.0022393199615180492,
      "risk_p75": 0.0035021104849874973,
      "risk_p90": 0.008562680333852768,
      "risk_p95": 0.11434762179851532,
      "risk_p99": 0.4324153661727905,
      "zero_risk_edge_count": 3,
      "zero_risk_edge_ratio": 0.00045433893684688776,
      "edge_attribute_zero_ratio": 0.928365894290474,
      "matrix_5x8": [
        [
          2,
          463,
          593,
          136,
          37,
          32,
          33,
          25
        ],
        [
          0,
          462,
          465,
          203,
          32,
          37,
          48,
          74
        ],
        [
          0,
          348,
          524,
          260,
          68,
          49,
          40,
          31
        ],
        [
          0,
          327,
          548,
          222,
          70,
          75,
          32,
          47
        ],
        [
          1,
          355,
          558,
          218,
          45,
          47,
          63,
          33
        ]
      ]
    },
    "data_2021": {
      "edge_count": 7647,
      "risk_min": 0.0,
      "risk_max": 0.8528047204017639,
      "risk_mean": 0.017185509204864502,
      "risk_p25": 0.0013873884454369545,
      "risk_p50": 0.002233170671388507,
      "risk_p75": 0.003438565880060196,
      "risk_p90": 0.007900670170783997,
      "risk_p95": 0.09902234375476837,
      "risk_p99": 0.3740050792694092,
      "zero_risk_edge_count": 6,
      "zero_risk_edge_ratio": 0.0007846214201647705,
      "edge_attribute_zero_ratio": 0.9314763959722767,
      "matrix_5x8": [
        [
          1,
          584,
          643,
          237,
          19,
          4,
          40,
          2
        ],
        [
          1,
          506,
          498,
          318,
          69,
          49,
          88,
          0
        ],
        [
          0,
          309,
          662,
          351,
          79,
          48,
          79,
          2
        ],
        [
          1,
          341,
          602,
          357,
          90,
          75,
          51,
          12
        ],
        [
          3,
          410,
          658,
          261,
          53,
          59,
          83,
          2
        ]
      ]
    }
  }
}