beta,lambda_concentration,runs,pyvrp_cost_mean,pyvrp_cost_std,global_risk_mean,global_risk_std,global_cvar90_mean,global_cvar90_std,max_vehicle_risk_mean,max_vehicle_risk_std,max_vehicle_cvar90_mean,max_vehicle_cvar90_std,vehicle_risk_gini_mean,vehicle_risk_gini_std,risk_variance_mean,risk_variance_std,edge_burden_gini_used_mean,edge_burden_gini_used_std,top10_burden_share_mean,top10_burden_share_std,max_edge_burden_mean,max_edge_burden_std,cost_increase_pct,risk_reduction_pct
0.0,0.0,10,146730.9,582.7275807213293,11.992338934853183,0.8045531434460864,0.2781578159393609,0.11775830723131918,3.9782335177646018,0.3733229846394303,0.5959338186468396,0.09525476554035395,0.22918811301679448,0.03336730131101426,1.032873809260791,0.3084348256852159,0.8837368400090962,0.0043584860800331,0.9035744086900092,0.007660446839442499,1.4726547718048095,0.2779352133953834,0.0,0.0
1.0,0.0,10,180274.1,520.8997450992316,5.0222017607656415,0.42005780310798246,0.06879497289996993,0.00532525483122139,2.009090517411823,0.24397459391885243,0.14036226680416905,0.03128164324751674,0.3749429760295835,0.01853100533731337,0.4834439533594355,0.0875543093312462,0.8420969441489634,0.005767370471694003,0.8076210884375037,0.012241759548067832,1.0919907093048096,0.043212903088964805,0.2286035184136403,0.5812158255325606
2.0,0.0,10,201009.9,417.6142425200026,4.704882292068258,0.13695712365606713,0.06374693816076885,0.0027944837927284354,2.01611832233466,0.26857107093835103,0.14684153045636494,0.015399143859838366,0.3820158353966305,0.03658506345030593,0.4614425029238598,0.13155747204530474,0.8314182331284004,0.005962231523585935,0.7910222725073248,0.008150593228667336,1.1124883890151978,0.0,0.36992208185187986,0.6076760073554021
