beta,lambda_concentration,runs,pyvrp_cost_mean,pyvrp_cost_std,global_risk_mean,global_risk_std,global_cvar90_mean,global_cvar90_std,max_vehicle_risk_mean,max_vehicle_risk_std,max_vehicle_cvar90_mean,max_vehicle_cvar90_std,vehicle_risk_gini_mean,vehicle_risk_gini_std,risk_variance_mean,risk_variance_std,edge_burden_gini_used_mean,edge_burden_gini_used_std,top10_burden_share_mean,top10_burden_share_std,max_edge_burden_mean,max_edge_burden_std,cost_increase_pct,risk_reduction_pct
0.0,0.0,10,146730.9,582.7275807213293,8.310692831405323,0.5134597178480552,0.2496670035812759,0.029465534934507584,2.6685859884659293,0.23308857939014233,0.4009642860754615,0.07074485885372298,0.2053630774615213,0.032148745098325424,0.40626462446261125,0.13269612147366214,0.8367452650971829,0.006752208885313978,0.86409825892549,0.009083251230271715,1.0262148141860963,0.36057513127050406,0.0,0.0
1.0,0.0,10,179866.3,299.2323697582049,4.550277189846383,0.23134665662908582,0.10444189311726375,0.004119554835552534,1.4486702040187083,0.16208402569709984,0.19937283546619472,0.032050099853644286,0.2391770975048808,0.07419911593062276,0.15892450409225561,0.0852065827300339,0.7657406503608576,0.008932427841660701,0.7691428752616414,0.012147733888456014,0.6964455842971802,0.0,0.2258242810478229,0.4524791997302838
