{
  "model": "ua_teg_gnn",
  "split": "B",
  "seed": 2,
  "epochs": 50,
  "risk_mode": "exposure_floor",
  "exposure_delta": 0.01,
  "uncertainty_tau": 0.5,
  "experiment_tag": "ua_pretest_3seed",
  "alpha_ord": 0.3,
  "alpha_hr": 0.5,
  "alpha_topk": 0.1,
  "lambda_nll": 0.2,
  "lambda_var": 0.01,
  "metrics": {
    "data_2020_train": {
      "macro_f1": 0.20520064265832716,
      "weighted_f1": 0.5831003856560402,
      "mae": 1.1500982235192667,
      "qwk": 0.09570499535482035,
      "recall_6_8": 0.075,
      "precision_6_8": 0.75,
      "pr_auc_high": 0.4446877274946402,
      "high_fn_rate": 0.925,
      "brier": 0.49261969327926636,
      "ece": 0.05090370959199981,
      "ordinal_nll": 1.1452151176979402,
      "uncertainty_mean": 2.399080753326416,
      "correct_uncertainty": 2.4166457653045654,
      "error_uncertainty": 2.3625295162200928,
      "error_uncertainty_corr": -0.06623144526919762,
      "high_fn_uncertainty": 2.3410744667053223
    },
    "data_2021_train": {
      "macro_f1": 0.19228210246174318,
      "weighted_f1": 0.5342407191649883,
      "mae": 1.1110581014134595,
      "qwk": 0.18511160796100135,
      "recall_6_8": 0.16,
      "precision_6_8": 1.0,
      "pr_auc_high": 0.563341064392657,
      "high_fn_rate": 0.84,
      "brier": 0.5274046659469604,
      "ece": 0.06502148117954373,
      "ordinal_nll": 1.155444543518278,
      "uncertainty_mean": 2.3860509395599365,
      "correct_uncertainty": 2.433319568634033,
      "error_uncertainty": 2.304352283477783,
      "error_uncertainty_corr": -0.16283049984452222,
      "high_fn_uncertainty": 2.1615374088287354
    },
    "data_2021_test": {
      "macro_f1": 0.16256648936170212,
      "weighted_f1": 0.510434636764424,
      "mae": 1.3378821018224314,
      "qwk": 0.03564813453679472,
      "recall_6_8": 0.038461538461538464,
      "precision_6_8": 1.0,
      "pr_auc_high": 0.3835980810254514,
      "high_fn_rate": 0.9615384615384616,
      "brier": 0.6053661108016968,
      "ece": 0.13291935676389985,
      "ordinal_nll": 1.2217358965714473,
      "uncertainty_mean": 2.410271167755127,
      "correct_uncertainty": 2.395368814468384,
      "error_uncertainty": 2.4342894554138184,
      "error_uncertainty_corr": 0.049784196151044215,
      "high_fn_uncertainty": 2.401855945587158
    }
  },
  "split_sizes": {
    "data_2020": {
      "train": 419,
      "val": 0,
      "test": 0
    },
    "data_2021": {
      "train": 221,
      "val": 0,
      "test": 222
    }
  },
  "risk_summaries": {
    "data_2020": {
      "edge_count": 6603,
      "risk_min": 0.0034125898964703083,
      "risk_max": 1.0,
      "risk_mean": 0.03333362191915512,
      "risk_p25": 0.004836267791688442,
      "risk_p50": 0.00545211136341095,
      "risk_p75": 0.00602162629365921,
      "risk_p90": 0.007847413420677185,
      "risk_p95": 0.28673624992370605,
      "risk_p99": 0.5889841318130493,
      "zero_risk_edge_count": 0,
      "zero_risk_edge_ratio": 0.0,
      "edge_attribute_zero_ratio": 0.928365894290474,
      "matrix_5x8": [
        [
          0,
          858,
          416,
          46,
          1,
          0,
          0,
          0
        ],
        [
          0,
          795,
          485,
          39,
          2,
          0,
          0,
          0
        ],
        [
          0,
          703,
          508,
          89,
          7,
          13,
          0,
          0
        ],
        [
          0,
          687,
          527,
          79,
          20,
          8,
          0,
          0
        ],
        [
          0,
          751,
          476,
          64,
          22,
          7,
          0,
          0
        ]
      ]
    },
    "data_2021": {
      "edge_count": 7647,
      "risk_min": 0.002835591323673725,
      "risk_max": 0.9999998807907104,
      "risk_mean": 0.031383588910102844,
      "risk_p25": 0.004548997618257999,
      "risk_p50": 0.005394603591412306,
      "risk_p75": 0.005903466138988733,
      "risk_p90": 0.007859745994210243,
      "risk_p95": 0.27499982714653015,
      "risk_p99": 0.5825492739677429,
      "zero_risk_edge_count": 0,
      "zero_risk_edge_ratio": 0.0,
      "edge_attribute_zero_ratio": 0.9314763959722767,
      "matrix_5x8": [
        [
          0,
          954,
          552,
          21,
          1,
          2,
          0,
          0
        ],
        [
          0,
          916,
          528,
          75,
          7,
          0,
          3,
          0
        ],
        [
          0,
          784,
          617,
          116,
          5,
          0,
          8,
          0
        ],
        [
          0,
          751,
          600,
          141,
          14,
          10,
          13,
          0
        ],
        [
          0,
          801,
          603,
          110,
          13,
          0,
          2,
          0
        ]
      ]
    }
  }
}