{
  "model": "teg_gnn",
  "split": "B",
  "seed": 1,
  "epochs": 50,
  "risk_mode": "exposure_floor",
  "exposure_delta": 0.01,
  "experiment_tag": "teg_low_tail",
  "alpha_ord": 0.5,
  "alpha_hr": 1.0,
  "alpha_topk": 0.3,
  "metrics": {
    "data_2020_train": {
      "macro_f1": 0.603835937197666,
      "weighted_f1": 0.7628069820558597,
      "mae": 1.2785854492041275,
      "qwk": 0.7202562868679272,
      "recall_6_8": 0.825,
      "precision_6_8": 0.7021276595744681,
      "pr_auc_high": 0.8578769281867266,
      "high_fn_rate": 0.175
    },
    "data_2021_train": {
      "macro_f1": 0.719060601098184,
      "weighted_f1": 0.8021179302986056,
      "mae": 1.1523574913448518,
      "qwk": 0.789809865386789,
      "recall_6_8": 0.8,
      "precision_6_8": 0.8695652173913043,
      "pr_auc_high": 0.9347488240113029,
      "high_fn_rate": 0.2
    },
    "data_2021_test": {
      "macro_f1": 0.31833464737876505,
      "weighted_f1": 0.5894166997108173,
      "mae": 1.7057652317897574,
      "qwk": 0.2934735500984268,
      "recall_6_8": 0.3076923076923077,
      "precision_6_8": 0.32,
      "pr_auc_high": 0.28915930710835536,
      "high_fn_rate": 0.6923076923076923
    }
  },
  "split_sizes": {
    "data_2020": {
      "train": 419,
      "val": 0,
      "test": 0
    },
    "data_2021": {
      "train": 221,
      "val": 0,
      "test": 222
    }
  },
  "risk_summaries": {
    "data_2020": {
      "edge_count": 6603,
      "risk_min": 5.2073595725232735e-05,
      "risk_max": 0.8820317983627319,
      "risk_mean": 0.020934030413627625,
      "risk_p25": 0.0029400300700217485,
      "risk_p50": 0.00372875202447176,
      "risk_p75": 0.004818703979253769,
      "risk_p90": 0.008567972108721733,
      "risk_p95": 0.11306606233119965,
      "risk_p99": 0.43173667788505554,
      "zero_risk_edge_count": 0,
      "zero_risk_edge_ratio": 0.0,
      "edge_attribute_zero_ratio": 0.928365894290474,
      "matrix_5x8": [
        [
          0,
          63,
          221,
          689,
          237,
          26,
          64,
          21
        ],
        [
          0,
          65,
          293,
          529,
          250,
          45,
          66,
          73
        ],
        [
          0,
          57,
          285,
          550,
          283,
          65,
          50,
          30
        ],
        [
          0,
          54,
          244,
          595,
          259,
          49,
          89,
          31
        ],
        [
          0,
          132,
          304,
          508,
          211,
          40,
          89,
          36
        ]
      ]
    },
    "data_2021": {
      "edge_count": 7647,
      "risk_min": 8.085795570877963e-07,
      "risk_max": 0.8567861318588257,
      "risk_mean": 0.018210140988230705,
      "risk_p25": 0.002935415832325816,
      "risk_p50": 0.003707565600052476,
      "risk_p75": 0.0047091469168663025,
      "risk_p90": 0.008528919890522957,
      "risk_p95": 0.09398606419563293,
      "risk_p99": 0.4027256965637207,
      "zero_risk_edge_count": 0,
      "zero_risk_edge_ratio": 0.0,
      "edge_attribute_zero_ratio": 0.9314763959722767,
      "matrix_5x8": [
        [
          0,
          49,
          284,
          786,
          328,
          24,
          53,
          6
        ],
        [
          0,
          67,
          327,
          682,
          275,
          47,
          123,
          8
        ],
        [
          0,
          62,
          354,
          674,
          305,
          33,
          97,
          5
        ],
        [
          0,
          51,
          297,
          660,
          352,
          54,
          92,
          23
        ],
        [
          0,
          129,
          449,
          557,
          238,
          30,
          120,
          6
        ]
      ]
    }
  }
}