beta,lambda_concentration,runs,pyvrp_cost_mean,pyvrp_cost_std,global_risk_mean,global_risk_std,global_cvar90_mean,global_cvar90_std,max_vehicle_risk_mean,max_vehicle_risk_std,max_vehicle_cvar90_mean,max_vehicle_cvar90_std,vehicle_risk_gini_mean,vehicle_risk_gini_std,risk_variance_mean,risk_variance_std,edge_burden_gini_used_mean,edge_burden_gini_used_std,top10_burden_share_mean,top10_burden_share_std,max_edge_burden_mean,max_edge_burden_std,cost_increase_pct,risk_reduction_pct
0.0,0.0,10,133997.5,0.7071067811865476,7.925218857871369,0.7914343629344996,0.23968511989686836,0.05604590118767988,2.3888820377760567,0.5785560997258289,0.415091069505683,0.11843257659136636,0.15188146319586,0.0690027722942497,0.2793596045546639,0.2654950781202995,0.8413559868648427,0.011199684766871434,0.8649102996588797,0.012081984489383045,1.1764878392219544,0.41480791250347904,0.0,0.0
1.0,0.0,10,160347.7,326.5516974555654,3.2872187905188186,0.1636395635713256,0.07761645370460662,0.00985571059364493,0.9437613724730909,0.01557448525274385,0.11710283895178386,0.010598904124601276,0.21771942844897355,0.025934827381135124,0.07046202082372525,0.011634041646183669,0.731118821701847,0.009803533665044065,0.7204608445074409,0.012676797024838555,0.6964455842971802,0.0,0.19664695236851443,0.5852204400318206
