{
  "model": "teg_gnn",
  "split": "B",
  "seed": 4,
  "epochs": 50,
  "risk_mode": "exposure_floor",
  "exposure_delta": 0.01,
  "experiment_tag": "teg_low_tail_10seed",
  "alpha_ord": 0.3,
  "alpha_hr": 0.5,
  "alpha_topk": 0.1,
  "metrics": {
    "data_2020_train": {
      "macro_f1": 0.5379477328206621,
      "weighted_f1": 0.7326135805680524,
      "mae": 1.3063805377873845,
      "qwk": 0.5850899315323058,
      "recall_6_8": 0.6,
      "precision_6_8": 0.6666666666666666,
      "pr_auc_high": 0.7741783726945893,
      "high_fn_rate": 0.4
    },
    "data_2021_train": {
      "macro_f1": 0.7013792045760658,
      "weighted_f1": 0.8206529778222497,
      "mae": 1.1136488251403183,
      "qwk": 0.7705209845410526,
      "recall_6_8": 0.8,
      "precision_6_8": 0.8,
      "pr_auc_high": 0.911282035483947,
      "high_fn_rate": 0.2
    },
    "data_2021_test": {
      "macro_f1": 0.27527783607361833,
      "weighted_f1": 0.5763245591735968,
      "mae": 1.6770033138233418,
      "qwk": 0.24744861290786258,
      "recall_6_8": 0.19230769230769232,
      "precision_6_8": 0.3333333333333333,
      "pr_auc_high": 0.3861321396019075,
      "high_fn_rate": 0.8076923076923077
    }
  },
  "split_sizes": {
    "data_2020": {
      "train": 419,
      "val": 0,
      "test": 0
    },
    "data_2021": {
      "train": 221,
      "val": 0,
      "test": 222
    }
  },
  "risk_summaries": {
    "data_2020": {
      "edge_count": 6603,
      "risk_min": 1.326169240201125e-05,
      "risk_max": 0.9104271531105042,
      "risk_mean": 0.020780587568879128,
      "risk_p25": 0.0030633099377155304,
      "risk_p50": 0.003806862747296691,
      "risk_p75": 0.004573401063680649,
      "risk_p90": 0.008553581312298775,
      "risk_p95": 0.11171974241733551,
      "risk_p99": 0.43195584416389465,
      "zero_risk_edge_count": 0,
      "zero_risk_edge_ratio": 0.0,
      "edge_attribute_zero_ratio": 0.928365894290474,
      "matrix_5x8": [
        [
          0,
          57,
          176,
          786,
          207,
          26,
          57,
          12
        ],
        [
          0,
          68,
          278,
          586,
          232,
          17,
          133,
          7
        ],
        [
          0,
          67,
          226,
          659,
          246,
          47,
          73,
          2
        ],
        [
          0,
          77,
          210,
          624,
          259,
          42,
          81,
          28
        ],
        [
          0,
          132,
          277,
          590,
          182,
          25,
          105,
          9
        ]
      ]
    },
    "data_2021": {
      "edge_count": 7647,
      "risk_min": 7.602487130498048e-06,
      "risk_max": 0.8557283282279968,
      "risk_mean": 0.018976271152496338,
      "risk_p25": 0.003060972783714533,
      "risk_p50": 0.0037589161656796932,
      "risk_p75": 0.0045910244807600975,
      "risk_p90": 0.008316273801028728,
      "risk_p95": 0.09758242964744568,
      "risk_p99": 0.41997185349464417,
      "zero_risk_edge_count": 0,
      "zero_risk_edge_ratio": 0.0,
      "edge_attribute_zero_ratio": 0.9314763959722767,
      "matrix_5x8": [
        [
          0,
          55,
          218,
          892,
          289,
          10,
          63,
          3
        ],
        [
          0,
          78,
          348,
          707,
          236,
          42,
          118,
          0
        ],
        [
          0,
          60,
          288,
          757,
          289,
          48,
          88,
          0
        ],
        [
          0,
          52,
          255,
          715,
          308,
          85,
          104,
          10
        ],
        [
          0,
          139,
          314,
          657,
          258,
          32,
          127,
          2
        ]
      ]
    }
  }
}