beta,lambda_concentration,runs,pyvrp_cost_mean,pyvrp_cost_std,global_risk_mean,global_risk_std,global_cvar90_mean,global_cvar90_std,max_vehicle_risk_mean,max_vehicle_risk_std,max_vehicle_cvar90_mean,max_vehicle_cvar90_std,vehicle_risk_gini_mean,vehicle_risk_gini_std,risk_variance_mean,risk_variance_std,edge_burden_gini_used_mean,edge_burden_gini_used_std,top10_burden_share_mean,top10_burden_share_std,max_edge_burden_mean,max_edge_burden_std,cost_increase_pct,risk_reduction_pct
0.0,0.0,3,133997.33333333334,0.5773502691896258,12.238522513497932,1.291081755919223,0.2942045609564593,0.15425649016216006,3.2418294755819566,0.1672535161946286,0.45976653198401135,0.07822015955143968,0.12118078059836312,0.017970445407566295,0.3353506250179004,0.18571066876500736,0.8446991677326506,0.001125603243292309,0.8817592942492518,0.011786405847269605,1.2429008483886719,0.0,0.0,0.0
1.0,0.0,3,161098.33333333334,123.82379954327574,5.3179003107361495,0.03598193011926411,0.08752106630902068,0.002911167475245196,1.8794694211489211,0.3036173039783564,0.19864870554141742,0.014509536882763064,0.24887079670322731,0.06895211271069089,0.25997773406178837,0.13966831454037626,0.78004630739842,0.002724496055139167,0.7819513065816563,0.0024059812100552394,0.9119514226913452,0.0,0.20225029353817986,0.5654785694211393
