{
  "model": "edge_gat",
  "split": "B",
  "seed": 9,
  "epochs": 50,
  "risk_mode": "exposure_floor",
  "exposure_delta": 0.01,
  "experiment_tag": "10seed",
  "alpha_ord": 0.5,
  "alpha_hr": 1.0,
  "alpha_topk": 0.3,
  "metrics": {
    "data_2020_train": {
      "macro_f1": 0.6619907053730584,
      "weighted_f1": 0.7863182374273207,
      "mae": 0.909815566992487,
      "qwk": 0.7157694062057753,
      "recall_6_8": 0.8,
      "precision_6_8": 0.8,
      "pr_auc_high": 0.8961753887403061,
      "high_fn_rate": 0.2
    },
    "data_2021_train": {
      "macro_f1": 0.7925941836548726,
      "weighted_f1": 0.8692477689229371,
      "mae": 0.662301996308601,
      "qwk": 0.7905365161410615,
      "recall_6_8": 0.88,
      "precision_6_8": 0.8461538461538461,
      "pr_auc_high": 0.9611086337173296,
      "high_fn_rate": 0.12
    },
    "data_2021_test": {
      "macro_f1": 0.2894809664123815,
      "weighted_f1": 0.6280752613034837,
      "mae": 1.4034402914173258,
      "qwk": 0.2476444665135621,
      "recall_6_8": 0.15384615384615385,
      "precision_6_8": 0.3076923076923077,
      "pr_auc_high": 0.27982290414726857,
      "high_fn_rate": 0.8461538461538461
    }
  },
  "split_sizes": {
    "data_2020": {
      "train": 419,
      "val": 0,
      "test": 0
    },
    "data_2021": {
      "train": 221,
      "val": 0,
      "test": 222
    }
  },
  "risk_summaries": {
    "data_2020": {
      "edge_count": 6603,
      "risk_min": 0.0,
      "risk_max": 0.9584179520606995,
      "risk_mean": 0.021153368055820465,
      "risk_p25": 0.0013409843668341637,
      "risk_p50": 0.0023426078259944916,
      "risk_p75": 0.003903737524524331,
      "risk_p90": 0.008566249161958694,
      "risk_p95": 0.1278088241815567,
      "risk_p99": 0.4326929748058319,
      "zero_risk_edge_count": 16,
      "zero_risk_edge_ratio": 0.002423140996516735,
      "edge_attribute_zero_ratio": 0.928365894290474,
      "matrix_5x8": [
        [
          7,
          323,
          564,
          250,
          63,
          30,
          71,
          13
        ],
        [
          0,
          496,
          416,
          174,
          48,
          52,
          127,
          8
        ],
        [
          0,
          364,
          489,
          214,
          110,
          62,
          79,
          2
        ],
        [
          5,
          404,
          431,
          220,
          92,
          63,
          77,
          29
        ],
        [
          4,
          291,
          547,
          230,
          76,
          55,
          109,
          8
        ]
      ]
    },
    "data_2021": {
      "edge_count": 7647,
      "risk_min": 0.0,
      "risk_max": 0.8560916781425476,
      "risk_mean": 0.018691815435886383,
      "risk_p25": 0.0013757176930084825,
      "risk_p50": 0.002313739387318492,
      "risk_p75": 0.0037960705813020468,
      "risk_p90": 0.008547741919755936,
      "risk_p95": 0.1084950640797615,
      "risk_p99": 0.4186486005783081,
      "zero_risk_edge_count": 11,
      "zero_risk_edge_ratio": 0.0014384726036354126,
      "edge_attribute_zero_ratio": 0.9314763959722767,
      "matrix_5x8": [
        [
          1,
          434,
          615,
          323,
          90,
          9,
          56,
          2
        ],
        [
          1,
          573,
          465,
          224,
          105,
          46,
          115,
          0
        ],
        [
          2,
          397,
          589,
          286,
          117,
          53,
          84,
          2
        ],
        [
          2,
          364,
          534,
          374,
          103,
          61,
          68,
          23
        ],
        [
          5,
          336,
          602,
          343,
          75,
          59,
          106,
          3
        ]
      ]
    }
  }
}