beta,lambda_concentration,runs,pyvrp_cost_mean,pyvrp_cost_std,global_risk_mean,global_risk_std,global_cvar90_mean,global_cvar90_std,max_vehicle_risk_mean,max_vehicle_risk_std,max_vehicle_cvar90_mean,max_vehicle_cvar90_std,vehicle_risk_gini_mean,vehicle_risk_gini_std,risk_variance_mean,risk_variance_std,edge_burden_gini_used_mean,edge_burden_gini_used_std,top10_burden_share_mean,top10_burden_share_std,max_edge_burden_mean,max_edge_burden_std,cost_increase_pct,risk_reduction_pct
0.0,0.0,10,146730.9,582.7275807213293,10.952549640519875,0.8168687107933637,0.19525983848389009,0.08796023308108644,3.6572114390393837,0.21844889826827155,0.5291571558905499,0.09350984691392783,0.23834222912037095,0.02457339913690684,0.9436260589684087,0.20534306167679636,0.8810172143408167,0.005224337104740626,0.9036686598313205,0.007033630929487821,1.2313646912574767,0.40524318748648197,0.0,0.0
1.0,0.0,10,171902.9,598.4103850108961,3.5103149530260582,0.16647817479022928,0.05154523043728415,0.0029261886016463284,1.2363862462851103,0.17406875823612153,0.10155475167557597,0.025725732364246568,0.2947835223355952,0.060067061196429794,0.1472020760510534,0.06815720735103704,0.7946273997080873,0.006400185334818458,0.7477569509275936,0.012075355318409697,0.5162423133850098,0.00395014794943814,0.1715521406874762,0.679497918910129
2.0,0.0,10,183025.8,381.10010350154573,2.9359444549640705,0.1661392416614399,0.04020188583469166,0.0025610836132384097,1.0185985759540928,0.07757658767370285,0.07758494699906027,0.010485807248033899,0.2417615505423889,0.038344199362347994,0.06934833545101707,0.017285500509753974,0.7562927060943838,0.009627856278296296,0.6947045264366503,0.015405601385975243,0.5049999952316284,0.0,0.24735689619568882,0.7319396349409794
