beta,lambda_concentration,runs,pyvrp_cost_mean,pyvrp_cost_std,global_risk_mean,global_risk_std,global_cvar90_mean,global_cvar90_std,max_vehicle_risk_mean,max_vehicle_risk_std,max_vehicle_cvar90_mean,max_vehicle_cvar90_std,vehicle_risk_gini_mean,vehicle_risk_gini_std,risk_variance_mean,risk_variance_std,edge_burden_gini_used_mean,edge_burden_gini_used_std,top10_burden_share_mean,top10_burden_share_std,max_edge_burden_mean,max_edge_burden_std,cost_increase_pct,risk_reduction_pct
0.0,0.0,10,133997.6,0.6992058987801011,7.169804455598134,0.8371195805775452,0.22702602485437656,0.03520618458897306,2.2466913460415445,0.3682223942477182,0.36114259969880813,0.11251167882611231,0.19828864255892575,0.061993991007600995,0.29969313162869304,0.19239827553465547,0.8766635886710047,0.009342498192781773,0.8955146866494468,0.009257442628035021,1.1459787398767884,0.42581563237635817,0.0,0.0
1.0,0.0,10,154245.2,194.07833470019264,2.307797562251797,0.09566934560250141,0.046474481109529675,0.002588461199061664,0.7718943424058187,0.10071697280987642,0.08665784578976735,0.02017230829837085,0.22285327075174952,0.0758717307600812,0.040246457242265575,0.02262684233228571,0.7611347793848405,0.008220477415198211,0.7264039756312489,0.010394361575986288,0.36069900069523964,0.022884499341526088,0.15110419888117402,0.6781226633802317
