beta,lambda_concentration,runs,pyvrp_cost_mean,pyvrp_cost_std,global_risk_mean,global_risk_std,global_cvar90_mean,global_cvar90_std,max_vehicle_risk_mean,max_vehicle_risk_std,max_vehicle_cvar90_mean,max_vehicle_cvar90_std,vehicle_risk_gini_mean,vehicle_risk_gini_std,risk_variance_mean,risk_variance_std,edge_burden_gini_used_mean,edge_burden_gini_used_std,top10_burden_share_mean,top10_burden_share_std,max_edge_burden_mean,max_edge_burden_std,cost_increase_pct,risk_reduction_pct
0.0,0.0,10,146730.9,582.7275807213293,15.10852457615547,0.920690545989446,0.42732757737681304,0.07469117603233033,4.630639045522548,0.41489125787963343,0.645646112249011,0.09317405859325836,0.18614851536313629,0.035145569862914824,1.1029885704608062,0.3635675989457869,0.8505950731306449,0.004845213880059257,0.8900362123537768,0.014635194306556467,1.6624033093452453,0.17886868453884555,0.0,0.0
1.0,0.0,10,185787.4,514.7714055772717,7.76461733803153,0.43871982662631204,0.21018141708434784,0.01952038098890174,2.818633453082293,0.32657723996607363,0.30302687527929684,0.040582135167940465,0.31088678026098043,0.04547764255078947,0.8222205110878129,0.2524151300367613,0.8097271996016693,0.0050938404033953905,0.8265549247218311,0.008840620980213832,0.9889121055603027,0.0,0.2661777444287468,0.4860770620655926
