beta,lambda_concentration,runs,pyvrp_cost_mean,pyvrp_cost_std,global_risk_mean,global_risk_std,global_cvar90_mean,global_cvar90_std,max_vehicle_risk_mean,max_vehicle_risk_std,max_vehicle_cvar90_mean,max_vehicle_cvar90_std,vehicle_risk_gini_mean,vehicle_risk_gini_std,risk_variance_mean,risk_variance_std,edge_burden_gini_used_mean,edge_burden_gini_used_std,top10_burden_share_mean,top10_burden_share_std,max_edge_burden_mean,max_edge_burden_std,cost_increase_pct,risk_reduction_pct
0.0,0.0,10,133997.6,0.6992058987801011,7.072628750828153,0.8277103254920065,0.2240331405257055,0.03472659474256565,2.2209106057300234,0.36684561377949565,0.35728698811183374,0.11183843674671005,0.19904279643438175,0.06213550426149502,0.29437317081299613,0.1894093175111745,0.8771522240622612,0.009326917868640577,0.895893088757548,0.00925685139676893,1.1382668793201447,0.42295010733173244,0.0,0.0
1.0,0.0,10,154378.9,135.53142317066795,2.2927612653678806,0.1867157035686775,0.04683778013254135,0.005345934850578189,0.7025378820952028,0.1064832781641099,0.07586086612372171,0.01968230735360584,0.16797558711286403,0.057049056224479526,0.023680911313362175,0.015505053585134146,0.7594086853013573,0.014900290696134829,0.7240204211209644,0.02187146990753241,0.345416784286499,0.0,0.15210197794587357,0.6758261537338446
