{
  "model": "ua_teg_gnn",
  "split": "B",
  "seed": 1,
  "epochs": 50,
  "risk_mode": "exposure_floor",
  "exposure_delta": 0.01,
  "uncertainty_tau": 0.25,
  "experiment_tag": "ua_pretest_3seed",
  "alpha_ord": 0.3,
  "alpha_hr": 0.5,
  "alpha_topk": 0.1,
  "lambda_nll": 0.2,
  "lambda_var": 0.01,
  "metrics": {
    "data_2020_train": {
      "macro_f1": 0.3053389150105325,
      "weighted_f1": 0.6574121297484358,
      "mae": 1.0361353467175483,
      "qwk": 0.49390041418067043,
      "recall_6_8": 0.5,
      "precision_6_8": 0.6451612903225806,
      "pr_auc_high": 0.646569116683208,
      "high_fn_rate": 0.5,
      "brier": 0.4101342558860779,
      "ece": 0.09319150906616296,
      "ordinal_nll": 0.7129496018850452,
      "uncertainty_mean": 1.2106600999832153,
      "correct_uncertainty": 1.1181124448776245,
      "error_uncertainty": 1.4553078413009644,
      "error_uncertainty_corr": 0.26072913694387834,
      "high_fn_uncertainty": 1.5603817701339722
    },
    "data_2021_train": {
      "macro_f1": 0.3201119882554377,
      "weighted_f1": 0.6545847636930976,
      "mae": 1.0012077127019865,
      "qwk": 0.5142997784888015,
      "recall_6_8": 0.52,
      "precision_6_8": 0.65,
      "pr_auc_high": 0.6823812527791249,
      "high_fn_rate": 0.48,
      "brier": 0.39950335025787354,
      "ece": 0.09055965033052193,
      "ordinal_nll": 0.6708221293173319,
      "uncertainty_mean": 1.2048654556274414,
      "correct_uncertainty": 1.126670241355896,
      "error_uncertainty": 1.4099677801132202,
      "error_uncertainty_corr": 0.20961315687492402,
      "high_fn_uncertainty": 1.2953846454620361
    },
    "data_2021_test": {
      "macro_f1": 0.1994064465408805,
      "weighted_f1": 0.5535643662530455,
      "mae": 1.372170899450387,
      "qwk": 0.2562891308863239,
      "recall_6_8": 0.23076923076923078,
      "precision_6_8": 0.4,
      "pr_auc_high": 0.34450772893111575,
      "high_fn_rate": 0.7692307692307693,
      "brier": 0.5427803993225098,
      "ece": 0.08211360039474727,
      "ordinal_nll": 1.3247086104069954,
      "uncertainty_mean": 1.2190872430801392,
      "correct_uncertainty": 1.0878596305847168,
      "error_uncertainty": 1.4431343078613281,
      "error_uncertainty_corr": 0.3085109323459795,
      "high_fn_uncertainty": 1.3874253034591675
    }
  },
  "split_sizes": {
    "data_2020": {
      "train": 419,
      "val": 0,
      "test": 0
    },
    "data_2021": {
      "train": 221,
      "val": 0,
      "test": 222
    }
  },
  "risk_summaries": {
    "data_2020": {
      "edge_count": 6603,
      "risk_min": 0.00024359175586141646,
      "risk_max": 1.0,
      "risk_mean": 0.02820836380124092,
      "risk_p25": 0.0018997797742486,
      "risk_p50": 0.0027771343011409044,
      "risk_p75": 0.005778515711426735,
      "risk_p90": 0.009999999776482582,
      "risk_p95": 0.1649441123008728,
      "risk_p99": 0.5778515934944153,
      "zero_risk_edge_count": 0,
      "zero_risk_edge_ratio": 0.0,
      "edge_attribute_zero_ratio": 0.928365894290474,
      "matrix_5x8": [
        [
          0,
          558,
          437,
          159,
          61,
          38,
          68,
          0
        ],
        [
          0,
          586,
          363,
          151,
          58,
          38,
          125,
          0
        ],
        [
          0,
          489,
          406,
          153,
          134,
          57,
          81,
          0
        ],
        [
          0,
          469,
          442,
          163,
          93,
          58,
          96,
          0
        ],
        [
          0,
          383,
          514,
          168,
          86,
          68,
          101,
          0
        ]
      ]
    },
    "data_2021": {
      "edge_count": 7647,
      "risk_min": 9.845144813880324e-05,
      "risk_max": 0.9999998807907104,
      "risk_mean": 0.02560894563794136,
      "risk_p25": 0.0019015586003661156,
      "risk_p50": 0.0026980789843946695,
      "risk_p75": 0.0055005657486617565,
      "risk_p90": 0.009999999776482582,
      "risk_p95": 0.13727383315563202,
      "risk_p99": 0.5160250067710876,
      "zero_risk_edge_count": 0,
      "zero_risk_edge_ratio": 0.0,
      "edge_attribute_zero_ratio": 0.9314763959722767,
      "matrix_5x8": [
        [
          0,
          649,
          566,
          201,
          47,
          18,
          49,
          0
        ],
        [
          0,
          631,
          470,
          156,
          122,
          66,
          84,
          0
        ],
        [
          0,
          537,
          504,
          217,
          139,
          59,
          74,
          0
        ],
        [
          0,
          539,
          500,
          189,
          163,
          88,
          50,
          0
        ],
        [
          0,
          494,
          539,
          215,
          108,
          95,
          78,
          0
        ]
      ]
    }
  }
}