beta,lambda_concentration,runs,pyvrp_cost_mean,pyvrp_cost_std,global_risk_mean,global_risk_std,global_cvar90_mean,global_cvar90_std,max_vehicle_risk_mean,max_vehicle_risk_std,max_vehicle_cvar90_mean,max_vehicle_cvar90_std,vehicle_risk_gini_mean,vehicle_risk_gini_std,risk_variance_mean,risk_variance_std,edge_burden_gini_used_mean,edge_burden_gini_used_std,top10_burden_share_mean,top10_burden_share_std,max_edge_burden_mean,max_edge_burden_std,cost_increase_pct,risk_reduction_pct
0.0,0.0,10,133997.5,0.7071067811865476,8.803669332258869,0.8685633431502675,0.27818803981058576,0.044009148843466545,2.639760039251996,0.5260547248027416,0.4520146373442063,0.1170208444807035,0.1554800230812416,0.06073568881914833,0.33431289120606855,0.30037491539737593,0.8758259907475493,0.007553468997012519,0.9010643272310194,0.005903926006756479,1.324266242980957,0.3670649869468256,0.0,0.0
1.0,0.0,10,160054.1,256.0830811366585,3.4099757550284266,0.11498266026947748,0.07506752607249999,0.005051731610546643,1.1601483413600362,0.10358517101069609,0.14887797301302533,0.015273205783898581,0.29472392991920754,0.04410691294178197,0.13485642637292453,0.04425652310325109,0.8116521981225346,0.004949208137363652,0.7895175941141901,0.00607640701193478,0.8629770874977112,0.0,0.19445586671393128,0.6126642623282059
