beta,lambda_concentration,runs,pyvrp_cost_mean,pyvrp_cost_std,global_risk_mean,global_risk_std,global_cvar90_mean,global_cvar90_std,max_vehicle_risk_mean,max_vehicle_risk_std,max_vehicle_cvar90_mean,max_vehicle_cvar90_std,vehicle_risk_gini_mean,vehicle_risk_gini_std,risk_variance_mean,risk_variance_std,edge_burden_gini_used_mean,edge_burden_gini_used_std,top10_burden_share_mean,top10_burden_share_std,max_edge_burden_mean,max_edge_burden_std,cost_increase_pct,risk_reduction_pct
0.0,0.0,10,133997.5,0.7071067811865476,7.576640817010775,0.7933624917068947,0.2425838526098715,0.04175170678208946,2.483964499463764,0.2994691216207124,0.41179403740136583,0.08104145009708766,0.22117973932924745,0.05594664714726914,0.4295874012080748,0.19591864183060895,0.8823701543152953,0.009893394790949264,0.903110404533445,0.009716432353527047,1.2198675513267516,0.40840887314192403,0.0,0.0
1.0,0.0,10,156818.2,297.16542344103374,2.4079331960434502,0.14075158637134758,0.05224887001696251,0.00559269941187224,0.8740883829785162,0.10433976763611588,0.09504274998344334,0.021773933704737094,0.25402244746296077,0.0364768619519408,0.05343578426372316,0.020595884474978135,0.7895439581854877,0.009473944765337953,0.7538250633066989,0.015149622244156544,0.4518386125564575,0.0002558703377055272,0.1703069087109835,0.6821898709203773
