beta,lambda_concentration,runs,pyvrp_cost_mean,pyvrp_cost_std,global_risk_mean,global_risk_std,global_cvar90_mean,global_cvar90_std,max_vehicle_risk_mean,max_vehicle_risk_std,max_vehicle_cvar90_mean,max_vehicle_cvar90_std,vehicle_risk_gini_mean,vehicle_risk_gini_std,risk_variance_mean,risk_variance_std,edge_burden_gini_used_mean,edge_burden_gini_used_std,top10_burden_share_mean,top10_burden_share_std,max_edge_burden_mean,max_edge_burden_std,cost_increase_pct,risk_reduction_pct
0.0,0.0,10,133997.6,0.6992058987801011,6.695491758465505,0.8878956940239502,0.19557040815690008,0.04224484171285682,2.189409306503876,0.44041220738167003,0.3696592725675908,0.10791720600748536,0.21691455986376584,0.07516606018509586,0.3227218202065025,0.23171306464864672,0.8758152209911307,0.010542992841633389,0.8924968651204679,0.010809339170038235,1.111007022857666,0.40974425405390386,0.0,0.0
1.5,1.0,10,169495.3,323.44329745206755,1.4865007263571897,0.012678687020485664,0.022530757656336893,0.0007561570549389245,0.47825918017479124,0.021396172113001797,0.04384462270730486,8.3221145415453e-05,0.23120531493592641,0.009963626254858205,0.01544955962406105,0.001190044908734449,0.6651907266489452,0.0032941293266396734,0.5879165931412063,0.004087286334045815,0.26533424854278564,0.0,0.26491295366484163,0.777984832185254
