{
  "model": "stable_tail_ec_gnn",
  "split": "B",
  "seed": 2,
  "epochs": 50,
  "risk_mode": "exposure_floor",
  "exposure_delta": 0.01,
  "uncertainty_tau": 0.0,
  "experiment_tag": "EC1_d0p05_le0p05",
  "alpha_ord": 0.3,
  "alpha_hr": 0.5,
  "alpha_topk": 0.1,
  "lambda_nll": 0.0,
  "lambda_var": 0.0,
  "ec_delta_max": 0.05,
  "lambda_edge": 0.05,
  "lambda_edge_high": 0.05,
  "lambda_distill": 0.2,
  "lambda_delta": 0.02,
  "ec_teacher_epochs": 50,
  "gamma_unc": 0.5,
  "logvar_min": -5.0,
  "logvar_max": 2.0,
  "metrics": {
    "data_2020_train": {
      "macro_f1": 0.2562601269192189,
      "weighted_f1": 0.6359178163272394,
      "mae": 1.1473740751798078,
      "qwk": 0.419585426205929,
      "recall_6_8": 0.45,
      "precision_6_8": 0.391304347826087,
      "pr_auc_high": 0.4246636357474649,
      "high_fn_rate": 0.55,
      "brier": 0.4478130042552948,
      "ece": 0.12006706344341607
    },
    "data_2021_train": {
      "macro_f1": 0.2798343323343323,
      "weighted_f1": 0.5944414258441408,
      "mae": 1.040049017915672,
      "qwk": 0.4320949414646178,
      "recall_6_8": 0.44,
      "precision_6_8": 0.55,
      "pr_auc_high": 0.5429242952429181,
      "high_fn_rate": 0.56,
      "brier": 0.43772080540657043,
      "ece": 0.1059116587649643
    },
    "data_2021_test": {
      "macro_f1": 0.2338392857142857,
      "weighted_f1": 0.5870431145431145,
      "mae": 1.3345002246666644,
      "qwk": 0.2687670876187995,
      "recall_6_8": 0.3076923076923077,
      "precision_6_8": 0.32,
      "pr_auc_high": 0.3202181544064968,
      "high_fn_rate": 0.6923076923076923,
      "brier": 0.5218968987464905,
      "ece": 0.1089675592275353
    }
  },
  "split_sizes": {
    "data_2020": {
      "train": 419,
      "val": 0,
      "test": 0
    },
    "data_2021": {
      "train": 221,
      "val": 0,
      "test": 222
    }
  },
  "risk_summaries": {
    "data_2020": {
      "edge_count": 6603,
      "risk_min": 0.0,
      "risk_max": 0.760248064994812,
      "risk_mean": 0.01945698820054531,
      "risk_p25": 0.0008246601209975779,
      "risk_p50": 0.0017080834368243814,
      "risk_p75": 0.004151545464992523,
      "risk_p90": 0.007315521594136953,
      "risk_p95": 0.1191619262099266,
      "risk_p99": 0.38392525911331177,
      "zero_risk_edge_count": 293,
      "zero_risk_edge_ratio": 0.044373769498712703,
      "edge_attribute_zero_ratio": 0.928365894290474,
      "matrix_5x8": [
        [
          0,
          515,
          449,
          135,
          88,
          99,
          35,
          0
        ],
        [
          0,
          542,
          377,
          146,
          90,
          69,
          97,
          0
        ],
        [
          0,
          463,
          378,
          167,
          130,
          120,
          62,
          0
        ],
        [
          0,
          462,
          420,
          171,
          62,
          160,
          46,
          0
        ],
        [
          0,
          422,
          423,
          190,
          106,
          109,
          70,
          0
        ]
      ]
    },
    "data_2021": {
      "edge_count": 7647,
      "risk_min": 0.0,
      "risk_max": 0.7936379313468933,
      "risk_mean": 0.01820424757897854,
      "risk_p25": 0.0008790467400103807,
      "risk_p50": 0.0018323591211810708,
      "risk_p75": 0.004285803996026516,
      "risk_p90": 0.007372809574007988,
      "risk_p95": 0.09493618458509445,
      "risk_p99": 0.40776506066322327,
      "zero_risk_edge_count": 335,
      "zero_risk_edge_ratio": 0.04380802929253302,
      "edge_attribute_zero_ratio": 0.9314763959722767,
      "matrix_5x8": [
        [
          0,
          584,
          553,
          168,
          103,
          66,
          56,
          0
        ],
        [
          0,
          612,
          463,
          136,
          164,
          48,
          106,
          0
        ],
        [
          0,
          521,
          475,
          188,
          175,
          89,
          82,
          0
        ],
        [
          0,
          512,
          457,
          163,
          201,
          115,
          81,
          0
        ],
        [
          0,
          442,
          548,
          195,
          142,
          102,
          100,
          0
        ]
      ]
    }
  }
}