{
  "model": "ua_teg_gnn",
  "split": "B",
  "seed": 0,
  "epochs": 50,
  "risk_mode": "exposure_floor",
  "exposure_delta": 0.01,
  "uncertainty_tau": 0.0,
  "experiment_tag": "ua_pretest_3seed",
  "alpha_ord": 0.3,
  "alpha_hr": 0.5,
  "alpha_topk": 0.1,
  "lambda_nll": 0.2,
  "lambda_var": 0.01,
  "metrics": {
    "data_2020_train": {
      "macro_f1": 0.4118154993154993,
      "weighted_f1": 0.702964321102746,
      "mae": 0.7608010049221179,
      "qwk": 0.610985441482643,
      "recall_6_8": 0.625,
      "precision_6_8": 0.6756756756756757,
      "pr_auc_high": 0.7910009383544606,
      "high_fn_rate": 0.375,
      "brier": 0.3205963373184204,
      "ece": 0.07330880657300744,
      "ordinal_nll": 0.7292548606044907,
      "uncertainty_mean": 1.3920444250106812,
      "correct_uncertainty": 1.43354070186615,
      "error_uncertainty": 1.2596710920333862,
      "error_uncertainty_corr": -0.15442786375816517,
      "high_fn_uncertainty": 1.1758884191513062
    },
    "data_2021_train": {
      "macro_f1": 0.5171027184820288,
      "weighted_f1": 0.7372211531237901,
      "mae": 0.6320063463451436,
      "qwk": 0.710670809152549,
      "recall_6_8": 0.72,
      "precision_6_8": 0.9,
      "pr_auc_high": 0.9271935741123729,
      "high_fn_rate": 0.28,
      "brier": 0.286339670419693,
      "ece": 0.06361893770112172,
      "ordinal_nll": 0.6745832012059633,
      "uncertainty_mean": 1.4299391508102417,
      "correct_uncertainty": 1.4919252395629883,
      "error_uncertainty": 1.2065306901931763,
      "error_uncertainty_corr": -0.235858818065843,
      "high_fn_uncertainty": 1.104382872581482
    },
    "data_2021_test": {
      "macro_f1": 0.33071503209434244,
      "weighted_f1": 0.6409949447880481,
      "mae": 1.130661660826702,
      "qwk": 0.36085654505772147,
      "recall_6_8": 0.34615384615384615,
      "precision_6_8": 0.47368421052631576,
      "pr_auc_high": 0.42401496726874527,
      "high_fn_rate": 0.6538461538461539,
      "brier": 0.44126468896865845,
      "ece": 0.06528684416332761,
      "ordinal_nll": 1.2501844895505196,
      "uncertainty_mean": 1.387221097946167,
      "correct_uncertainty": 1.4133139848709106,
      "error_uncertainty": 1.3268569707870483,
      "error_uncertainty_corr": -0.08601961483773059,
      "high_fn_uncertainty": 1.325882911682129
    }
  },
  "split_sizes": {
    "data_2020": {
      "train": 419,
      "val": 0,
      "test": 0
    },
    "data_2021": {
      "train": 221,
      "val": 0,
      "test": 222
    }
  },
  "risk_summaries": {
    "data_2020": {
      "edge_count": 6603,
      "risk_min": 3.916876600840169e-09,
      "risk_max": 0.8513065576553345,
      "risk_mean": 0.01898028329014778,
      "risk_p25": 0.0006768261082470417,
      "risk_p50": 0.001599293784238398,
      "risk_p75": 0.003588330466300249,
      "risk_p90": 0.00824342668056488,
      "risk_p95": 0.0835433080792427,
      "risk_p99": 0.42740803956985474,
      "zero_risk_edge_count": 0,
      "zero_risk_edge_ratio": 0.0,
      "edge_attribute_zero_ratio": 0.928365894290474,
      "matrix_5x8": [
        [
          0,
          729,
          312,
          113,
          25,
          66,
          75,
          1
        ],
        [
          0,
          664,
          285,
          134,
          56,
          49,
          132,
          1
        ],
        [
          0,
          567,
          320,
          196,
          90,
          79,
          67,
          1
        ],
        [
          0,
          602,
          306,
          171,
          71,
          82,
          79,
          10
        ],
        [
          0,
          637,
          291,
          150,
          75,
          64,
          101,
          2
        ]
      ]
    },
    "data_2021": {
      "edge_count": 7647,
      "risk_min": 0.0,
      "risk_max": 0.8433194756507874,
      "risk_mean": 0.016331050544977188,
      "risk_p25": 0.000720013864338398,
      "risk_p50": 0.0016598047222942114,
      "risk_p75": 0.003678208915516734,
      "risk_p90": 0.00814635306596756,
      "risk_p95": 0.06954370439052582,
      "risk_p99": 0.4238150119781494,
      "zero_risk_edge_count": 1,
      "zero_risk_edge_ratio": 0.0001307702366941284,
      "edge_attribute_zero_ratio": 0.9314763959722767,
      "matrix_5x8": [
        [
          0,
          892,
          337,
          160,
          48,
          53,
          38,
          2
        ],
        [
          1,
          731,
          323,
          166,
          137,
          87,
          84,
          0
        ],
        [
          0,
          641,
          403,
          230,
          112,
          82,
          62,
          0
        ],
        [
          0,
          662,
          353,
          215,
          145,
          106,
          38,
          10
        ],
        [
          0,
          706,
          382,
          152,
          108,
          113,
          66,
          2
        ]
      ]
    }
  }
}