{
  "model": "stable_tail_rc_gnn",
  "source_model": "gcn_teg_concat",
  "seed": 0,
  "delta": 0.03,
  "risk_mode": "exposure_floor",
  "exposure_delta": 0.01,
  "posthoc_formula": "clip(S_i_norm + delta * P_high * (1 - S_i_norm), 0, 1)",
  "risk_summaries": {
    "data_2020": {
      "edge_count": 6603,
      "risk_min": 3.405986095777379e-10,
      "risk_max": 0.8788312405733995,
      "risk_mean": 0.01848518619672556,
      "risk_p25": 0.00056519506655884,
      "risk_p50": 0.0015381290340542155,
      "risk_p75": 0.0035279912018965484,
      "risk_p90": 0.00858758403368544,
      "risk_p95": 0.08070106810934821,
      "risk_p99": 0.43417978927115597,
      "zero_risk_edge_count": 0,
      "zero_risk_edge_ratio": 0.0,
      "edge_attribute_zero_ratio": 0.928365894290474,
      "matrix_5x8": [
        [
          0,
          764,
          299,
          90,
          61,
          24,
          68,
          15
        ],
        [
          0,
          694,
          298,
          116,
          35,
          38,
          132,
          8
        ],
        [
          0,
          621,
          331,
          147,
          95,
          43,
          80,
          3
        ],
        [
          0,
          645,
          302,
          141,
          67,
          56,
          82,
          28
        ],
        [
          0,
          628,
          355,
          111,
          68,
          33,
          111,
          14
        ]
      ]
    },
    "data_2021": {
      "edge_count": 7647,
      "risk_min": 1.2715033209663337e-17,
      "risk_max": 0.8539878145603697,
      "risk_mean": 0.01581538495359397,
      "risk_p25": 0.0005941055617358971,
      "risk_p50": 0.0015292818962135046,
      "risk_p75": 0.0034963014838481736,
      "risk_p90": 0.008425428795236233,
      "risk_p95": 0.06949524826893567,
      "risk_p99": 0.4139652653702682,
      "zero_risk_edge_count": 1,
      "zero_risk_edge_ratio": 0.0001307702366941284,
      "edge_attribute_zero_ratio": 0.9314763959722767,
      "matrix_5x8": [
        [
          1,
          917,
          320,
          167,
          76,
          7,
          38,
          4
        ],
        [
          0,
          752,
          335,
          145,
          129,
          51,
          117,
          0
        ],
        [
          0,
          700,
          380,
          218,
          94,
          32,
          100,
          6
        ],
        [
          0,
          740,
          330,
          180,
          127,
          59,
          80,
          13
        ],
        [
          0,
          726,
          385,
          171,
          86,
          53,
          103,
          5
        ]
      ]
    }
  }
}