{
  "name": "fusion_gcn_teg_low_rho025_splitB_seed2_epochs50_10seed_floor_0p01",
  "risk_dirs": [
    "D:\\PyVRP-main\\hazmat_risk_experiments\\outputs_10seed\\risk_matrices\\gcn_splitB_seed2_epochs50_10seed_floor_0p01",
    "D:\\PyVRP-main\\hazmat_risk_experiments\\outputs_10seed\\risk_matrices\\teg_gnn_splitB_seed2_epochs50_teg_low_tail_10seed_floor_0p01"
  ],
  "weights": [
    0.75,
    0.25
  ],
  "ensemble": "mean node probabilities",
  "summaries": [
    {
      "year": "data_2020",
      "edge_count": 6603,
      "risk_mean": 0.021403483163961564,
      "risk_p95": 0.1253467951675872,
      "risk_p99": 0.43242110007212936,
      "risk_max": 0.9510816673843822
    },
    {
      "year": "data_2021",
      "edge_count": 7647,
      "risk_mean": 0.01927285807954211,
      "risk_p95": 0.10850343802614243,
      "risk_p99": 0.4231527435804233,
      "risk_max": 0.8831552222604783
    }
  ]
}