{
  "year": "data_2021",
  "risk_dir": "D:\\PyVRP-main\\hazmat_risk_experiments\\outputs\\risk_matrices\\teg_gnn_splitB_seed0_epochs20_floor_0p001",
  "num_pairs": 3,
  "num_successful_pairs": 3,
  "num_failures": 0,
  "pairs_per_group": 1,
  "k_paths": 5,
  "lambda_re": 0.0,
  "cvar_alpha": 0.9,
  "re_threshold": "mean",
  "re_threshold_value": 0.020969236826882696,
  "risk_floor": 0.0,
  "seed": 0,
  "largest_component_nodes": 4357,
  "largest_component_edges": 6650,
  "risk_diagnostics": {
    "edge_count": 6650,
    "zero_risk_edge_count": 0,
    "zero_risk_edge_ratio": 0.0,
    "risk_min": 2.883264187403256e-06,
    "risk_p25": 0.00042959151323884726,
    "risk_p50": 0.0004604854912031442,
    "risk_p75": 0.0004989505396224558,
    "risk_p90": 0.0008533673244528472,
    "risk_p95": 0.2003301754593848,
    "risk_p99": 0.4439540755748749,
    "risk_max": 0.8566391468048096,
    "edge_attribute_zero_ratio": 0.0,
    "S_i_norm_zero_or_near_zero_ratio": 0.00022951572182694515
  }
}