beta,lambda_concentration,runs,pyvrp_cost_mean,pyvrp_cost_std,global_risk_mean,global_risk_std,global_cvar90_mean,global_cvar90_std,max_vehicle_risk_mean,max_vehicle_risk_std,max_vehicle_cvar90_mean,max_vehicle_cvar90_std,vehicle_risk_gini_mean,vehicle_risk_gini_std,risk_variance_mean,risk_variance_std,edge_burden_gini_used_mean,edge_burden_gini_used_std,top10_burden_share_mean,top10_burden_share_std,max_edge_burden_mean,max_edge_burden_std,cost_increase_pct,risk_reduction_pct
0.0,0.0,10,146730.9,582.7275807213293,9.27549076368275,0.6908453669835418,0.2919173021484663,0.03263832109842078,3.0214392247711657,0.2284047939240121,0.4297546735175309,0.0490401252986033,0.2090189648895347,0.03673629421398098,0.5452269792111475,0.1686742908263887,0.8771108454984592,0.00547834975572836,0.8984824379319012,0.007507431653192463,1.1844574689865113,0.3022661042412626,0.0,0.0
1.5,1.0,10,203178.8,181.12537094509977,2.852124130843322,0.02496785345644578,0.05408790452416273,0.0010891556356154156,1.143967030983731,0.14819738454472559,0.14482066237245395,0.011397914505358143,0.29904513384044307,0.06669014534191872,0.11299695892298625,0.06068291633179919,0.7782425210648625,0.0015542351076904073,0.7291284531483344,0.003707824325118415,0.8629772067070007,0.0,0.3847035627805731,0.69250962525765
