{
  "model": "gcn_teg_concat",
  "split": "B",
  "seed": 6,
  "epochs": 50,
  "risk_mode": "exposure_floor",
  "exposure_delta": 0.01,
  "experiment_tag": "10seed",
  "alpha_ord": 0.3,
  "alpha_hr": 0.5,
  "alpha_topk": 0.1,
  "metrics": {
    "data_2020_train": {
      "macro_f1": 0.45293480134495795,
      "weighted_f1": 0.7083792035568613,
      "mae": 0.853228815974793,
      "qwk": 0.602293634643765,
      "recall_6_8": 0.65,
      "precision_6_8": 0.6341463414634146,
      "pr_auc_high": 0.7297473868821533,
      "high_fn_rate": 0.35
    },
    "data_2021_train": {
      "macro_f1": 0.6300979547972819,
      "weighted_f1": 0.7630232625710783,
      "mae": 0.7276130295916611,
      "qwk": 0.6933016032064128,
      "recall_6_8": 0.8,
      "precision_6_8": 0.7142857142857143,
      "pr_auc_high": 0.8471813103037162,
      "high_fn_rate": 0.2
    },
    "data_2021_test": {
      "macro_f1": 0.25654358338801,
      "weighted_f1": 0.5983968075387481,
      "mae": 1.2199745204943098,
      "qwk": 0.3424885142655195,
      "recall_6_8": 0.34615384615384615,
      "precision_6_8": 0.4090909090909091,
      "pr_auc_high": 0.30613280469884274,
      "high_fn_rate": 0.6538461538461539
    }
  },
  "split_sizes": {
    "data_2020": {
      "train": 419,
      "val": 0,
      "test": 0
    },
    "data_2021": {
      "train": 221,
      "val": 0,
      "test": 222
    }
  },
  "risk_summaries": {
    "data_2020": {
      "edge_count": 6603,
      "risk_min": 3.4059796649721363e-10,
      "risk_max": 0.8445020318031311,
      "risk_mean": 0.0190961305052042,
      "risk_p25": 0.0008116677636280656,
      "risk_p50": 0.001727955648675561,
      "risk_p75": 0.003988422453403473,
      "risk_p90": 0.008225611411035061,
      "risk_p95": 0.07319165021181107,
      "risk_p99": 0.4223114848136902,
      "zero_risk_edge_count": 0,
      "zero_risk_edge_ratio": 0.0,
      "edge_attribute_zero_ratio": 0.928365894290474,
      "matrix_5x8": [
        [
          0,
          663,
          359,
          140,
          51,
          45,
          63,
          0
        ],
        [
          0,
          626,
          272,
          132,
          81,
          74,
          135,
          1
        ],
        [
          0,
          576,
          306,
          154,
          95,
          78,
          111,
          0
        ],
        [
          0,
          609,
          283,
          134,
          89,
          93,
          113,
          0
        ],
        [
          0,
          597,
          322,
          118,
          102,
          65,
          115,
          1
        ]
      ]
    },
    "data_2021": {
      "edge_count": 7647,
      "risk_min": 0.0,
      "risk_max": 0.8452827334403992,
      "risk_mean": 0.016727056354284286,
      "risk_p25": 0.0008310542907565832,
      "risk_p50": 0.0016856465954333544,
      "risk_p75": 0.004008122719824314,
      "risk_p90": 0.00759237352758646,
      "risk_p95": 0.05861417576670647,
      "risk_p99": 0.41443654894828796,
      "zero_risk_edge_count": 6,
      "zero_risk_edge_ratio": 0.0007846214201647705,
      "edge_attribute_zero_ratio": 0.9314763959722767,
      "matrix_5x8": [
        [
          1,
          783,
          467,
          123,
          67,
          32,
          57,
          0
        ],
        [
          2,
          755,
          348,
          124,
          103,
          86,
          111,
          0
        ],
        [
          0,
          703,
          374,
          167,
          100,
          81,
          104,
          1
        ],
        [
          0,
          680,
          316,
          151,
          134,
          138,
          99,
          11
        ],
        [
          3,
          672,
          424,
          111,
          94,
          103,
          119,
          3
        ]
      ]
    }
  }
}