beta,lambda_concentration,runs,pyvrp_cost_mean,pyvrp_cost_std,global_risk_mean,global_risk_std,global_cvar90_mean,global_cvar90_std,max_vehicle_risk_mean,max_vehicle_risk_std,max_vehicle_cvar90_mean,max_vehicle_cvar90_std,vehicle_risk_gini_mean,vehicle_risk_gini_std,risk_variance_mean,risk_variance_std,edge_burden_gini_used_mean,edge_burden_gini_used_std,top10_burden_share_mean,top10_burden_share_std,max_edge_burden_mean,max_edge_burden_std,cost_increase_pct,risk_reduction_pct
0.0,0.0,3,133997.33333333334,0.5773502691896258,7.445017003202035,0.9875490993632305,0.23596476539332642,0.054944638338176914,2.1373359785260013,0.2668502302168499,0.35207305376728376,0.06537747043692471,0.14346451855795875,0.038442039405591044,0.1893784396949234,0.14499213859982216,0.8624204804921582,0.002424860915753375,0.8865311758586398,0.0011112660492613319,0.8696877360343933,0.0,0.0,0.0
1.0,0.0,3,157056.33333333334,236.71361036774658,3.02473035446504,0.29695197956446373,0.08331054123529157,0.012401682549640749,1.0092769606077734,0.2528499836352271,0.13254263872901598,0.024939180379042206,0.21941738241070596,0.16367290490651654,0.07188317478292085,0.08910512194715754,0.7881563138149019,0.016493661466489454,0.7744733916330101,0.025787557675444557,0.4075877070426941,0.0,0.17208551413958487,0.5937241844894748
