beta,lambda_concentration,runs,pyvrp_cost_mean,pyvrp_cost_std,global_risk_mean,global_risk_std,global_cvar90_mean,global_cvar90_std,max_vehicle_risk_mean,max_vehicle_risk_std,max_vehicle_cvar90_mean,max_vehicle_cvar90_std,vehicle_risk_gini_mean,vehicle_risk_gini_std,risk_variance_mean,risk_variance_std,edge_burden_gini_used_mean,edge_burden_gini_used_std,top10_burden_share_mean,top10_burden_share_std,max_edge_burden_mean,max_edge_burden_std,cost_increase_pct,risk_reduction_pct
0.0,0.0,5,133997.4,0.5477225575051661,8.474322735960595,0.923429800201391,0.2640412518087038,0.04857083928750541,2.4763890031550546,0.3547658795956308,0.4040997814961399,0.12845203253720625,0.144052494793045,0.021771527645982138,0.23430531323942166,0.1040907740932437,0.8758047284243119,0.006525510040321264,0.9018339451793773,0.0061367086845139415,1.0878682613372803,0.39773426122911437,0.0,0.0
1.0,0.0,5,157966.6,269.55852796748985,3.4243322598078523,0.12913862334270534,0.08972384916238887,0.0123068802022281,1.1399345744372114,0.0937095865098865,0.1439346667822628,0.021055047169152928,0.3060560825626796,0.05806914828041458,0.14857812410794186,0.047720332958713994,0.8278368958387864,0.0029520019747005764,0.8025431137645332,0.0050527217184243335,0.9099960923194885,0.0,0.1788780976347303,0.5959167043193466
