beta,lambda_concentration,runs,pyvrp_cost_mean,pyvrp_cost_std,global_risk_mean,global_risk_std,global_cvar90_mean,global_cvar90_std,max_vehicle_risk_mean,max_vehicle_risk_std,max_vehicle_cvar90_mean,max_vehicle_cvar90_std,vehicle_risk_gini_mean,vehicle_risk_gini_std,risk_variance_mean,risk_variance_std,edge_burden_gini_used_mean,edge_burden_gini_used_std,top10_burden_share_mean,top10_burden_share_std,max_edge_burden_mean,max_edge_burden_std,cost_increase_pct,risk_reduction_pct
0.0,0.0,10,133997.5,0.7071067811865476,6.28295041116653,0.6426778559811189,0.17717418667522908,0.037652565818899135,1.8695658983102477,0.3460075686115143,0.3304168334582614,0.07665136366182855,0.1683765402337068,0.0608035672718501,0.1793107645863847,0.13432430026552342,0.8752196752649961,0.006111617458720504,0.892367910601029,0.007119879552274906,0.9450774669647217,0.11216377336354429,0.0,0.0
2.0,2.0,10,180983.4,425.8458771798913,1.495433843680439,0.02374576512108991,0.030519808285666267,0.0011957286591977887,0.4121306415538129,0.007117180773105526,0.04516526417185863,0.002148395507845737,0.18821084786867118,0.008227443321204257,0.010981381620415856,0.0009995516468191774,0.6952195714684241,0.005933898844143553,0.6119358060570385,0.00796868855679762,0.22484923899173737,0.0,0.3506475867087072,0.7619854135688537
