{
  "model": "stable_tail_rc_gnn",
  "source_model": "gcn_teg_concat",
  "seed": 2,
  "delta": 0.15,
  "risk_mode": "exposure_floor",
  "exposure_delta": 0.01,
  "posthoc_formula": "clip(S_i_norm + delta * P_high * (1 - S_i_norm), 0, 1)",
  "risk_summaries": {
    "data_2020": {
      "edge_count": 6603,
      "risk_min": 3.097738530585978e-07,
      "risk_max": 0.9406880181717895,
      "risk_mean": 0.020421289922627067,
      "risk_p25": 0.0007747766800705444,
      "risk_p50": 0.001752858181623259,
      "risk_p75": 0.004079034589677774,
      "risk_p90": 0.008720640170004968,
      "risk_p95": 0.08695875343607047,
      "risk_p99": 0.4403923342704614,
      "zero_risk_edge_count": 0,
      "zero_risk_edge_ratio": 0.0,
      "edge_attribute_zero_ratio": 0.928365894290474,
      "matrix_5x8": [
        [
          0,
          667,
          303,
          174,
          48,
          46,
          60,
          23
        ],
        [
          0,
          722,
          215,
          127,
          66,
          39,
          80,
          72
        ],
        [
          0,
          619,
          244,
          191,
          72,
          95,
          70,
          29
        ],
        [
          0,
          623,
          303,
          137,
          58,
          55,
          98,
          47
        ],
        [
          0,
          573,
          330,
          170,
          65,
          54,
          101,
          27
        ]
      ]
    },
    "data_2021": {
      "edge_count": 7647,
      "risk_min": 3.405979777586154e-10,
      "risk_max": 0.9145578619264951,
      "risk_mean": 0.018710221324158657,
      "risk_p25": 0.0008203012505804631,
      "risk_p50": 0.0018421625269365647,
      "risk_p75": 0.004297585841601498,
      "risk_p90": 0.0087157898460134,
      "risk_p95": 0.0759880301333163,
      "risk_p99": 0.4404188987019044,
      "zero_risk_edge_count": 0,
      "zero_risk_edge_ratio": 0.0,
      "edge_attribute_zero_ratio": 0.9314763959722767,
      "matrix_5x8": [
        [
          0,
          749,
          449,
          150,
          110,
          8,
          48,
          16
        ],
        [
          0,
          783,
          336,
          106,
          103,
          41,
          92,
          68
        ],
        [
          0,
          689,
          346,
          188,
          145,
          29,
          94,
          39
        ],
        [
          0,
          672,
          334,
          164,
          139,
          49,
          108,
          63
        ],
        [
          0,
          639,
          437,
          136,
          94,
          41,
          116,
          66
        ]
      ]
    }
  }
}