{
  "model": "teg_gnn",
  "split": "B",
  "seed": 2,
  "epochs": 50,
  "risk_mode": "exposure_floor",
  "exposure_delta": 0.01,
  "experiment_tag": "teg_low_tail_10seed",
  "alpha_ord": 0.3,
  "alpha_hr": 0.5,
  "alpha_topk": 0.1,
  "metrics": {
    "data_2020_train": {
      "macro_f1": 0.5888616463444707,
      "weighted_f1": 0.7391201258193766,
      "mae": 1.2485475962980546,
      "qwk": 0.6327555594547285,
      "recall_6_8": 0.7,
      "precision_6_8": 0.6829268292682927,
      "pr_auc_high": 0.805362977155878,
      "high_fn_rate": 0.3
    },
    "data_2021_train": {
      "macro_f1": 0.6919261381260242,
      "weighted_f1": 0.7919571646011583,
      "mae": 1.127564441703552,
      "qwk": 0.7252297080853387,
      "recall_6_8": 0.72,
      "precision_6_8": 0.8181818181818182,
      "pr_auc_high": 0.8807190755208785,
      "high_fn_rate": 0.28
    },
    "data_2021_test": {
      "macro_f1": 0.2782996517371517,
      "weighted_f1": 0.5815878753378754,
      "mae": 1.5343275707452186,
      "qwk": 0.3523246738766864,
      "recall_6_8": 0.34615384615384615,
      "precision_6_8": 0.4090909090909091,
      "pr_auc_high": 0.4131748853334019,
      "high_fn_rate": 0.6538461538461539
    }
  },
  "split_sizes": {
    "data_2020": {
      "train": 419,
      "val": 0,
      "test": 0
    },
    "data_2021": {
      "train": 221,
      "val": 0,
      "test": 222
    }
  },
  "risk_summaries": {
    "data_2020": {
      "edge_count": 6603,
      "risk_min": 2.972057700389996e-06,
      "risk_max": 0.9360021948814392,
      "risk_mean": 0.022026266902685165,
      "risk_p25": 0.0028977985493838787,
      "risk_p50": 0.0037950698751956224,
      "risk_p75": 0.004937282297760248,
      "risk_p90": 0.008570143021643162,
      "risk_p95": 0.12623685598373413,
      "risk_p99": 0.43279221653938293,
      "zero_risk_edge_count": 0,
      "zero_risk_edge_ratio": 0.0,
      "edge_attribute_zero_ratio": 0.928365894290474,
      "matrix_5x8": [
        [
          0,
          67,
          188,
          650,
          307,
          25,
          71,
          13
        ],
        [
          0,
          92,
          307,
          463,
          255,
          56,
          141,
          7
        ],
        [
          0,
          85,
          306,
          519,
          258,
          73,
          77,
          2
        ],
        [
          0,
          74,
          281,
          544,
          241,
          57,
          96,
          28
        ],
        [
          0,
          140,
          269,
          497,
          236,
          60,
          106,
          12
        ]
      ]
    },
    "data_2021": {
      "edge_count": 7647,
      "risk_min": 1.0848044951217162e-07,
      "risk_max": 0.8597872257232666,
      "risk_mean": 0.01985960081219673,
      "risk_p25": 0.002920313971117139,
      "risk_p50": 0.003862704150378704,
      "risk_p75": 0.004763527307659388,
      "risk_p90": 0.008561220020055771,
      "risk_p95": 0.10602676868438721,
      "risk_p99": 0.4268917143344879,
      "zero_risk_edge_count": 0,
      "zero_risk_edge_ratio": 0.0,
      "edge_attribute_zero_ratio": 0.9314763959722767,
      "matrix_5x8": [
        [
          0,
          62,
          221,
          737,
          430,
          25,
          51,
          4
        ],
        [
          0,
          100,
          345,
          587,
          299,
          65,
          88,
          45
        ],
        [
          0,
          93,
          365,
          628,
          279,
          52,
          92,
          21
        ],
        [
          0,
          70,
          306,
          648,
          284,
          68,
          126,
          27
        ],
        [
          0,
          158,
          333,
          560,
          262,
          87,
          110,
          19
        ]
      ]
    }
  }
}