beta,lambda_concentration,runs,pyvrp_cost_mean,pyvrp_cost_std,global_risk_mean,global_risk_std,global_cvar90_mean,global_cvar90_std,max_vehicle_risk_mean,max_vehicle_risk_std,max_vehicle_cvar90_mean,max_vehicle_cvar90_std,vehicle_risk_gini_mean,vehicle_risk_gini_std,risk_variance_mean,risk_variance_std,edge_burden_gini_used_mean,edge_burden_gini_used_std,top10_burden_share_mean,top10_burden_share_std,max_edge_burden_mean,max_edge_burden_std,cost_increase_pct,risk_reduction_pct
0.0,0.0,10,133997.5,0.7071067811865476,7.484094054499292,0.7583628485848275,0.2069811345718112,0.04448617505749246,2.3381426867927075,0.456904864696859,0.4030488049345357,0.12290609031273973,0.17818741785586803,0.061597101925852736,0.3021029851520895,0.22141779536137948,0.8369466696694012,0.010788530847334483,0.8627960611956806,0.011238004683394339,1.178154718875885,0.4212747574092379,0.0,0.0
1.0,0.0,10,158381.3,255.65386756315655,2.898945597943384,0.2617579007425541,0.06224444392888808,0.008948759603321107,0.9315964930225163,0.09172135846746075,0.09833078663907059,0.016479073403300216,0.20354719563345106,0.051979079634904404,0.05184832702932196,0.018391261930364073,0.6900196335883076,0.02410286240405722,0.6842464879667667,0.03104958970266044,0.3465537130832672,0.0,0.1819720517173827,0.6126524363758888
1.0,1.0,10,168423.1,513.6692515617418,2.5239501710471814,0.1446188777364463,0.04708715946939478,0.007082630227306454,0.8510055153703433,0.12369307721836369,0.08152922561392188,0.014637030437452589,0.23256443379671424,0.06764537025355519,0.051024014139003246,0.020060663825948035,0.6552046031780032,0.02097335132054041,0.6373356260092861,0.024897040688072206,0.3351878672838211,0.023074177847032352,0.25691225582566846,0.6627580903355303
