beta,lambda_concentration,runs,pyvrp_cost_mean,pyvrp_cost_std,global_risk_mean,global_risk_std,global_cvar90_mean,global_cvar90_std,max_vehicle_risk_mean,max_vehicle_risk_std,max_vehicle_cvar90_mean,max_vehicle_cvar90_std,vehicle_risk_gini_mean,vehicle_risk_gini_std,risk_variance_mean,risk_variance_std,edge_burden_gini_used_mean,edge_burden_gini_used_std,top10_burden_share_mean,top10_burden_share_std,max_edge_burden_mean,max_edge_burden_std,cost_increase_pct,risk_reduction_pct
0.0,0.0,10,133997.5,0.7071067811865476,6.878323755130259,0.797714924287049,0.1986004407486467,0.040582482079396284,2.2913327035985276,0.4909659595086589,0.3954709859458464,0.11802898016919146,0.21649299336603772,0.07482698884891087,0.35480492985828477,0.24926181144149023,0.8781647882881041,0.010769767414857178,0.8953443791326666,0.01075058763394584,1.1958772003650666,0.43799624538033194,0.0,0.0
2.0,1.0,10,173490.4,13.192590513028305,1.4750356289288902,0.0016775694141748848,0.023248113742148555,0.0,0.46954992996761574,0.006501153477037728,0.043844474976261455,8.327533424692387e-05,0.23537341063892364,0.007299355891857337,0.015661367186871895,0.0009764515587950527,0.6679318882023881,0.003988780782522833,0.5913068186382013,0.005181938924110368,0.26533424854278564,0.0,0.29472863299688423,0.7855530385830548
