{
  "name": "stable_tail_eta0p5_splitB_seed3_10seed_floor_0p01",
  "base_risk_dir": "D:\\PyVRP-main\\hazmat_risk_experiments\\outputs_10seed\\risk_matrices\\gcn_teg_concat_splitB_seed3_epochs50_10seed_floor_0p01",
  "eta": 0.5,
  "definition": "S_tail = clip(S_norm + eta * P_high, 0, 1)",
  "summaries": [
    {
      "year": "data_2020",
      "eta": 0.5,
      "edge_count": 6603,
      "risk_mean": 0.022204820066690445,
      "risk_p95": 0.08603613823652267,
      "risk_p99": 0.5049999952316284,
      "risk_max": 1.0
    },
    {
      "year": "data_2021",
      "eta": 0.5,
      "edge_count": 7647,
      "risk_mean": 0.01837014965713024,
      "risk_p95": 0.06489941477775574,
      "risk_p99": 0.5049999952316284,
      "risk_max": 0.9999998807907104
    }
  ]
}