beta,lambda_concentration,runs,pyvrp_cost_mean,pyvrp_cost_std,global_risk_mean,global_risk_std,global_cvar90_mean,global_cvar90_std,max_vehicle_risk_mean,max_vehicle_risk_std,max_vehicle_cvar90_mean,max_vehicle_cvar90_std,vehicle_risk_gini_mean,vehicle_risk_gini_std,risk_variance_mean,risk_variance_std,edge_burden_gini_used_mean,edge_burden_gini_used_std,top10_burden_share_mean,top10_burden_share_std,max_edge_burden_mean,max_edge_burden_std,cost_increase_pct,risk_reduction_pct
0.0,0.0,10,146730.9,582.7275807213293,8.128174671655733,0.5631504269656662,0.2518809482951087,0.02399295139199786,2.618406237655299,0.38905735541127096,0.3863171093534,0.07270914187834697,0.21209119211112054,0.04268244530733197,0.43105203935247766,0.18220759074525916,0.8483590771650894,0.006959837974099168,0.880970919350542,0.009452870542382518,0.9910439719403236,0.3482173569679359,0.0,0.0
1.0,0.0,10,178724.1,412.44217103061186,3.543982092291364,0.30160677081050696,0.07012400876985557,0.010175375063334475,1.124929992505929,0.1815546479005565,0.13217518913855936,0.040604717105512445,0.24549413496028735,0.04818515101726489,0.10759425808394715,0.05626472083647383,0.7620828140652491,0.016789497818998172,0.7597262269594578,0.021313443288017347,0.624224968519908,0.024185849167382926,0.21803996295258882,0.5639879511139974
