beta,lambda_concentration,runs,pyvrp_cost_mean,pyvrp_cost_std,global_risk_mean,global_risk_std,global_cvar90_mean,global_cvar90_std,max_vehicle_risk_mean,max_vehicle_risk_std,max_vehicle_cvar90_mean,max_vehicle_cvar90_std,vehicle_risk_gini_mean,vehicle_risk_gini_std,risk_variance_mean,risk_variance_std,edge_burden_gini_used_mean,edge_burden_gini_used_std,top10_burden_share_mean,top10_burden_share_std,max_edge_burden_mean,max_edge_burden_std,cost_increase_pct,risk_reduction_pct
0.0,0.0,5,146531.2,556.7375503771952,7.78268230789504,0.7412624813679053,0.24420400822455832,0.029428334191836568,2.694265223457478,0.5034861168319472,0.4518086249629657,0.0771483216174657,0.24871524122069189,0.030047164569106034,0.5388716940275894,0.20659897289128432,0.8825451739298092,0.00523019151628049,0.9060282920988787,0.005957833437208369,1.0626274824142456,0.35578543566864956,0.0,0.0
1.0,0.0,5,176686.4,176.1400011354604,2.9832369329144113,0.3552742819055952,0.0623499094303166,0.0076271903882723655,1.0364508718528669,0.09544983351043303,0.11922610155705896,0.005850950432753983,0.27666308770726167,0.030109111544749115,0.08999109483098547,0.007308691690196325,0.8181286917780625,0.005428414735146101,0.7882697754902717,0.015303781171991158,0.6768923401832581,0.0,0.20579371492214613,0.6166826789410738
1.0,1.0,5,188218.4,371.8061322786379,2.442713479551634,0.13408346707562105,0.05152166617951327,0.003845390640002438,0.9915105400650646,0.007809000338849144,0.11695441812986418,0.011302005714684423,0.2974973911500572,0.028226027495789723,0.07650303266915107,0.00673954809082967,0.7910343156368969,0.012527642951267097,0.7414721505767724,0.018279196892881273,0.6768923401832581,0.0,0.28449367779694684,0.6861347562556496
