{
  "model": "teg_gnn",
  "split": "B",
  "seed": 3,
  "epochs": 50,
  "risk_mode": "exposure_floor",
  "exposure_delta": 0.01,
  "experiment_tag": "teg_low_tail_10seed",
  "alpha_ord": 0.3,
  "alpha_hr": 0.5,
  "alpha_topk": 0.1,
  "metrics": {
    "data_2020_train": {
      "macro_f1": 0.5237602071841202,
      "weighted_f1": 0.7135438408915632,
      "mae": 1.2478169995197146,
      "qwk": 0.5951269101176065,
      "recall_6_8": 0.575,
      "precision_6_8": 0.71875,
      "pr_auc_high": 0.7951592901551469,
      "high_fn_rate": 0.425
    },
    "data_2021_train": {
      "macro_f1": 0.6622740723677216,
      "weighted_f1": 0.8136816957953152,
      "mae": 1.0245071073741157,
      "qwk": 0.7458950137255268,
      "recall_6_8": 0.76,
      "precision_6_8": 0.8260869565217391,
      "pr_auc_high": 0.9016130191233822,
      "high_fn_rate": 0.24
    },
    "data_2021_test": {
      "macro_f1": 0.2547344471697782,
      "weighted_f1": 0.5368769286425692,
      "mae": 1.6034563511867628,
      "qwk": 0.16509042641446814,
      "recall_6_8": 0.07692307692307693,
      "precision_6_8": 0.2857142857142857,
      "pr_auc_high": 0.2738865108386866,
      "high_fn_rate": 0.9230769230769231
    }
  },
  "split_sizes": {
    "data_2020": {
      "train": 419,
      "val": 0,
      "test": 0
    },
    "data_2021": {
      "train": 221,
      "val": 0,
      "test": 222
    }
  },
  "risk_summaries": {
    "data_2020": {
      "edge_count": 6603,
      "risk_min": 1.7200198598743555e-08,
      "risk_max": 0.856981098651886,
      "risk_mean": 0.020336583256721497,
      "risk_p25": 0.0028280438855290413,
      "risk_p50": 0.003715353785082698,
      "risk_p75": 0.0046294210478663445,
      "risk_p90": 0.00851677916944027,
      "risk_p95": 0.10290534794330597,
      "risk_p99": 0.43260568380355835,
      "zero_risk_edge_count": 0,
      "zero_risk_edge_ratio": 0.0,
      "edge_attribute_zero_ratio": 0.928365894290474,
      "matrix_5x8": [
        [
          0,
          78,
          212,
          660,
          275,
          13,
          83,
          0
        ],
        [
          0,
          95,
          326,
          498,
          210,
          51,
          141,
          0
        ],
        [
          0,
          84,
          299,
          563,
          243,
          52,
          79,
          0
        ],
        [
          0,
          71,
          290,
          586,
          223,
          53,
          98,
          0
        ],
        [
          0,
          160,
          322,
          491,
          199,
          37,
          111,
          0
        ]
      ]
    },
    "data_2021": {
      "edge_count": 7647,
      "risk_min": 1.2261526194379258e-07,
      "risk_max": 0.8566847443580627,
      "risk_mean": 0.017399925738573074,
      "risk_p25": 0.0028380027506500483,
      "risk_p50": 0.0036876066587865353,
      "risk_p75": 0.004559760447591543,
      "risk_p90": 0.008375946432352066,
      "risk_p95": 0.091474249958992,
      "risk_p99": 0.3679378926753998,
      "zero_risk_edge_count": 0,
      "zero_risk_edge_ratio": 0.0,
      "edge_attribute_zero_ratio": 0.9314763959722767,
      "matrix_5x8": [
        [
          0,
          78,
          264,
          744,
          376,
          22,
          46,
          0
        ],
        [
          0,
          113,
          352,
          639,
          275,
          50,
          100,
          0
        ],
        [
          0,
          79,
          397,
          660,
          281,
          44,
          69,
          0
        ],
        [
          0,
          78,
          320,
          723,
          290,
          55,
          50,
          13
        ],
        [
          0,
          189,
          374,
          604,
          225,
          63,
          73,
          1
        ]
      ]
    }
  }
}