beta,lambda_concentration,runs,pyvrp_cost_mean,pyvrp_cost_std,global_risk_mean,global_risk_std,global_cvar90_mean,global_cvar90_std,max_vehicle_risk_mean,max_vehicle_risk_std,max_vehicle_cvar90_mean,max_vehicle_cvar90_std,vehicle_risk_gini_mean,vehicle_risk_gini_std,risk_variance_mean,risk_variance_std,edge_burden_gini_used_mean,edge_burden_gini_used_std,top10_burden_share_mean,top10_burden_share_std,max_edge_burden_mean,max_edge_burden_std,cost_increase_pct,risk_reduction_pct
0.0,0.0,10,133997.6,0.6992058987801011,8.991639963283871,0.9036616312811627,0.25875547410685423,0.0544819345093174,2.568101003162373,0.25345918943623913,0.39667525034039985,0.08360813137418802,0.13968902356956375,0.03835486609846206,0.25332624441760765,0.12739859243025434,0.8518468036488253,0.00851782870977445,0.8865968260939561,0.011327448820157912,1.1682241899317405,0.35707339696985924,0.0,0.0
1.0,0.0,10,160639.8,349.47859575214176,3.729167661481651,0.12011185371718727,0.10320988273609996,0.0049354402598216105,1.3224551420589916,0.17495907272971803,0.16769888096648208,0.01895217378850406,0.27729055380634204,0.06837311881550401,0.14730207154796926,0.06408605108296607,0.7707301431102616,0.005778856476263099,0.7698675620008839,0.007124626183993038,0.6491432434740474,1.1702778228589004e-16,0.19882594912147666,0.5852627911360129
