{
  "model": "teg_gnn",
  "split": "B",
  "seed": 0,
  "epochs": 50,
  "risk_mode": "exposure_floor",
  "exposure_delta": 0.01,
  "experiment_tag": "teg_low_tail_10seed",
  "alpha_ord": 0.3,
  "alpha_hr": 0.5,
  "alpha_topk": 0.1,
  "metrics": {
    "data_2020_train": {
      "macro_f1": 0.5041126646328868,
      "weighted_f1": 0.734483634600719,
      "mae": 1.1732856988561562,
      "qwk": 0.6708534915258209,
      "recall_6_8": 0.725,
      "precision_6_8": 0.725,
      "pr_auc_high": 0.8377096577150774,
      "high_fn_rate": 0.275
    },
    "data_2021_train": {
      "macro_f1": 0.5833944713889566,
      "weighted_f1": 0.7415750863426777,
      "mae": 1.0514021040332586,
      "qwk": 0.6966836076891725,
      "recall_6_8": 0.72,
      "precision_6_8": 0.8181818181818182,
      "pr_auc_high": 0.9138642200711168,
      "high_fn_rate": 0.28
    },
    "data_2021_test": {
      "macro_f1": 0.29169203971911345,
      "weighted_f1": 0.5851251761966048,
      "mae": 1.4931552050205703,
      "qwk": 0.348845326697668,
      "recall_6_8": 0.3076923076923077,
      "precision_6_8": 0.42105263157894735,
      "pr_auc_high": 0.3994161953772197,
      "high_fn_rate": 0.6923076923076923
    }
  },
  "split_sizes": {
    "data_2020": {
      "train": 419,
      "val": 0,
      "test": 0
    },
    "data_2021": {
      "train": 221,
      "val": 0,
      "test": 222
    }
  },
  "risk_summaries": {
    "data_2020": {
      "edge_count": 6603,
      "risk_min": 6.439004778258095e-07,
      "risk_max": 0.9414058327674866,
      "risk_mean": 0.022136183455586433,
      "risk_p25": 0.002898817416280508,
      "risk_p50": 0.0038082487881183624,
      "risk_p75": 0.004999801516532898,
      "risk_p90": 0.008571060374379158,
      "risk_p95": 0.11405951529741287,
      "risk_p99": 0.4327988624572754,
      "zero_risk_edge_count": 0,
      "zero_risk_edge_ratio": 0.0,
      "edge_attribute_zero_ratio": 0.928365894290474,
      "matrix_5x8": [
        [
          0,
          83,
          225,
          664,
          215,
          37,
          73,
          24
        ],
        [
          0,
          100,
          286,
          456,
          247,
          57,
          99,
          76
        ],
        [
          0,
          88,
          267,
          552,
          229,
          96,
          57,
          31
        ],
        [
          0,
          87,
          233,
          587,
          212,
          78,
          75,
          49
        ],
        [
          0,
          135,
          310,
          499,
          175,
          53,
          117,
          31
        ]
      ]
    },
    "data_2021": {
      "edge_count": 7647,
      "risk_min": 1.1069433369925719e-08,
      "risk_max": 0.8571692109107971,
      "risk_mean": 0.01883385144174099,
      "risk_p25": 0.0028819649014621973,
      "risk_p50": 0.003720018547028303,
      "risk_p75": 0.004847895819693804,
      "risk_p90": 0.008540156297385693,
      "risk_p95": 0.09427599608898163,
      "risk_p99": 0.4164038896560669,
      "zero_risk_edge_count": 0,
      "zero_risk_edge_ratio": 0.0,
      "edge_attribute_zero_ratio": 0.9314763959722767,
      "matrix_5x8": [
        [
          0,
          88,
          252,
          756,
          347,
          40,
          44,
          3
        ],
        [
          0,
          103,
          341,
          617,
          255,
          98,
          102,
          13
        ],
        [
          0,
          98,
          329,
          668,
          260,
          78,
          94,
          3
        ],
        [
          0,
          60,
          329,
          648,
          324,
          86,
          70,
          12
        ],
        [
          0,
          174,
          379,
          570,
          215,
          92,
          87,
          12
        ]
      ]
    }
  }
}