{
  "model": "sgformer_teg_gate",
  "split": "B",
  "seed": 0,
  "epochs": 50,
  "risk_mode": "exposure_floor",
  "exposure_delta": 0.01,
  "uncertainty_tau": 0.0,
  "experiment_tag": "paper_teg_gate_fusions_10seed",
  "checkpoint_path": "D:\\PyVRP-main\\hazmat_risk_experiments\\outputs_10seed\\models\\checkpoints\\sgformer_teg_gate_splitB_seed0_epochs50_paper_teg_gate_fusions_10seed.pt",
  "best_epoch": 47,
  "model_source": "checkpoint",
  "alpha_ord": 0.5,
  "alpha_hr": 1.0,
  "alpha_topk": 0.3,
  "lambda_nll": 0.0,
  "lambda_var": 0.0,
  "ec_delta_max": 0.05,
  "lambda_edge": 0.0,
  "lambda_edge_high": 0.0,
  "lambda_distill": 0.0,
  "lambda_delta": 0.0,
  "ec_teacher_epochs": 50,
  "gamma_unc": 0.5,
  "logvar_min": -5.0,
  "logvar_max": 2.0,
  "metrics": {
    "data_2020_train": {
      "macro_f1": 0.6136873908255487,
      "weighted_f1": 0.7575256168554749,
      "mae": 0.631048652409062,
      "qwk": 0.7846778102542404,
      "recall_6_8": 0.95,
      "precision_6_8": 0.8444444444444444,
      "pr_auc_high": 0.9756394484186449,
      "high_fn_rate": 0.05,
      "brier": 0.3014472424983978,
      "ece": 0.06989297252993026,
      "high_risk_recall_at_top10pct": 0.875,
      "high_risk_recall_at_top20pct": 1.0,
      "ndcg_at_top20pct": 0.9560167375440026,
      "high_risk_hits_at_10": 10.0,
      "high_risk_hits_at_20": 20.0
    },
    "data_2021_train": {
      "macro_f1": 0.7134283181357649,
      "weighted_f1": 0.845524603942157,
      "mae": 0.5013075493655741,
      "qwk": 0.8838647457426378,
      "recall_6_8": 1.0,
      "precision_6_8": 0.9523809523809523,
      "pr_auc_high": 0.9976190476190476,
      "high_fn_rate": 0.0,
      "brier": 0.22256360948085785,
      "ece": 0.11752841858701273,
      "high_risk_recall_at_top10pct": 0.9,
      "high_risk_recall_at_top20pct": 1.0,
      "ndcg_at_top20pct": 0.9691369345274923,
      "high_risk_hits_at_10": 10.0,
      "high_risk_hits_at_20": 19.0
    },
    "data_2021_val": {
      "macro_f1": 0.4847085385878489,
      "weighted_f1": 0.6202517788724685,
      "mae": 1.0806983818801368,
      "qwk": 0.5485744456177402,
      "recall_6_8": 0.6,
      "precision_6_8": 0.6,
      "pr_auc_high": 0.5494117647058824,
      "high_fn_rate": 0.4,
      "brier": 0.5614479184150696,
      "ece": 0.1347564227051205,
      "high_risk_recall_at_top10pct": 0.6,
      "high_risk_recall_at_top20pct": 0.8,
      "ndcg_at_top20pct": 0.665987257303196,
      "high_risk_hits_at_10": 4.0,
      "high_risk_hits_at_20": 4.0
    },
    "data_2021_test": {
      "macro_f1": 0.3191170147420147,
      "weighted_f1": 0.5947835796484445,
      "mae": 1.121665410712713,
      "qwk": 0.3968810956955565,
      "recall_6_8": 0.46153846153846156,
      "precision_6_8": 0.48,
      "pr_auc_high": 0.46343407830783656,
      "high_fn_rate": 0.5384615384615384,
      "brier": 0.4911593794822693,
      "ece": 0.09188580083417464,
      "high_risk_recall_at_top10pct": 0.4230769230769231,
      "high_risk_recall_at_top20pct": 0.5769230769230769,
      "ndcg_at_top20pct": 0.44852358194869885,
      "high_risk_hits_at_10": 5.0,
      "high_risk_hits_at_20": 9.0
    }
  },
  "split_sizes": {
    "data_2020": {
      "train": 419,
      "val": 0,
      "test": 0
    },
    "data_2021": {
      "train": 176,
      "val": 45,
      "test": 222
    }
  },
  "risk_summaries": {
    "data_2020": {
      "edge_count": 6603,
      "risk_min": 2.230916607004474e-08,
      "risk_max": 0.9472721219062805,
      "risk_mean": 0.019398406147956848,
      "risk_p25": 0.001005054684355855,
      "risk_p50": 0.0019968897104263306,
      "risk_p75": 0.006034064572304487,
      "risk_p90": 0.008632892742753029,
      "risk_p95": 0.0851902887225151,
      "risk_p99": 0.4359610974788666,
      "zero_risk_edge_count": 0,
      "zero_risk_edge_ratio": 0.0,
      "edge_attribute_zero_ratio": 0.928365894290474,
      "matrix_5x8": [
        [
          0,
          519,
          390,
          104,
          99,
          65,
          70,
          74
        ],
        [
          0,
          587,
          239,
          105,
          88,
          68,
          89,
          145
        ],
        [
          0,
          585,
          249,
          110,
          76,
          109,
          101,
          90
        ],
        [
          0,
          507,
          290,
          102,
          91,
          116,
          128,
          87
        ],
        [
          0,
          510,
          364,
          97,
          88,
          73,
          76,
          112
        ]
      ]
    },
    "data_2021": {
      "edge_count": 7647,
      "risk_min": 0.0,
      "risk_max": 0.8701742887496948,
      "risk_mean": 0.016531577333807945,
      "risk_p25": 0.0010390988318249583,
      "risk_p50": 0.002010666998103261,
      "risk_p75": 0.005521918181329966,
      "risk_p90": 0.00856775138527155,
      "risk_p95": 0.07529248297214508,
      "risk_p99": 0.3664242625236511,
      "zero_risk_edge_count": 1,
      "zero_risk_edge_ratio": 0.0001307702366941284,
      "edge_attribute_zero_ratio": 0.9314763959722767,
      "matrix_5x8": [
        [
          0,
          657,
          376,
          189,
          67,
          100,
          110,
          31
        ],
        [
          1,
          674,
          302,
          126,
          96,
          113,
          135,
          82
        ],
        [
          0,
          614,
          358,
          149,
          85,
          127,
          133,
          64
        ],
        [
          0,
          594,
          385,
          124,
          141,
          109,
          128,
          48
        ],
        [
          0,
          563,
          438,
          165,
          106,
          96,
          124,
          37
        ]
      ]
    }
  }
}