{
  "model": "edge_gat",
  "split": "B",
  "seed": 1,
  "epochs": 50,
  "risk_mode": "exposure_floor",
  "exposure_delta": 0.01,
  "experiment_tag": "10seed",
  "alpha_ord": 0.5,
  "alpha_hr": 1.0,
  "alpha_topk": 0.3,
  "metrics": {
    "data_2020_train": {
      "macro_f1": 0.6343353886647498,
      "weighted_f1": 0.7795882797324217,
      "mae": 0.8236055641440507,
      "qwk": 0.7299624615125058,
      "recall_6_8": 0.825,
      "precision_6_8": 0.825,
      "pr_auc_high": 0.8951930753942209,
      "high_fn_rate": 0.175
    },
    "data_2021_train": {
      "macro_f1": 0.682420425938443,
      "weighted_f1": 0.8038213432416486,
      "mae": 0.6549657395784378,
      "qwk": 0.7541501124563978,
      "recall_6_8": 0.84,
      "precision_6_8": 0.84,
      "pr_auc_high": 0.9491018135346394,
      "high_fn_rate": 0.16
    },
    "data_2021_test": {
      "macro_f1": 0.26337217592727014,
      "weighted_f1": 0.5994984572563621,
      "mae": 1.3813282642138198,
      "qwk": 0.2663063302052592,
      "recall_6_8": 0.23076923076923078,
      "precision_6_8": 0.3157894736842105,
      "pr_auc_high": 0.3004967373083771,
      "high_fn_rate": 0.7692307692307693
    }
  },
  "split_sizes": {
    "data_2020": {
      "train": 419,
      "val": 0,
      "test": 0
    },
    "data_2021": {
      "train": 221,
      "val": 0,
      "test": 222
    }
  },
  "risk_summaries": {
    "data_2020": {
      "edge_count": 6603,
      "risk_min": 1.3623918659888545e-09,
      "risk_max": 0.928076446056366,
      "risk_mean": 0.021625159308314323,
      "risk_p25": 0.0013098649214953184,
      "risk_p50": 0.0023711707908660173,
      "risk_p75": 0.003964338451623917,
      "risk_p90": 0.008566111326217651,
      "risk_p95": 0.12036031484603882,
      "risk_p99": 0.4325886368751526,
      "zero_risk_edge_count": 0,
      "zero_risk_edge_ratio": 0.0,
      "edge_attribute_zero_ratio": 0.928365894290474,
      "matrix_5x8": [
        [
          0,
          351,
          539,
          262,
          68,
          14,
          69,
          18
        ],
        [
          0,
          443,
          421,
          208,
          51,
          58,
          131,
          9
        ],
        [
          0,
          405,
          414,
          254,
          90,
          53,
          98,
          6
        ],
        [
          0,
          403,
          432,
          235,
          70,
          43,
          110,
          28
        ],
        [
          0,
          288,
          483,
          299,
          74,
          40,
          123,
          13
        ]
      ]
    },
    "data_2021": {
      "edge_count": 7647,
      "risk_min": 0.0,
      "risk_max": 0.8569504618644714,
      "risk_mean": 0.01809425838291645,
      "risk_p25": 0.0012898396234959364,
      "risk_p50": 0.0022459523752331734,
      "risk_p75": 0.0038886864203959703,
      "risk_p90": 0.00854775495827198,
      "risk_p95": 0.10103248804807663,
      "risk_p99": 0.4194892644882202,
      "zero_risk_edge_count": 6,
      "zero_risk_edge_ratio": 0.0007846214201647705,
      "edge_attribute_zero_ratio": 0.9314763959722767,
      "matrix_5x8": [
        [
          2,
          472,
          673,
          252,
          46,
          13,
          68,
          4
        ],
        [
          0,
          521,
          485,
          228,
          97,
          57,
          138,
          3
        ],
        [
          1,
          427,
          534,
          258,
          153,
          37,
          118,
          2
        ],
        [
          0,
          454,
          514,
          283,
          128,
          44,
          95,
          11
        ],
        [
          3,
          409,
          619,
          201,
          100,
          44,
          149,
          4
        ]
      ]
    }
  }
}