beta,lambda_concentration,runs,pyvrp_cost_mean,pyvrp_cost_std,global_risk_mean,global_risk_std,global_cvar90_mean,global_cvar90_std,max_vehicle_risk_mean,max_vehicle_risk_std,max_vehicle_cvar90_mean,max_vehicle_cvar90_std,vehicle_risk_gini_mean,vehicle_risk_gini_std,risk_variance_mean,risk_variance_std,edge_burden_gini_used_mean,edge_burden_gini_used_std,top10_burden_share_mean,top10_burden_share_std,max_edge_burden_mean,max_edge_burden_std,cost_increase_pct,risk_reduction_pct
0.0,0.0,10,133997.6,0.6992058987801011,12.31911628083326,1.2087554979717623,0.25851817753149453,0.1182630056232972,3.3555403733393177,0.3074847541393129,0.48260123868665056,0.12432310203292658,0.1314010697760979,0.03156296224539527,0.3861784014838182,0.18405999457323052,0.8444014259200803,0.007795276425734731,0.8792054206414598,0.011741186147934657,1.585048508644104,0.2863435684580003,0.0,0.0
1.0,0.0,10,161373.6,579.1442345775743,5.210121189872734,0.43833106070750916,0.08282654222294963,0.010105741275072508,1.722169165778905,0.3186333336491139,0.16561690299793902,0.04023569960537995,0.2532205182145633,0.08196922454726008,0.25083540012461475,0.1365950645876596,0.7590035937192263,0.01728884052181576,0.760149038550585,0.021503564220980674,0.8808713555335999,0.0,0.20430216660596906,0.5770702158255056
