{
  "model": "stable_tail_rc_gnn",
  "source_model": "gcn_teg_concat",
  "seed": 8,
  "delta": 0.03,
  "risk_mode": "exposure_floor",
  "exposure_delta": 0.01,
  "posthoc_formula": "clip(S_i_norm + delta * P_high * (1 - S_i_norm), 0, 1)",
  "risk_summaries": {
    "data_2020": {
      "edge_count": 6603,
      "risk_min": 1.379421715824622e-08,
      "risk_max": 0.8983059879053712,
      "risk_mean": 0.017414093915629935,
      "risk_p25": 0.0007122181983558616,
      "risk_p50": 0.0014912464473278758,
      "risk_p75": 0.0033692564024160824,
      "risk_p90": 0.00864526439838768,
      "risk_p95": 0.07199954848445067,
      "risk_p99": 0.43563785274770456,
      "zero_risk_edge_count": 0,
      "zero_risk_edge_ratio": 0.0,
      "edge_attribute_zero_ratio": 0.928365894290474,
      "matrix_5x8": [
        [
          0,
          764,
          329,
          100,
          38,
          6,
          55,
          29
        ],
        [
          0,
          693,
          301,
          118,
          46,
          13,
          62,
          88
        ],
        [
          0,
          616,
          356,
          118,
          94,
          40,
          43,
          53
        ],
        [
          0,
          631,
          359,
          95,
          104,
          22,
          48,
          62
        ],
        [
          0,
          705,
          311,
          105,
          59,
          19,
          66,
          55
        ]
      ]
    },
    "data_2021": {
      "edge_count": 7647,
      "risk_min": 1.7029932496661325e-10,
      "risk_max": 0.8734660418690638,
      "risk_mean": 0.014831612057565061,
      "risk_p25": 0.0007199020617939574,
      "risk_p50": 0.001428333786990193,
      "risk_p75": 0.0030957400044397437,
      "risk_p90": 0.008370970570753264,
      "risk_p95": 0.06184836353006561,
      "risk_p99": 0.42273401928029164,
      "zero_risk_edge_count": 0,
      "zero_risk_edge_ratio": 0.0,
      "edge_attribute_zero_ratio": 0.9314763959722767,
      "matrix_5x8": [
        [
          0,
          1055,
          290,
          86,
          36,
          14,
          10,
          39
        ],
        [
          0,
          803,
          343,
          149,
          65,
          32,
          62,
          75
        ],
        [
          0,
          724,
          434,
          153,
          83,
          33,
          43,
          60
        ],
        [
          0,
          734,
          378,
          167,
          104,
          78,
          34,
          34
        ],
        [
          0,
          809,
          370,
          133,
          60,
          31,
          70,
          56
        ]
      ]
    }
  }
}