{
  "name": "label_oracle_splitB_seed0_epochs50_floor_0p01",
  "base_risk_dir": "hazmat_risk_experiments\\outputs\\risk_matrices\\teg_gnn_splitB_seed0_epochs50_floor_0p01",
  "definition": "labeled nodes use true y; unlabeled nodes use base predictions",
  "risk_mode": "floor_0.01",
  "summaries": [
    {
      "year": "data_2020",
      "node_count": 4696,
      "labeled_nodes": 419,
      "edge_count": 6603,
      "risk_mean": 0.021938595920801163,
      "risk_p90": 0.008571428246796131,
      "risk_p95": 0.10702282190322876,
      "risk_p99": 0.4328571557998657,
      "risk_max": 1.0,
      "zero_risk_edge_ratio": 0.00408905043162199
    },
    {
      "year": "data_2021",
      "node_count": 5261,
      "labeled_nodes": 443,
      "edge_count": 7647,
      "risk_mean": 0.0193187203258276,
      "risk_p90": 0.008571428246796131,
      "risk_p95": 0.08226486295461655,
      "risk_p99": 0.4328571557998657,
      "risk_max": 0.9999998807907104,
      "zero_risk_edge_ratio": 0.006538511834706421
    }
  ]
}