{
  "name": "fusion_gcn_teg_low_rho025_splitB_seed6_epochs50_10seed_floor_0p01",
  "risk_dirs": [
    "D:\\PyVRP-main\\hazmat_risk_experiments\\outputs_10seed\\risk_matrices\\gcn_splitB_seed6_epochs50_10seed_floor_0p01",
    "D:\\PyVRP-main\\hazmat_risk_experiments\\outputs_10seed\\risk_matrices\\teg_gnn_splitB_seed6_epochs50_teg_low_tail_10seed_floor_0p01"
  ],
  "weights": [
    0.75,
    0.25
  ],
  "ensemble": "mean node probabilities",
  "summaries": [
    {
      "year": "data_2020",
      "edge_count": 6603,
      "risk_mean": 0.02006739263463379,
      "risk_p95": 0.11700138825998029,
      "risk_p99": 0.4287234491901126,
      "risk_max": 0.8840449679493239
    },
    {
      "year": "data_2021",
      "edge_count": 7647,
      "risk_mean": 0.01805727960640989,
      "risk_p95": 0.09578642017861741,
      "risk_p99": 0.40829361769401906,
      "risk_max": 0.8541536448793939
    }
  ]
}