{
  "name": "stable_tail_eta0p5_splitB_seed6_10seed_floor_0p01",
  "base_risk_dir": "D:\\PyVRP-main\\hazmat_risk_experiments\\outputs_10seed\\risk_matrices\\gcn_teg_concat_splitB_seed6_epochs50_10seed_floor_0p01",
  "eta": 0.5,
  "definition": "S_tail = clip(S_norm + eta * P_high, 0, 1)",
  "summaries": [
    {
      "year": "data_2020",
      "eta": 0.5,
      "edge_count": 6603,
      "risk_mean": 0.025135863572359085,
      "risk_p95": 0.09175679087638855,
      "risk_p99": 0.5049999952316284,
      "risk_max": 1.0
    },
    {
      "year": "data_2021",
      "eta": 0.5,
      "edge_count": 7647,
      "risk_mean": 0.022235410287976265,
      "risk_p95": 0.06866104155778885,
      "risk_p99": 0.5049999952316284,
      "risk_max": 0.9999998807907104
    }
  ]
}