{
  "model": "sgformer_adapted",
  "split": "B",
  "seed": 7,
  "epochs": 50,
  "risk_mode": "exposure_floor",
  "exposure_delta": 0.01,
  "uncertainty_tau": 0.0,
  "experiment_tag": "paper_strong_baselines_10seed",
  "checkpoint_path": "D:\\PyVRP-main\\hazmat_risk_experiments\\outputs_10seed\\models\\checkpoints\\sgformer_adapted_splitB_seed7_epochs50_paper_strong_baselines_10seed.pt",
  "best_epoch": 50,
  "model_source": "checkpoint",
  "alpha_ord": 0.5,
  "alpha_hr": 1.0,
  "alpha_topk": 0.3,
  "lambda_nll": 0.0,
  "lambda_var": 0.0,
  "ec_delta_max": 0.05,
  "lambda_edge": 0.0,
  "lambda_edge_high": 0.0,
  "lambda_distill": 0.0,
  "lambda_delta": 0.0,
  "ec_teacher_epochs": 50,
  "gamma_unc": 0.5,
  "logvar_min": -5.0,
  "logvar_max": 2.0,
  "metrics": {
    "data_2020_train": {
      "macro_f1": 0.7759532904844803,
      "weighted_f1": 0.846953008604655,
      "mae": 0.41035606793959273,
      "qwk": 0.8459694214844452,
      "recall_6_8": 0.975,
      "precision_6_8": 0.78,
      "pr_auc_high": 0.9765532948677565,
      "high_fn_rate": 0.025,
      "brier": 0.19964030385017395,
      "ece": 0.042782803423933875,
      "high_risk_recall_at_top10pct": 0.925,
      "high_risk_recall_at_top20pct": 1.0,
      "ndcg_at_top20pct": 0.9732801250899383,
      "high_risk_hits_at_10": 10.0,
      "high_risk_hits_at_20": 20.0
    },
    "data_2021_train": {
      "macro_f1": 0.9914451357466063,
      "weighted_f1": 0.9886363636363636,
      "mae": 0.14973127903684472,
      "qwk": 0.9942558278053836,
      "recall_6_8": 1.0,
      "precision_6_8": 1.0,
      "pr_auc_high": 1.0,
      "high_fn_rate": 0.0,
      "brier": 0.05342813581228256,
      "ece": 0.08334504169496623,
      "high_risk_recall_at_top10pct": 0.9,
      "high_risk_recall_at_top20pct": 1.0,
      "ndcg_at_top20pct": 0.9977026635741408,
      "high_risk_hits_at_10": 10.0,
      "high_risk_hits_at_20": 20.0
    },
    "data_2021_val": {
      "macro_f1": 0.34682914046121593,
      "weighted_f1": 0.6536687631027254,
      "mae": 1.0206076014738112,
      "qwk": 0.5921610169491526,
      "recall_6_8": 0.6,
      "precision_6_8": 0.42857142857142855,
      "pr_auc_high": 0.537037037037037,
      "high_fn_rate": 0.4,
      "brier": 0.507250189781189,
      "ece": 0.2101039462619358,
      "high_risk_recall_at_top10pct": 0.6,
      "high_risk_recall_at_top20pct": 0.8,
      "ndcg_at_top20pct": 0.5019261516870583,
      "high_risk_hits_at_10": 4.0,
      "high_risk_hits_at_20": 5.0
    },
    "data_2021_test": {
      "macro_f1": 0.34541112265092155,
      "weighted_f1": 0.5771983773166506,
      "mae": 1.300151655558732,
      "qwk": 0.2868037237372856,
      "recall_6_8": 0.3076923076923077,
      "precision_6_8": 0.2857142857142857,
      "pr_auc_high": 0.29874397719393136,
      "high_fn_rate": 0.6923076923076923,
      "brier": 0.6105545163154602,
      "ece": 0.1913404745293093,
      "high_risk_recall_at_top10pct": 0.3076923076923077,
      "high_risk_recall_at_top20pct": 0.46153846153846156,
      "ndcg_at_top20pct": 0.5380647498125762,
      "high_risk_hits_at_10": 5.0,
      "high_risk_hits_at_20": 8.0
    }
  },
  "split_sizes": {
    "data_2020": {
      "train": 419,
      "val": 0,
      "test": 0
    },
    "data_2021": {
      "train": 176,
      "val": 45,
      "test": 222
    }
  },
  "risk_summaries": {
    "data_2020": {
      "edge_count": 6603,
      "risk_min": 0.0,
      "risk_max": 0.9998446106910706,
      "risk_mean": 0.019702602177858353,
      "risk_p25": 0.000526160467416048,
      "risk_p50": 0.0017373166047036648,
      "risk_p75": 0.00678029702976346,
      "risk_p90": 0.008571428246796131,
      "risk_p95": 0.05412764474749565,
      "risk_p99": 0.4339326322078705,
      "zero_risk_edge_count": 8,
      "zero_risk_edge_ratio": 0.0012115704982583674,
      "edge_attribute_zero_ratio": 0.928365894290474,
      "matrix_5x8": [
        [
          2,
          735,
          232,
          111,
          56,
          35,
          115,
          35
        ],
        [
          1,
          624,
          176,
          102,
          50,
          61,
          246,
          61
        ],
        [
          2,
          616,
          193,
          106,
          63,
          61,
          235,
          44
        ],
        [
          1,
          603,
          181,
          88,
          51,
          88,
          234,
          75
        ],
        [
          2,
          676,
          213,
          106,
          45,
          32,
          193,
          53
        ]
      ]
    },
    "data_2021": {
      "edge_count": 7647,
      "risk_min": 0.0,
      "risk_max": 0.8933230042457581,
      "risk_mean": 0.01721614971756935,
      "risk_p25": 0.0005750894779339433,
      "risk_p50": 0.0019619858358055353,
      "risk_p75": 0.0062865400686860085,
      "risk_p90": 0.008571426384150982,
      "risk_p95": 0.0476062037050724,
      "risk_p99": 0.4311169683933258,
      "zero_risk_edge_count": 11,
      "zero_risk_edge_ratio": 0.0014384726036354126,
      "edge_attribute_zero_ratio": 0.9314763959722767,
      "matrix_5x8": [
        [
          3,
          816,
          274,
          148,
          69,
          72,
          131,
          17
        ],
        [
          5,
          714,
          217,
          103,
          81,
          83,
          266,
          60
        ],
        [
          1,
          679,
          203,
          149,
          92,
          128,
          247,
          31
        ],
        [
          2,
          628,
          245,
          170,
          58,
          113,
          226,
          87
        ],
        [
          0,
          722,
          309,
          138,
          58,
          67,
          193,
          42
        ]
      ]
    }
  }
}