beta,lambda_concentration,runs,pyvrp_cost_mean,pyvrp_cost_std,global_risk_mean,global_risk_std,global_cvar90_mean,global_cvar90_std,max_vehicle_risk_mean,max_vehicle_risk_std,max_vehicle_cvar90_mean,max_vehicle_cvar90_std,vehicle_risk_gini_mean,vehicle_risk_gini_std,risk_variance_mean,risk_variance_std,edge_burden_gini_used_mean,edge_burden_gini_used_std,top10_burden_share_mean,top10_burden_share_std,max_edge_burden_mean,max_edge_burden_std,cost_increase_pct,risk_reduction_pct
0.0,0.0,10,146730.9,582.7275807213293,8.126750679371389,0.6300845089828508,0.254293433114957,0.025630920371004333,2.607424068040564,0.47344228888229456,0.3890932772308588,0.07499264432130309,0.2051334612268927,0.04507295845640306,0.42308037986069386,0.20957637044909017,0.8604981330641375,0.0060851473919318975,0.8900346247793387,0.009405800315338053,1.0214211225509644,0.358778537379093,0.0,0.0
1.0,0.0,10,180448.8,451.9259526367862,3.9127058543378554,0.31657475590855644,0.08583122139747403,0.01788342960239266,1.2734642654852906,0.1584218929122519,0.1739514899198409,0.03283246689956446,0.24698943491543518,0.0667306709058189,0.1369545510522453,0.06986118368473902,0.8088174524470861,0.009381525063896962,0.8051665041792582,0.014355923441380019,0.6155311226844787,0.0009790488148306174,0.22979413334205676,0.5185399418896625
