{
  "name": "fusion_gcn_teg_low_rho075_splitB_seed2_epochs50_10seed_floor_0p01",
  "risk_dirs": [
    "D:\\PyVRP-main\\hazmat_risk_experiments\\outputs_10seed\\risk_matrices\\gcn_splitB_seed2_epochs50_10seed_floor_0p01",
    "D:\\PyVRP-main\\hazmat_risk_experiments\\outputs_10seed\\risk_matrices\\teg_gnn_splitB_seed2_epochs50_teg_low_tail_10seed_floor_0p01"
  ],
  "weights": [
    0.25,
    0.75
  ],
  "ensemble": "mean node probabilities",
  "summaries": [
    {
      "year": "data_2020",
      "edge_count": 6603,
      "risk_mean": 0.021734322420758054,
      "risk_p95": 0.1252148195775711,
      "risk_p99": 0.43246009602250746,
      "risk_max": 0.9410286601653622
    },
    {
      "year": "data_2021",
      "edge_count": 7647,
      "risk_mean": 0.01956923966912973,
      "risk_p95": 0.11316556852022847,
      "risk_p99": 0.4301665266640921,
      "risk_max": 0.8621277581138191
    }
  ]
}