{
  "model": "stable_tail_ec_gnn",
  "split": "B",
  "seed": 0,
  "epochs": 1,
  "risk_mode": "exposure_floor",
  "exposure_delta": 0.01,
  "uncertainty_tau": 0.0,
  "experiment_tag": "smoke",
  "alpha_ord": 0.3,
  "alpha_hr": 0.5,
  "alpha_topk": 0.1,
  "lambda_nll": 0.0,
  "lambda_var": 0.0,
  "ec_delta_max": 0.05,
  "lambda_edge": 0.05,
  "lambda_edge_high": 0.05,
  "lambda_distill": 0.2,
  "lambda_delta": 0.02,
  "ec_teacher_epochs": 1,
  "gamma_unc": 0.5,
  "logvar_min": -5.0,
  "logvar_max": 2.0,
  "metrics": {
    "data_2020_train": {
      "macro_f1": 0.07144103750064015,
      "weighted_f1": 0.14210286468422365,
      "mae": 2.796644573973495,
      "qwk": 0.008582569070370694,
      "recall_6_8": 0.2,
      "precision_6_8": 0.14545454545454545,
      "pr_auc_high": 0.10137251048836912,
      "high_fn_rate": 0.8,
      "brier": 0.8471262454986572,
      "ece": 0.03211281987391679
    },
    "data_2021_train": {
      "macro_f1": 0.09525594222190006,
      "weighted_f1": 0.20173938282001658,
      "mae": 2.757674972006416,
      "qwk": 0.09232474645725186,
      "recall_6_8": 0.2,
      "precision_6_8": 0.20833333333333334,
      "pr_auc_high": 0.20098518330757018,
      "high_fn_rate": 0.8,
      "brier": 0.8445713520050049,
      "ece": 0.08500677839393529
    },
    "data_2021_test": {
      "macro_f1": 0.07440743512974052,
      "weighted_f1": 0.1676230871590153,
      "mae": 2.7884431454931966,
      "qwk": -0.019518550321262484,
      "recall_6_8": 0.19230769230769232,
      "precision_6_8": 0.2,
      "pr_auc_high": 0.11249348702743359,
      "high_fn_rate": 0.8076923076923077,
      "brier": 0.8515805602073669,
      "ece": 0.04527614467047355
    }
  },
  "split_sizes": {
    "data_2020": {
      "train": 419,
      "val": 0,
      "test": 0
    },
    "data_2021": {
      "train": 221,
      "val": 0,
      "test": 222
    }
  },
  "risk_summaries": {
    "data_2020": {
      "edge_count": 6603,
      "risk_min": 0.0028842883184552193,
      "risk_max": 0.495871901512146,
      "risk_mean": 0.02685767412185669,
      "risk_p25": 0.0048363530077040195,
      "risk_p50": 0.004888431169092655,
      "risk_p75": 0.004920335486531258,
      "risk_p90": 0.004952455870807171,
      "risk_p95": 0.2441471815109253,
      "risk_p99": 0.48883211612701416,
      "zero_risk_edge_count": 0,
      "zero_risk_edge_ratio": 0.0,
      "edge_attribute_zero_ratio": 0.928365894290474,
      "matrix_5x8": [
        [
          0,
          0,
          0,
          13,
          1308,
          0,
          0,
          0
        ],
        [
          0,
          0,
          0,
          3,
          1318,
          0,
          0,
          0
        ],
        [
          0,
          0,
          0,
          5,
          1315,
          0,
          0,
          0
        ],
        [
          0,
          0,
          0,
          5,
          1316,
          0,
          0,
          0
        ],
        [
          0,
          0,
          0,
          13,
          1307,
          0,
          0,
          0
        ]
      ]
    },
    "data_2021": {
      "edge_count": 7647,
      "risk_min": 0.0024459094274789095,
      "risk_max": 0.4961060881614685,
      "risk_mean": 0.02610171027481556,
      "risk_p25": 0.004832965787500143,
      "risk_p50": 0.004886073060333729,
      "risk_p75": 0.004918220918625593,
      "risk_p90": 0.004947769455611706,
      "risk_p95": 0.24501043558120728,
      "risk_p99": 0.48842671513557434,
      "zero_risk_edge_count": 0,
      "zero_risk_edge_ratio": 0.0,
      "edge_attribute_zero_ratio": 0.9314763959722767,
      "matrix_5x8": [
        [
          0,
          0,
          0,
          13,
          1517,
          0,
          0,
          0
        ],
        [
          0,
          0,
          0,
          23,
          1506,
          0,
          0,
          0
        ],
        [
          0,
          0,
          0,
          14,
          1516,
          0,
          0,
          0
        ],
        [
          0,
          0,
          0,
          17,
          1512,
          0,
          0,
          0
        ],
        [
          0,
          0,
          1,
          15,
          1513,
          0,
          0,
          0
        ]
      ]
    }
  }
}