beta,lambda_concentration,runs,pyvrp_cost_mean,pyvrp_cost_std,global_risk_mean,global_risk_std,global_cvar90_mean,global_cvar90_std,max_vehicle_risk_mean,max_vehicle_risk_std,max_vehicle_cvar90_mean,max_vehicle_cvar90_std,vehicle_risk_gini_mean,vehicle_risk_gini_std,risk_variance_mean,risk_variance_std,edge_burden_gini_used_mean,edge_burden_gini_used_std,top10_burden_share_mean,top10_burden_share_std,max_edge_burden_mean,max_edge_burden_std,cost_increase_pct,risk_reduction_pct
0.0,0.0,3,133997.33333333334,0.5773502691896258,8.328534032646226,1.013606740038556,0.26477446612289063,0.05819825915298564,2.382243087680157,0.2447222559583753,0.3830230265855789,0.06721308930367195,0.12808144304571245,0.036346723445162404,0.19537812301032298,0.12186414968036835,0.8678948242892908,0.0016907560156830311,0.8926078116931899,0.0027059123940364857,0.907209575176239,0.0,0.0,0.0
1.0,0.0,3,157291.0,77.54353615872827,3.313683662768502,0.1608452732078504,0.09146471965624385,0.004441967087112319,0.8503040242297478,0.009485171069891492,0.10479010972711776,0.00981684422663295,0.15686223961390944,0.03134785887953502,0.04377133065583761,0.01720062163718979,0.8054757070402182,0.008013727645000817,0.7818333498799852,0.008296131406650782,0.6283535957336426,0.0,0.17383679277199537,0.6021288200564334
