beta,lambda_concentration,runs,pyvrp_cost_mean,pyvrp_cost_std,global_risk_mean,global_risk_std,global_cvar90_mean,global_cvar90_std,max_vehicle_risk_mean,max_vehicle_risk_std,max_vehicle_cvar90_mean,max_vehicle_cvar90_std,vehicle_risk_gini_mean,vehicle_risk_gini_std,risk_variance_mean,risk_variance_std,edge_burden_gini_used_mean,edge_burden_gini_used_std,top10_burden_share_mean,top10_burden_share_std,max_edge_burden_mean,max_edge_burden_std,cost_increase_pct,risk_reduction_pct
0.0,0.0,10,133997.6,0.6992058987801011,7.577928988500291,0.9067235571060869,0.23855746150040824,0.044192385202187934,2.442521964687075,0.27607217722062344,0.3956748677352335,0.09652110440531812,0.2227534616852708,0.05813146446678608,0.424909505696923,0.19170611784082645,0.8799448332779563,0.009574712901866466,0.9003270192820544,0.009527634842265636,1.171777027339108,0.37694971532234667,0.0,0.0
1.0,0.0,10,156791.2,204.38841019544682,2.469142384344253,0.16204616297283816,0.05281686143756923,0.005683026251467872,0.9063044210871503,0.10678046407564448,0.10075519859661992,0.022984365695940496,0.269736171350727,0.009325279216418575,0.06310007175636193,0.014317699323566954,0.7908824622669399,0.008343338578203198,0.7543316712216692,0.01380094172162974,0.4688345064030187,5.851389114294502e-17,0.1701045391857765,0.6741665977482877
