beta,lambda_concentration,runs,pyvrp_cost_mean,pyvrp_cost_std,global_risk_mean,global_risk_std,global_cvar90_mean,global_cvar90_std,max_vehicle_risk_mean,max_vehicle_risk_std,max_vehicle_cvar90_mean,max_vehicle_cvar90_std,vehicle_risk_gini_mean,vehicle_risk_gini_std,risk_variance_mean,risk_variance_std,edge_burden_gini_used_mean,edge_burden_gini_used_std,top10_burden_share_mean,top10_burden_share_std,max_edge_burden_mean,max_edge_burden_std,cost_increase_pct,risk_reduction_pct
0.0,0.0,3,133997.33333333334,0.5773502691896258,11.83229088402974,1.258688209249848,0.29724138985914866,0.1417217181561007,3.207573731585095,0.16760503276879513,0.427945510391146,0.11265110195337914,0.12542400042316437,0.017275818640375466,0.33922718265355795,0.1699893786073149,0.8521511246832691,0.0012840853031785445,0.8881673585393859,0.007960485534242974,1.2072018384933472,0.0,0.0,0.0
1.0,0.0,3,160962.0,318.0628868635887,4.7892577720728395,0.25753056156352117,0.08858150849824742,0.0057632164700153355,1.6770023868884891,0.17024471218988765,0.1724879430636527,0.0015087645253490406,0.2951191331830014,0.043927469944162675,0.26906363330193933,0.06975214995677999,0.7841372632549032,0.009452014908877761,0.7771811888096379,0.013667213708937743,1.0099999904632568,0.0,0.20123286035542987,0.59523833389377
