beta,lambda_concentration,runs,pyvrp_cost_mean,pyvrp_cost_std,global_risk_mean,global_risk_std,global_cvar90_mean,global_cvar90_std,max_vehicle_risk_mean,max_vehicle_risk_std,max_vehicle_cvar90_mean,max_vehicle_cvar90_std,vehicle_risk_gini_mean,vehicle_risk_gini_std,risk_variance_mean,risk_variance_std,edge_burden_gini_used_mean,edge_burden_gini_used_std,top10_burden_share_mean,top10_burden_share_std,max_edge_burden_mean,max_edge_burden_std,cost_increase_pct,risk_reduction_pct
0.0,0.0,10,146730.9,582.7275807213293,8.9046146275301,0.6232864562432855,0.2725179695365923,0.02621069941898088,2.7881376451812683,0.29679102807963653,0.3967444599348874,0.048370339086207546,0.18709712320403837,0.039157327132629344,0.40436124227704334,0.16155172765835693,0.8412120661452798,0.00670264766424356,0.8712154434569183,0.00889451484242062,1.1172398567199706,0.28326073430704235,0.0,0.0
1.0,0.0,10,181548.4,466.1328375283404,4.293601669219788,0.18564497682114736,0.08458470107847074,0.009829375892337282,1.4142427496495658,0.22040388492148247,0.19229021462412285,0.05240597167470041,0.24484773479821564,0.04409934827115241,0.16143465005381064,0.06374504466873256,0.7522649691603106,0.007117058058892156,0.7530255586179011,0.00907560513718878,0.8399437069892883,0.0,0.23728812404203886,0.5178228537879763
1.0,1.0,10,197014.3,351.39785934970575,3.364706755831139,0.02160885630494687,0.06323432911386981,0.0019428723945312005,1.3277819539507618,0.08020712170183122,0.15330076436586088,0.010762105528186232,0.2683679583129974,0.031139266981533967,0.12515821111541398,0.02519074202170599,0.7028083500561977,0.002495681930721219,0.6853331785489784,0.0029680496879064275,0.8399437069892883,0.0,0.3426912804324106,0.6221389811267958
