{
  "model": "graphsage_teg_gate",
  "split": "B",
  "seed": 4,
  "epochs": 50,
  "risk_mode": "exposure_floor",
  "exposure_delta": 0.01,
  "uncertainty_tau": 0.0,
  "experiment_tag": "paper_teg_gate_fusions_10seed",
  "checkpoint_path": "D:\\PyVRP-main\\hazmat_risk_experiments\\outputs_10seed\\models\\checkpoints\\graphsage_teg_gate_splitB_seed4_epochs50_paper_teg_gate_fusions_10seed.pt",
  "best_epoch": 50,
  "model_source": "checkpoint",
  "alpha_ord": 0.5,
  "alpha_hr": 1.0,
  "alpha_topk": 0.3,
  "lambda_nll": 0.0,
  "lambda_var": 0.0,
  "ec_delta_max": 0.05,
  "lambda_edge": 0.0,
  "lambda_edge_high": 0.0,
  "lambda_distill": 0.0,
  "lambda_delta": 0.0,
  "ec_teacher_epochs": 50,
  "gamma_unc": 0.5,
  "logvar_min": -5.0,
  "logvar_max": 2.0,
  "metrics": {
    "data_2020_train": {
      "macro_f1": 0.3015296337188126,
      "weighted_f1": 0.6788349792247007,
      "mae": 0.7812909604116299,
      "qwk": 0.6420564128815063,
      "recall_6_8": 0.7,
      "precision_6_8": 0.6829268292682927,
      "pr_auc_high": 0.7827807532040624,
      "high_fn_rate": 0.3,
      "brier": 0.3452029824256897,
      "ece": 0.08257163239549623,
      "high_risk_recall_at_top10pct": 0.7,
      "high_risk_recall_at_top20pct": 1.0,
      "ndcg_at_top20pct": 0.8132270600010879,
      "high_risk_hits_at_10": 9.0,
      "high_risk_hits_at_20": 15.0
    },
    "data_2021_train": {
      "macro_f1": 0.34058568882098295,
      "weighted_f1": 0.6987580156029354,
      "mae": 0.657176827643399,
      "qwk": 0.7463671542574544,
      "recall_6_8": 0.85,
      "precision_6_8": 0.7391304347826086,
      "pr_auc_high": 0.8700654487820412,
      "high_fn_rate": 0.15,
      "brier": 0.29482007026672363,
      "ece": 0.08109795547683132,
      "high_risk_recall_at_top10pct": 0.65,
      "high_risk_recall_at_top20pct": 1.0,
      "ndcg_at_top20pct": 0.8100055204399873,
      "high_risk_hits_at_10": 9.0,
      "high_risk_hits_at_20": 15.0
    },
    "data_2021_val": {
      "macro_f1": 0.23337053571428573,
      "weighted_f1": 0.5944642857142858,
      "mae": 1.2176812272373254,
      "qwk": 0.12075897580588268,
      "recall_6_8": 0.2,
      "precision_6_8": 0.25,
      "pr_auc_high": 0.5444444444444445,
      "high_fn_rate": 0.8,
      "brier": 0.46475929021835327,
      "ece": 0.1715412437915802,
      "high_risk_recall_at_top10pct": 0.4,
      "high_risk_recall_at_top20pct": 0.6,
      "ndcg_at_top20pct": 0.5565443007131605,
      "high_risk_hits_at_10": 4.0,
      "high_risk_hits_at_20": 5.0
    },
    "data_2021_test": {
      "macro_f1": 0.2254030267481302,
      "weighted_f1": 0.5964631843487603,
      "mae": 1.2285868266128064,
      "qwk": 0.20353378054623872,
      "recall_6_8": 0.23076923076923078,
      "precision_6_8": 0.375,
      "pr_auc_high": 0.4190370672442807,
      "high_fn_rate": 0.7692307692307693,
      "brier": 0.4814618229866028,
      "ece": 0.06665466537883688,
      "high_risk_recall_at_top10pct": 0.3076923076923077,
      "high_risk_recall_at_top20pct": 0.5384615384615384,
      "ndcg_at_top20pct": 0.5171398090440856,
      "high_risk_hits_at_10": 6.0,
      "high_risk_hits_at_20": 7.0
    }
  },
  "split_sizes": {
    "data_2020": {
      "train": 419,
      "val": 0,
      "test": 0
    },
    "data_2021": {
      "train": 176,
      "val": 45,
      "test": 222
    }
  },
  "risk_summaries": {
    "data_2020": {
      "edge_count": 6603,
      "risk_min": 0.0,
      "risk_max": 0.8586481213569641,
      "risk_mean": 0.018884263932704926,
      "risk_p25": 0.0006809008773416281,
      "risk_p50": 0.0016982295783236623,
      "risk_p75": 0.0038570172619074583,
      "risk_p90": 0.008354224264621735,
      "risk_p95": 0.0948011577129364,
      "risk_p99": 0.4331066608428955,
      "zero_risk_edge_count": 11,
      "zero_risk_edge_ratio": 0.0016659094351052551,
      "edge_attribute_zero_ratio": 0.928365894290474,
      "matrix_5x8": [
        [
          8,
          660,
          360,
          151,
          27,
          39,
          61,
          15
        ],
        [
          0,
          625,
          282,
          163,
          66,
          52,
          53,
          80
        ],
        [
          0,
          599,
          317,
          144,
          118,
          78,
          27,
          37
        ],
        [
          2,
          558,
          351,
          148,
          78,
          90,
          68,
          26
        ],
        [
          1,
          509,
          400,
          187,
          65,
          50,
          71,
          37
        ]
      ]
    },
    "data_2021": {
      "edge_count": 7647,
      "risk_min": 0.0,
      "risk_max": 0.8635225296020508,
      "risk_mean": 0.016676291823387146,
      "risk_p25": 0.0006580196786671877,
      "risk_p50": 0.0016680993139743805,
      "risk_p75": 0.0037794255185872316,
      "risk_p90": 0.0077440738677978516,
      "risk_p95": 0.06939495354890823,
      "risk_p99": 0.43228575587272644,
      "zero_risk_edge_count": 10,
      "zero_risk_edge_ratio": 0.0013077023669412842,
      "edge_attribute_zero_ratio": 0.9314763959722767,
      "matrix_5x8": [
        [
          2,
          829,
          421,
          142,
          59,
          34,
          8,
          35
        ],
        [
          2,
          740,
          318,
          169,
          135,
          63,
          32,
          70
        ],
        [
          1,
          678,
          376,
          193,
          152,
          63,
          17,
          50
        ],
        [
          2,
          638,
          324,
          216,
          179,
          93,
          58,
          19
        ],
        [
          3,
          609,
          387,
          226,
          133,
          69,
          52,
          50
        ]
      ]
    }
  }
}