{
  "model": "stable_tail_ua_gnn",
  "split": "B",
  "seed": 0,
  "epochs": 50,
  "risk_mode": "exposure_floor",
  "exposure_delta": 0.01,
  "uncertainty_tau": 0.0,
  "experiment_tag": "stable_tail_ua_pretest_3seed",
  "alpha_ord": 0.3,
  "alpha_hr": 0.5,
  "alpha_topk": 0.1,
  "lambda_nll": 0.2,
  "lambda_var": 0.01,
  "gamma_unc": 0.5,
  "logvar_min": -5.0,
  "logvar_max": 2.0,
  "metrics": {
    "data_2020_train": {
      "macro_f1": 0.38046269656121645,
      "weighted_f1": 0.7047462931851338,
      "mae": 0.793691684916464,
      "qwk": 0.6641023240074055,
      "recall_6_8": 0.675,
      "precision_6_8": 0.6428571428571429,
      "pr_auc_high": 0.7641817912983538,
      "high_fn_rate": 0.325,
      "brier": 0.32919570803642273,
      "ece": 0.0807467090557185,
      "ordinal_nll": 0.9375132226042923,
      "uncertainty_mean": 2.162126302719116,
      "correct_uncertainty": 2.209467649459839,
      "error_uncertainty": 2.0111072063446045,
      "error_uncertainty_corr": -0.1760706624717289,
      "high_fn_uncertainty": 1.7124221324920654
    },
    "data_2021_train": {
      "macro_f1": 0.5073759872146969,
      "weighted_f1": 0.7413533827196066,
      "mae": 0.6597129906454281,
      "qwk": 0.7143266180930645,
      "recall_6_8": 0.72,
      "precision_6_8": 0.8571428571428571,
      "pr_auc_high": 0.9091006535666719,
      "high_fn_rate": 0.28,
      "brier": 0.29597848653793335,
      "ece": 0.09232636962541087,
      "ordinal_nll": 0.9222938408933039,
      "uncertainty_mean": 2.1636481285095215,
      "correct_uncertainty": 2.2462382316589355,
      "error_uncertainty": 1.8578882217407227,
      "error_uncertainty_corr": -0.3169608217603525,
      "high_fn_uncertainty": 1.4593371152877808
    },
    "data_2021_test": {
      "macro_f1": 0.26528364503379537,
      "weighted_f1": 0.6250719229367987,
      "mae": 1.1278651288428463,
      "qwk": 0.3499551601894707,
      "recall_6_8": 0.3076923076923077,
      "precision_6_8": 0.5333333333333333,
      "pr_auc_high": 0.4375067606378215,
      "high_fn_rate": 0.6923076923076923,
      "brier": 0.4441557228565216,
      "ece": 0.08247409767664232,
      "ordinal_nll": 1.0878463971883405,
      "uncertainty_mean": 2.1043035984039307,
      "correct_uncertainty": 2.0960693359375,
      "error_uncertainty": 2.1221835613250732,
      "error_uncertainty_corr": 0.024596892663178056,
      "high_fn_uncertainty": 2.2216835021972656
    }
  },
  "split_sizes": {
    "data_2020": {
      "train": 419,
      "val": 0,
      "test": 0
    },
    "data_2021": {
      "train": 221,
      "val": 0,
      "test": 222
    }
  },
  "risk_summaries": {
    "data_2020": {
      "edge_count": 6603,
      "risk_min": 0.0,
      "risk_max": 0.8500156998634338,
      "risk_mean": 0.018154675140976906,
      "risk_p25": 0.0007467715186066926,
      "risk_p50": 0.0017467369325459003,
      "risk_p75": 0.003604467958211899,
      "risk_p90": 0.008052172139286995,
      "risk_p95": 0.08804772794246674,
      "risk_p99": 0.4238572120666504,
      "zero_risk_edge_count": 1,
      "zero_risk_edge_ratio": 0.00015144631228229593,
      "edge_attribute_zero_ratio": 0.928365894290474,
      "matrix_5x8": [
        [
          1,
          664,
          393,
          105,
          70,
          31,
          56,
          1
        ],
        [
          0,
          605,
          326,
          148,
          87,
          36,
          118,
          1
        ],
        [
          0,
          543,
          354,
          198,
          113,
          44,
          67,
          1
        ],
        [
          0,
          546,
          358,
          170,
          94,
          67,
          76,
          10
        ],
        [
          0,
          574,
          388,
          145,
          76,
          44,
          93,
          0
        ]
      ]
    },
    "data_2021": {
      "edge_count": 7647,
      "risk_min": 0.0,
      "risk_max": 0.8405904769897461,
      "risk_mean": 0.016167718917131424,
      "risk_p25": 0.000763997551985085,
      "risk_p50": 0.0018266370752826333,
      "risk_p75": 0.003466016845777631,
      "risk_p90": 0.007716942112892866,
      "risk_p95": 0.07918506115674973,
      "risk_p99": 0.4134620428085327,
      "zero_risk_edge_count": 9,
      "zero_risk_edge_ratio": 0.0011769321302471558,
      "edge_attribute_zero_ratio": 0.9314763959722767,
      "matrix_5x8": [
        [
          1,
          817,
          427,
          153,
          82,
          10,
          36,
          4
        ],
        [
          2,
          692,
          360,
          209,
          130,
          52,
          84,
          0
        ],
        [
          1,
          597,
          440,
          258,
          115,
          59,
          54,
          6
        ],
        [
          2,
          614,
          367,
          271,
          140,
          87,
          37,
          11
        ],
        [
          3,
          628,
          442,
          210,
          88,
          90,
          63,
          5
        ]
      ]
    }
  }
}