beta,lambda_concentration,runs,pyvrp_cost_mean,pyvrp_cost_std,global_risk_mean,global_risk_std,global_cvar90_mean,global_cvar90_std,max_vehicle_risk_mean,max_vehicle_risk_std,max_vehicle_cvar90_mean,max_vehicle_cvar90_std,vehicle_risk_gini_mean,vehicle_risk_gini_std,risk_variance_mean,risk_variance_std,edge_burden_gini_used_mean,edge_burden_gini_used_std,top10_burden_share_mean,top10_burden_share_std,max_edge_burden_mean,max_edge_burden_std,cost_increase_pct,risk_reduction_pct
0.0,0.0,10,133997.6,0.6992058987801011,8.910546110998258,0.8138617487429353,0.272442957131554,0.04701244025031029,2.519946751592215,0.2517958705009423,0.41659324864391234,0.11576584088244352,0.14039673610167222,0.029490968849276527,0.2421735330179812,0.09820396599869363,0.8481802724620147,0.00854662967147681,0.880315591535074,0.00968731517722624,1.1473666727542877,0.3932647469102255,0.0,0.0
1.0,0.0,10,160394.0,246.62341963226265,3.745033576525748,0.23416762509508596,0.09350822878821899,0.011903906004829498,1.1772679429152049,0.1366710406291849,0.13800391561351716,0.03800427379441131,0.249277339322711,0.04983067174279592,0.12009835595887823,0.05072307655199837,0.7543004467052077,0.009772865445303935,0.7482812006329096,0.013162614972320583,0.903126060962677,0.0,0.19699158790903712,0.5797077384624221
