beta,lambda_concentration,runs,pyvrp_cost_mean,pyvrp_cost_std,global_risk_mean,global_risk_std,global_cvar90_mean,global_cvar90_std,max_vehicle_risk_mean,max_vehicle_risk_std,max_vehicle_cvar90_mean,max_vehicle_cvar90_std,vehicle_risk_gini_mean,vehicle_risk_gini_std,risk_variance_mean,risk_variance_std,edge_burden_gini_used_mean,edge_burden_gini_used_std,top10_burden_share_mean,top10_burden_share_std,max_edge_burden_mean,max_edge_burden_std,cost_increase_pct,risk_reduction_pct
0.0,0.0,10,133997.6,0.6992058987801011,7.535550428052375,0.8732160286776554,0.21008482586145108,0.04486662552084325,2.3304925974101933,0.3946540189938876,0.37858036071816015,0.09473740065200074,0.17979019242352612,0.06093916216661537,0.2935558408923266,0.19348398070566405,0.8359010562665548,0.012166584637222347,0.8623514989387434,0.011861753576408625,1.112686425447464,0.4131256304310189,0.0,0.0
1.0,0.0,10,158711.7,262.1734158910853,3.022257516482932,0.2630984078994403,0.06641871981189248,0.012310025745569048,0.9596137170679867,0.09209248995822304,0.11496688141520801,0.018896210888512247,0.20000376191678484,0.04837656333356934,0.05236142005673509,0.01352380153426918,0.704069886702722,0.026168472342273066,0.6942678412200297,0.030379346871221943,0.41741198897361753,0.021211421675879142,0.18443688543675413,0.5989334096640557
