{
  "pairs": "D:\\PyVRP-main\\hazmat_risk_experiments\\outputs_10seed\\od_paths\\fixed_od_pairs_150.csv",
  "num_pairs": 150,
  "year": "data_2021",
  "k_paths": 50,
  "cvar_alpha": 0.9,
  "re_threshold": "p75",
  "sources": [
    {
      "risk_source": "Stable-Tail-MatrixEns-r030_seed0",
      "risk_dir": "D:\\PyVRP-main\\hazmat_risk_experiments\\outputs_10seed\\risk_matrices\\stable_tail_matrix_ensemble_rho030_splitB_seed0_floor_0p01",
      "largest_component_nodes": 4357,
      "largest_component_edges": 6650,
      "re_threshold": "p75",
      "re_threshold_value": 0.0026179325650446117,
      "risk_diagnostics": {
        "edge_count": 6650,
        "zero_risk_edge_count": 1,
        "zero_risk_edge_ratio": 0.00015037593984962405,
        "risk_min": 0.0,
        "risk_p25": 0.0004907305119559169,
        "risk_p50": 0.0011897766962647438,
        "risk_p75": 0.0026179325650446117,
        "risk_p90": 0.006021848879754543,
        "risk_p95": 0.05060861259698868,
        "risk_p99": 0.2952273488044739,
        "risk_max": 0.6250927448272705,
        "edge_attribute_zero_ratio": 0.0,
        "S_i_norm_zero_or_near_zero_ratio": 0.005278861602019738
      }
    },
    {
      "risk_source": "Stable-Tail-MatrixEns-r030_seed1",
      "risk_dir": "D:\\PyVRP-main\\hazmat_risk_experiments\\outputs_10seed\\risk_matrices\\stable_tail_matrix_ensemble_rho030_splitB_seed1_floor_0p01",
      "largest_component_nodes": 4357,
      "largest_component_edges": 6650,
      "re_threshold": "p75",
      "re_threshold_value": 0.003288285108283162,
      "risk_diagnostics": {
        "edge_count": 6650,
        "zero_risk_edge_count": 0,
        "zero_risk_edge_ratio": 0.0,
        "risk_min": 8.344649971014917e-10,
        "risk_p25": 0.0007098614005371928,
        "risk_p50": 0.0013309204368852079,
        "risk_p75": 0.003288285108283162,
        "risk_p90": 0.006007160991430283,
        "risk_p95": 0.058988268673419254,
        "risk_p99": 0.3163134455680847,
        "risk_max": 0.6345320343971252,
        "edge_attribute_zero_ratio": 0.0,
        "S_i_norm_zero_or_near_zero_ratio": 0.0006885471654808355
      }
    },
    {
      "risk_source": "Stable-Tail-MatrixEns-r030_seed2",
      "risk_dir": "D:\\PyVRP-main\\hazmat_risk_experiments\\outputs_10seed\\risk_matrices\\stable_tail_matrix_ensemble_rho030_splitB_seed2_floor_0p01",
      "largest_component_nodes": 4357,
      "largest_component_edges": 6650,
      "re_threshold": "p75",
      "re_threshold_value": 0.002992052584886551,
      "risk_diagnostics": {
        "edge_count": 6650,
        "zero_risk_edge_count": 0,
        "zero_risk_edge_ratio": 0.0,
        "risk_min": 2.1648405379437463e-07,
        "risk_p25": 0.0007018155883997679,
        "risk_p50": 0.0013648628955706954,
        "risk_p75": 0.002992052584886551,
        "risk_p90": 0.0058955722488462925,
        "risk_p95": 0.0551710171625017,
        "risk_p99": 0.3066955506801605,
        "risk_max": 0.682141900062561,
        "edge_attribute_zero_ratio": 0.0,
        "S_i_norm_zero_or_near_zero_ratio": 0.0004590314436538903
      }
    },
    {
      "risk_source": "Stable-Tail-MatrixEns-r030_seed3",
      "risk_dir": "D:\\PyVRP-main\\hazmat_risk_experiments\\outputs_10seed\\risk_matrices\\stable_tail_matrix_ensemble_rho030_splitB_seed3_floor_0p01",
      "largest_component_nodes": 4357,
      "largest_component_edges": 6650,
      "re_threshold": "p75",
      "re_threshold_value": 0.002432445762678981,
      "risk_diagnostics": {
        "edge_count": 6650,
        "zero_risk_edge_count": 0,
        "zero_risk_edge_ratio": 0.0,
        "risk_min": 3.588199604109832e-08,
        "risk_p25": 0.0005910657200729474,
        "risk_p50": 0.0011817760532721877,
        "risk_p75": 0.002432445762678981,
        "risk_p90": 0.005572015792131426,
        "risk_p95": 0.04959139991551632,
        "risk_p99": 0.28359551429748653,
        "risk_max": 0.6201595664024353,
        "edge_attribute_zero_ratio": 0.0,
        "S_i_norm_zero_or_near_zero_ratio": 0.0009180628873077806
      }
    },
    {
      "risk_source": "Stable-Tail-MatrixEns-r030_seed4",
      "risk_dir": "D:\\PyVRP-main\\hazmat_risk_experiments\\outputs_10seed\\risk_matrices\\stable_tail_matrix_ensemble_rho030_splitB_seed4_floor_0p01",
      "largest_component_nodes": 4357,
      "largest_component_edges": 6650,
      "re_threshold": "p75",
      "re_threshold_value": 0.0027270513237453997,
      "risk_diagnostics": {
        "edge_count": 6650,
        "zero_risk_edge_count": 0,
        "zero_risk_edge_ratio": 0.0,
        "risk_min": 5.9604643443123e-10,
        "risk_p25": 0.0007332873647101223,
        "risk_p50": 0.0014123149449005723,
        "risk_p75": 0.0027270513237453997,
        "risk_p90": 0.006057743914425373,
        "risk_p95": 0.050064489245414734,
        "risk_p99": 0.3163709044456482,
        "risk_max": 0.6525363326072693,
        "edge_attribute_zero_ratio": 0.0,
        "S_i_norm_zero_or_near_zero_ratio": 0.0009180628873077806
      }
    },
    {
      "risk_source": "Stable-Tail-MatrixEns-r030_seed5",
      "risk_dir": "D:\\PyVRP-main\\hazmat_risk_experiments\\outputs_10seed\\risk_matrices\\stable_tail_matrix_ensemble_rho030_splitB_seed5_floor_0p01",
      "largest_component_nodes": 4357,
      "largest_component_edges": 6650,
      "re_threshold": "p75",
      "re_threshold_value": 0.0026717139407992363,
      "risk_diagnostics": {
        "edge_count": 6650,
        "zero_risk_edge_count": 0,
        "zero_risk_edge_ratio": 0.0,
        "risk_min": 1.0013580187262505e-08,
        "risk_p25": 0.0005770745628979057,
        "risk_p50": 0.001131189987063408,
        "risk_p75": 0.0026717139407992363,
        "risk_p90": 0.005712025798857212,
        "risk_p95": 0.04919615760445595,
        "risk_p99": 0.29845911055803337,
        "risk_max": 0.6273148655891418,
        "edge_attribute_zero_ratio": 0.0,
        "S_i_norm_zero_or_near_zero_ratio": 0.0006885471654808355
      }
    },
    {
      "risk_source": "Stable-Tail-MatrixEns-r030_seed6",
      "risk_dir": "D:\\PyVRP-main\\hazmat_risk_experiments\\outputs_10seed\\risk_matrices\\stable_tail_matrix_ensemble_rho030_splitB_seed6_floor_0p01",
      "largest_component_nodes": 4357,
      "largest_component_edges": 6650,
      "re_threshold": "p75",
      "re_threshold_value": 0.003072207560762763,
      "risk_diagnostics": {
        "edge_count": 6650,
        "zero_risk_edge_count": 0,
        "zero_risk_edge_ratio": 0.0,
        "risk_min": 1.7881391922713874e-09,
        "risk_p25": 0.0008963255677372217,
        "risk_p50": 0.0015015561948530376,
        "risk_p75": 0.003072207560762763,
        "risk_p90": 0.005265571642667055,
        "risk_p95": 0.0594873066991567,
        "risk_p99": 0.312174916267395,
        "risk_max": 0.6184112429618835,
        "edge_attribute_zero_ratio": 0.0,
        "S_i_norm_zero_or_near_zero_ratio": 0.0009180628873077806
      }
    },
    {
      "risk_source": "Stable-Tail-MatrixEns-r030_seed7",
      "risk_dir": "D:\\PyVRP-main\\hazmat_risk_experiments\\outputs_10seed\\risk_matrices\\stable_tail_matrix_ensemble_rho030_splitB_seed7_floor_0p01",
      "largest_component_nodes": 4357,
      "largest_component_edges": 6650,
      "re_threshold": "p75",
      "re_threshold_value": 0.003440072061493993,
      "risk_diagnostics": {
        "edge_count": 6650,
        "zero_risk_edge_count": 0,
        "zero_risk_edge_ratio": 0.0,
        "risk_min": 2.2888182016345127e-08,
        "risk_p25": 0.0005682715709554031,
        "risk_p50": 0.0012968667433597147,
        "risk_p75": 0.003440072061493993,
        "risk_p90": 0.006065815687179565,
        "risk_p95": 0.05031927302479744,
        "risk_p99": 0.31334972381591797,
        "risk_max": 0.6255922317504883,
        "edge_attribute_zero_ratio": 0.0,
        "S_i_norm_zero_or_near_zero_ratio": 0.001606610052788616
      }
    },
    {
      "risk_source": "Stable-Tail-MatrixEns-r030_seed8",