{
  "model": "gradformer_adapted",
  "split": "B",
  "seed": 5,
  "epochs": 50,
  "risk_mode": "exposure_floor",
  "exposure_delta": 0.01,
  "uncertainty_tau": 0.0,
  "experiment_tag": "paper_strong_baselines_10seed",
  "checkpoint_path": "D:\\PyVRP-main\\hazmat_risk_experiments\\outputs_10seed\\models\\checkpoints\\gradformer_adapted_splitB_seed5_epochs50_paper_strong_baselines_10seed.pt",
  "best_epoch": 44,
  "model_source": "checkpoint",
  "alpha_ord": 0.5,
  "alpha_hr": 1.0,
  "alpha_topk": 0.3,
  "lambda_nll": 0.0,
  "lambda_var": 0.0,
  "ec_delta_max": 0.05,
  "lambda_edge": 0.0,
  "lambda_edge_high": 0.0,
  "lambda_distill": 0.0,
  "lambda_delta": 0.0,
  "ec_teacher_epochs": 50,
  "gamma_unc": 0.5,
  "logvar_min": -5.0,
  "logvar_max": 2.0,
  "metrics": {
    "data_2020_train": {
      "macro_f1": 0.576589070903004,
      "weighted_f1": 0.7536417404545717,
      "mae": 1.0797456792677436,
      "qwk": 0.6576965924120983,
      "recall_6_8": 0.675,
      "precision_6_8": 0.6923076923076923,
      "pr_auc_high": 0.8015813917071735,
      "high_fn_rate": 0.325,
      "brier": 0.36942923069000244,
      "ece": 0.16124700802891806,
      "high_risk_recall_at_top10pct": 0.7,
      "high_risk_recall_at_top20pct": 0.9,
      "ndcg_at_top20pct": 0.8317629638782781,
      "high_risk_hits_at_10": 10.0,
      "high_risk_hits_at_20": 17.0
    },
    "data_2021_train": {
      "macro_f1": 0.7448625975053699,
      "weighted_f1": 0.8434081067200626,
      "mae": 0.890623152189177,
      "qwk": 0.6547450267055435,
      "recall_6_8": 0.65,
      "precision_6_8": 0.8666666666666667,
      "pr_auc_high": 0.9244796442234522,
      "high_fn_rate": 0.35,
      "brier": 0.2734295725822449,
      "ece": 0.16257542896677152,
      "high_risk_recall_at_top10pct": 0.7,
      "high_risk_recall_at_top20pct": 0.95,
      "ndcg_at_top20pct": 0.855450599579105,
      "high_risk_hits_at_10": 10.0,
      "high_risk_hits_at_20": 14.0
    },
    "data_2021_val": {
      "macro_f1": 0.3822055137844611,
      "weighted_f1": 0.6314118629908103,
      "mae": 1.3430237238113687,
      "qwk": 0.36016175319593,
      "recall_6_8": 0.4,
      "precision_6_8": 0.4,
      "pr_auc_high": 0.39144747725392887,
      "high_fn_rate": 0.6,
      "brier": 0.5268418788909912,
      "ece": 0.18080328305562338,
      "high_risk_recall_at_top10pct": 0.4,
      "high_risk_recall_at_top20pct": 0.4,
      "ndcg_at_top20pct": 0.6049425588453434,
      "high_risk_hits_at_10": 2.0,
      "high_risk_hits_at_20": 3.0
    },
    "data_2021_test": {
      "macro_f1": 0.259199611101785,
      "weighted_f1": 0.5847389272771176,
      "mae": 1.3023391198192305,
      "qwk": 0.31662027019486527,
      "recall_6_8": 0.2692307692307692,
      "precision_6_8": 0.4666666666666667,
      "pr_auc_high": 0.36025326545396885,
      "high_fn_rate": 0.7307692307692307,
      "brier": 0.5755487084388733,
      "ece": 0.1409274500769538,
      "high_risk_recall_at_top10pct": 0.4230769230769231,
      "high_risk_recall_at_top20pct": 0.5769230769230769,
      "ndcg_at_top20pct": 0.46072098546794754,
      "high_risk_hits_at_10": 5.0,
      "high_risk_hits_at_20": 11.0
    }
  },
  "split_sizes": {
    "data_2020": {
      "train": 419,
      "val": 0,
      "test": 0
    },
    "data_2021": {
      "train": 176,
      "val": 45,
      "test": 222
    }
  },
  "risk_summaries": {
    "data_2020": {
      "edge_count": 6603,
      "risk_min": 0.0,
      "risk_max": 0.916120707988739,
      "risk_mean": 0.022133873775601387,
      "risk_p25": 0.0020437617786228657,
      "risk_p50": 0.0030450939666479826,
      "risk_p75": 0.004153451882302761,
      "risk_p90": 0.008459862321615219,
      "risk_p95": 0.14896300435066223,
      "risk_p99": 0.4324146509170532,
      "zero_risk_edge_count": 47,
      "zero_risk_edge_ratio": 0.007117976677267908,
      "edge_attribute_zero_ratio": 0.928365894290474,
      "matrix_5x8": [
        [
          13,
          139,
          371,
          578,
          106,
          29,
          73,
          12
        ],
        [
          3,
          218,
          485,
          338,
          80,
          53,
          137,
          7
        ],
        [
          2,
          158,
          481,
          435,
          119,
          42,
          81,
          2
        ],
        [
          21,
          173,
          471,
          401,
          80,
          44,
          103,
          28
        ],
        [
          8,
          122,
          411,
          517,
          89,
          47,
          119,
          7
        ]
      ]
    },
    "data_2021": {
      "edge_count": 7647,
      "risk_min": 0.0,
      "risk_max": 0.9954075813293457,
      "risk_mean": 0.019486695528030396,
      "risk_p25": 0.0019813382532447577,
      "risk_p50": 0.003027844475582242,
      "risk_p75": 0.004088179208338261,
      "risk_p90": 0.008479935117065907,
      "risk_p95": 0.1324651539325714,
      "risk_p99": 0.4196752905845642,
      "zero_risk_edge_count": 21,
      "zero_risk_edge_ratio": 0.002746174970576697,
      "edge_attribute_zero_ratio": 0.9314763959722767,
      "matrix_5x8": [
        [
          7,
          138,
          466,
          670,
          123,
          24,
          94,
          8
        ],
        [
          1,
          298,
          548,
          421,
          90,
          64,
          61,
          46
        ],
        [
          4,
          250,
          545,
          512,
          67,
          62,
          68,
          22
        ],
        [
          3,
          175,
          631,
          477,
          69,
          90,
          64,
          20
        ],
        [
          6,
          181,
          455,
          631,
          74,
          62,
          99,
          21
        ]
      ]
    }
  }
}