beta,lambda_concentration,runs,pyvrp_cost_mean,pyvrp_cost_std,global_risk_mean,global_risk_std,global_cvar90_mean,global_cvar90_std,max_vehicle_risk_mean,max_vehicle_risk_std,max_vehicle_cvar90_mean,max_vehicle_cvar90_std,vehicle_risk_gini_mean,vehicle_risk_gini_std,risk_variance_mean,risk_variance_std,edge_burden_gini_used_mean,edge_burden_gini_used_std,top10_burden_share_mean,top10_burden_share_std,max_edge_burden_mean,max_edge_burden_std,cost_increase_pct,risk_reduction_pct
0.0,0.0,10,146730.9,582.7275807213293,9.93169447775399,0.6243475993998564,0.2975001175307976,0.03930838047002955,3.0621225758759465,0.29162594713090234,0.42181728243827815,0.04815103469593017,0.1887839012261876,0.040627340386835555,0.4918795189134519,0.18045887681105752,0.8684654089019395,0.004953522330316863,0.904475540989727,0.011389587529477756,0.9977548956871033,0.22110256960825622,0.0,0.0
1.0,0.0,10,181314.8,422.866619370432,4.642829649857231,0.36255473423169776,0.12252322091852322,0.020604339281044104,1.6703413055714917,0.16248094212241554,0.2023311386461414,0.025572456161759863,0.2984700115845754,0.06958437698029615,0.2661260718255517,0.09551343795410973,0.8441441768384379,0.005336254106546321,0.8418712831675581,0.011709643837442331,0.6979225277900696,0.0,0.2356960940061023,0.5325239152032676
