beta,lambda_concentration,runs,pyvrp_cost_mean,pyvrp_cost_std,global_risk_mean,global_risk_std,global_cvar90_mean,global_cvar90_std,max_vehicle_risk_mean,max_vehicle_risk_std,max_vehicle_cvar90_mean,max_vehicle_cvar90_std,vehicle_risk_gini_mean,vehicle_risk_gini_std,risk_variance_mean,risk_variance_std,edge_burden_gini_used_mean,edge_burden_gini_used_std,top10_burden_share_mean,top10_burden_share_std,max_edge_burden_mean,max_edge_burden_std,cost_increase_pct,risk_reduction_pct
0.0,0.0,5,146531.2,556.7375503771952,8.560660443545835,0.7328505570859413,0.23114248148382083,0.05594734658074042,2.867425200108447,0.4812812311768029,0.46912702796019595,0.08815457852654213,0.22900649342332638,0.025944589249551703,0.5495298976273879,0.17870017759345028,0.8443564647858682,0.0076678698863271,0.8738006652528387,0.008663622478851288,1.2005132067428887,0.36155435741084246,0.0,0.0
1.0,0.0,5,177082.6,345.83565461068355,3.8790931057017444,0.1449105709215269,0.08499067352585694,0.013473589554046221,1.2506266804248642,0.15562238069162734,0.1318105362075951,0.01994366288006889,0.21960479488542597,0.01982299070013696,0.0991951442231122,0.025105211073530198,0.7325616618348871,0.009823996987336946,0.7311075748697922,0.012158434398103275,0.6270044231378693,0.0,0.2084975759428708,0.5468698786403954
