{
  "model": "teg_gnn",
  "split": "B",
  "seed": 3,
  "epochs": 50,
  "risk_mode": "exposure_floor",
  "exposure_delta": 0.01,
  "experiment_tag": "teg_low_tail",
  "alpha_ord": 0.5,
  "alpha_hr": 1.0,
  "alpha_topk": 0.3,
  "metrics": {
    "data_2020_train": {
      "macro_f1": 0.5558144461597043,
      "weighted_f1": 0.6900296266500426,
      "mae": 1.2762168601509005,
      "qwk": 0.655964633229577,
      "recall_6_8": 0.75,
      "precision_6_8": 0.75,
      "pr_auc_high": 0.8216805212837855,
      "high_fn_rate": 0.25
    },
    "data_2021_train": {
      "macro_f1": 0.6754641300243405,
      "weighted_f1": 0.8046154497269513,
      "mae": 1.0457339023827494,
      "qwk": 0.7669615760506147,
      "recall_6_8": 0.84,
      "precision_6_8": 0.8076923076923077,
      "pr_auc_high": 0.9211721709852145,
      "high_fn_rate": 0.16
    },
    "data_2021_test": {
      "macro_f1": 0.26894675408186086,
      "weighted_f1": 0.5420622338957164,
      "mae": 1.6327602978672346,
      "qwk": 0.1515844677527337,
      "recall_6_8": 0.07692307692307693,
      "precision_6_8": 0.2857142857142857,
      "pr_auc_high": 0.2697569009962416,
      "high_fn_rate": 0.9230769230769231
    }
  },
  "split_sizes": {
    "data_2020": {
      "train": 419,
      "val": 0,
      "test": 0
    },
    "data_2021": {
      "train": 221,
      "val": 0,
      "test": 222
    }
  },
  "risk_summaries": {
    "data_2020": {
      "edge_count": 6603,
      "risk_min": 2.459628149154014e-06,
      "risk_max": 0.8607983589172363,
      "risk_mean": 0.02081548608839512,
      "risk_p25": 0.002923058345913887,
      "risk_p50": 0.0037786911707371473,
      "risk_p75": 0.004794126842170954,
      "risk_p90": 0.008566288277506828,
      "risk_p95": 0.11356271803379059,
      "risk_p99": 0.4325975477695465,
      "zero_risk_edge_count": 0,
      "zero_risk_edge_ratio": 0.0,
      "edge_attribute_zero_ratio": 0.928365894290474,
      "matrix_5x8": [
        [
          0,
          66,
          213,
          665,
          277,
          17,
          71,
          12
        ],
        [
          0,
          77,
          297,
          508,
          241,
          49,
          140,
          9
        ],
        [
          0,
          75,
          279,
          564,
          247,
          71,
          82,
          2
        ],
        [
          0,
          64,
          255,
          606,
          225,
          63,
          76,
          32
        ],
        [
          0,
          144,
          322,
          507,
          183,
          50,
          103,
          11
        ]
      ]
    },
    "data_2021": {
      "edge_count": 7647,
      "risk_min": 4.1961669694501325e-07,
      "risk_max": 0.8567700982093811,
      "risk_mean": 0.017794838175177574,
      "risk_p25": 0.00289382366463542,
      "risk_p50": 0.0037608917336910963,
      "risk_p75": 0.004699205048382282,
      "risk_p90": 0.008519414812326431,
      "risk_p95": 0.09852029383182526,
      "risk_p99": 0.3705851435661316,
      "zero_risk_edge_count": 0,
      "zero_risk_edge_ratio": 0.0,
      "edge_attribute_zero_ratio": 0.9314763959722767,
      "matrix_5x8": [
        [
          0,
          72,
          252,
          771,
          362,
          22,
          49,
          2
        ],
        [
          0,
          78,
          355,
          652,
          282,
          47,
          114,
          1
        ],
        [
          0,
          63,
          386,
          676,
          276,
          51,
          77,
          1
        ],
        [
          0,
          67,
          302,
          703,
          326,
          57,
          61,
          13
        ],
        [
          0,
          157,
          391,
          597,
          241,
          38,
          103,
          2
        ]
      ]
    }
  }
}