beta,lambda_concentration,runs,pyvrp_cost_mean,pyvrp_cost_std,global_risk_mean,global_risk_std,global_cvar90_mean,global_cvar90_std,max_vehicle_risk_mean,max_vehicle_risk_std,max_vehicle_cvar90_mean,max_vehicle_cvar90_std,vehicle_risk_gini_mean,vehicle_risk_gini_std,risk_variance_mean,risk_variance_std,edge_burden_gini_used_mean,edge_burden_gini_used_std,top10_burden_share_mean,top10_burden_share_std,max_edge_burden_mean,max_edge_burden_std,cost_increase_pct,risk_reduction_pct
0.0,0.0,5,146531.2,556.7375503771952,8.33136812589933,0.6969416734614161,0.25507181707627924,0.025945752139841752,2.749126701774955,0.46571074784214994,0.4476396502437897,0.08190665832171058,0.22323302376134607,0.026720003426256887,0.49600351064178483,0.16451480182106465,0.8385073711073672,0.0077465191315135625,0.8680026589007831,0.009061598220899577,1.157840077203577,0.3160629898454502,0.0,0.0
1.0,0.0,5,178197.8,269.4145504608093,3.566803343458291,0.30588571768972483,0.08132445937948443,0.009736234603518834,1.2303886922709084,0.1772599075993157,0.15184900366290538,0.031443610871214736,0.23929701238309248,0.026932957562800442,0.10990434326054162,0.02525082558272052,0.7086397788336616,0.018087797175200752,0.7004289401652544,0.024494578201047,0.6098223640198063,0.0,0.21610824179423888,0.5718826380542578
