{
  "name": "fusion_gcn_teg_low_rho025_splitB_seed1_epochs50_10seed_floor_0p01",
  "risk_dirs": [
    "D:\\PyVRP-main\\hazmat_risk_experiments\\outputs_10seed\\risk_matrices\\gcn_splitB_seed1_epochs50_10seed_floor_0p01",
    "D:\\PyVRP-main\\hazmat_risk_experiments\\outputs_10seed\\risk_matrices\\teg_gnn_splitB_seed1_epochs50_teg_low_tail_10seed_floor_0p01"
  ],
  "weights": [
    0.75,
    0.25
  ],
  "ensemble": "mean node probabilities",
  "summaries": [
    {
      "year": "data_2020",
      "edge_count": 6603,
      "risk_mean": 0.020188231815716544,
      "risk_p95": 0.11452920677844874,
      "risk_p99": 0.4324222144625912,
      "risk_max": 0.8787876495958439
    },
    {
      "year": "data_2021",
      "edge_count": 7647,
      "risk_mean": 0.017013513965826055,
      "risk_p95": 0.0951936090266705,
      "risk_p99": 0.3936005391963562,
      "risk_max": 0.8548467239880833
    }
  ]
}