{
  "model": "stable_tail_ua_gnn",
  "split": "B",
  "seed": 3,
  "epochs": 50,
  "risk_mode": "exposure_floor",
  "exposure_delta": 0.01,
  "uncertainty_tau": 0.0,
  "experiment_tag": "stable_tail_ua_formal_10seed",
  "alpha_ord": 0.3,
  "alpha_hr": 0.5,
  "alpha_topk": 0.1,
  "lambda_nll": 0.2,
  "lambda_var": 0.01,
  "gamma_unc": 0.5,
  "logvar_min": -5.0,
  "logvar_max": 2.0,
  "metrics": {
    "data_2020_train": {
      "macro_f1": 0.4631090853341493,
      "weighted_f1": 0.7200434550268828,
      "mae": 0.8264101631075462,
      "qwk": 0.6201968595052914,
      "recall_6_8": 0.6,
      "precision_6_8": 0.75,
      "pr_auc_high": 0.8072448058921469,
      "high_fn_rate": 0.4,
      "brier": 0.34553858637809753,
      "ece": 0.08969788480914578,
      "ordinal_nll": 0.8464401757704616,
      "uncertainty_mean": 1.946510910987854,
      "correct_uncertainty": 1.9650768041610718,
      "error_uncertainty": 1.8865000009536743,
      "error_uncertainty_corr": -0.06328609111916804,
      "high_fn_uncertainty": 1.8163938522338867
    },
    "data_2021_train": {
      "macro_f1": 0.541405170094533,
      "weighted_f1": 0.7449905850634698,
      "mae": 0.6905337615830812,
      "qwk": 0.7399561051226038,
      "recall_6_8": 0.8,
      "precision_6_8": 0.8,
      "pr_auc_high": 0.9011892153404503,
      "high_fn_rate": 0.2,
      "brier": 0.30741918087005615,
      "ece": 0.07920445427635676,
      "ordinal_nll": 0.833928045532261,
      "uncertainty_mean": 2.0029423236846924,
      "correct_uncertainty": 2.0506649017333984,
      "error_uncertainty": 1.830942153930664,
      "error_uncertainty_corr": -0.17389011379609848,
      "high_fn_uncertainty": 1.3919254541397095
    },
    "data_2021_test": {
      "macro_f1": 0.31680469517262216,
      "weighted_f1": 0.6329556722999345,
      "mae": 1.2544249265990257,
      "qwk": 0.20542775840538285,
      "recall_6_8": 0.11538461538461539,
      "precision_6_8": 0.42857142857142855,
      "pr_auc_high": 0.32928064173089017,
      "high_fn_rate": 0.8846153846153846,
      "brier": 0.48504185676574707,
      "ece": 0.12605597172771488,
      "ordinal_nll": 1.0864870189866145,
      "uncertainty_mean": 1.834541916847229,
      "correct_uncertainty": 1.7983942031860352,
      "error_uncertainty": 1.9181671142578125,
      "error_uncertainty_corr": 0.11027509303163018,
      "high_fn_uncertainty": 2.028099536895752
    }
  },
  "split_sizes": {
    "data_2020": {
      "train": 419,
      "val": 0,
      "test": 0
    },
    "data_2021": {
      "train": 221,
      "val": 0,
      "test": 222
    }
  },
  "risk_summaries": {
    "data_2020": {
      "edge_count": 6603,
      "risk_min": 9.128024913707122e-08,
      "risk_max": 0.8551973700523376,
      "risk_mean": 0.01807873137295246,
      "risk_p25": 0.000820885063149035,
      "risk_p50": 0.0017830177675932646,
      "risk_p75": 0.0035389133263379335,
      "risk_p90": 0.008354058489203453,
      "risk_p95": 0.08554844558238983,
      "risk_p99": 0.43068060278892517,
      "zero_risk_edge_count": 0,
      "zero_risk_edge_ratio": 0.0,
      "edge_attribute_zero_ratio": 0.928365894290474,
      "matrix_5x8": [
        [
          0,
          644,
          429,
          95,
          63,
          33,
          57,
          0
        ],
        [
          0,
          583,
          351,
          149,
          67,
          49,
          122,
          0
        ],
        [
          0,
          538,
          392,
          203,
          70,
          50,
          67,
          0
        ],
        [
          0,
          517,
          422,
          185,
          57,
          61,
          79,
          0
        ],
        [
          0,
          581,
          402,
          157,
          40,
          48,
          92,
          0
        ]
      ]
    },
    "data_2021": {
      "edge_count": 7647,
      "risk_min": 1.839229035738299e-08,
      "risk_max": 0.8560293912887573,
      "risk_mean": 0.015352552756667137,
      "risk_p25": 0.0008587425108999014,
      "risk_p50": 0.0018094157567247748,
      "risk_p75": 0.0033380703534930944,
      "risk_p90": 0.007434130646288395,
      "risk_p95": 0.0751093402504921,
      "risk_p99": 0.39750155806541443,
      "zero_risk_edge_count": 0,
      "zero_risk_edge_ratio": 0.0,
      "edge_attribute_zero_ratio": 0.9314763959722767,
      "matrix_5x8": [
        [
          0,
          806,
          472,
          162,
          28,
          22,
          40,
          0
        ],
        [
          0,
          650,
          436,
          205,
          92,
          52,
          94,
          0
        ],
        [
          0,
          630,
          472,
          220,
          82,
          60,
          66,
          0
        ],
        [
          0,
          654,
          448,
          187,
          119,
          77,
          44,
          0
        ],
        [
          0,
          582,
          568,
          181,
          56,
          68,
          74,
          0
        ]
      ]
    }
  }
}