{
  "model": "edge_gat",
  "split": "B",
  "seed": 6,
  "epochs": 50,
  "risk_mode": "exposure_floor",
  "exposure_delta": 0.01,
  "experiment_tag": "10seed",
  "alpha_ord": 0.5,
  "alpha_hr": 1.0,
  "alpha_topk": 0.3,
  "metrics": {
    "data_2020_train": {
      "macro_f1": 0.5646710303154403,
      "weighted_f1": 0.7419817647578213,
      "mae": 0.975073551318654,
      "qwk": 0.613129168483684,
      "recall_6_8": 0.65,
      "precision_6_8": 0.7222222222222222,
      "pr_auc_high": 0.8203934828724913,
      "high_fn_rate": 0.35
    },
    "data_2021_train": {
      "macro_f1": 0.7121155704691402,
      "weighted_f1": 0.7975836148221372,
      "mae": 0.8301062301297051,
      "qwk": 0.7437588532838486,
      "recall_6_8": 0.8,
      "precision_6_8": 0.8,
      "pr_auc_high": 0.9146230185679584,
      "high_fn_rate": 0.2
    },
    "data_2021_test": {
      "macro_f1": 0.30888243586263386,
      "weighted_f1": 0.6073705311329074,
      "mae": 1.3249827737203907,
      "qwk": 0.3670141673349371,
      "recall_6_8": 0.3076923076923077,
      "precision_6_8": 0.4444444444444444,
      "pr_auc_high": 0.3003857993839803,
      "high_fn_rate": 0.6923076923076923
    }
  },
  "split_sizes": {
    "data_2020": {
      "train": 419,
      "val": 0,
      "test": 0
    },
    "data_2021": {
      "train": 221,
      "val": 0,
      "test": 222
    }
  },
  "risk_summaries": {
    "data_2020": {
      "edge_count": 6603,
      "risk_min": 4.1043758756131865e-06,
      "risk_max": 0.910064697265625,
      "risk_mean": 0.021047845482826233,
      "risk_p25": 0.0015596873126924038,
      "risk_p50": 0.0025477190501987934,
      "risk_p75": 0.0039205364882946014,
      "risk_p90": 0.008405644446611404,
      "risk_p95": 0.1345055103302002,
      "risk_p99": 0.42527279257774353,
      "zero_risk_edge_count": 0,
      "zero_risk_edge_ratio": 0.0,
      "edge_attribute_zero_ratio": 0.928365894290474,
      "matrix_5x8": [
        [
          0,
          303,
          568,
          302,
          72,
          38,
          26,
          12
        ],
        [
          0,
          353,
          488,
          220,
          99,
          61,
          92,
          8
        ],
        [
          0,
          274,
          495,
          332,
          72,
          71,
          72,
          4
        ],
        [
          0,
          291,
          496,
          282,
          79,
          75,
          60,
          38
        ],
        [
          0,
          237,
          484,
          367,
          70,
          74,
          80,
          8
        ]
      ]
    },
    "data_2021": {
      "edge_count": 7647,
      "risk_min": 0.0,
      "risk_max": 0.8520545363426208,
      "risk_mean": 0.019832443445920944,
      "risk_p25": 0.0016271367203444242,
      "risk_p50": 0.002613681135699153,
      "risk_p75": 0.00400554807856679,
      "risk_p90": 0.008188816718757153,
      "risk_p95": 0.1280280500650406,
      "risk_p99": 0.4135352373123169,
      "zero_risk_edge_count": 2,
      "zero_risk_edge_ratio": 0.0002615404733882568,
      "edge_attribute_zero_ratio": 0.9314763959722767,
      "matrix_5x8": [
        [
          1,
          324,
          696,
          380,
          53,
          26,
          50,
          0
        ],
        [
          0,
          387,
          541,
          314,
          134,
          40,
          111,
          2
        ],
        [
          1,
          308,
          601,
          318,
          133,
          70,
          94,
          5
        ],
        [
          0,
          299,
          565,
          292,
          152,
          79,
          119,
          23
        ],
        [
          0,
          271,
          584,
          394,
          88,
          68,
          117,
          7
        ]
      ]
    }
  }
}