beta,lambda_concentration,runs,pyvrp_cost_mean,pyvrp_cost_std,global_risk_mean,global_risk_std,global_cvar90_mean,global_cvar90_std,max_vehicle_risk_mean,max_vehicle_risk_std,max_vehicle_cvar90_mean,max_vehicle_cvar90_std,vehicle_risk_gini_mean,vehicle_risk_gini_std,risk_variance_mean,risk_variance_std,edge_burden_gini_used_mean,edge_burden_gini_used_std,top10_burden_share_mean,top10_burden_share_std,max_edge_burden_mean,max_edge_burden_std,cost_increase_pct,risk_reduction_pct
0.0,0.0,10,146730.9,582.7275807213293,9.440807146618265,0.573739454029759,0.29103169844192167,0.02392008080835236,3.254342515686589,0.27378272127887754,0.4645326312895057,0.054658472835829724,0.2649980510687849,0.031092332145224274,0.8596866105306742,0.19821443199215685,0.855745904720053,0.0054201465749983725,0.8901502922415038,0.009939562529217892,1.0505533513291154,0.3482150063774956,0.0,0.0
1.0,0.0,10,179676.0,465.55773004000264,4.943602565342231,0.28564334359930843,0.12775383945270943,0.013014055650827354,1.8264130543237695,0.2268964687821506,0.2001140203833936,0.041595085192908755,0.2927632665274846,0.06853267375005112,0.29880288702625163,0.11793500818821866,0.8149859969805057,0.0068322018705608435,0.8214516457258503,0.009604774969231006,0.8853804709886738,0.0,0.2245273490450887,0.4763580604319912
