beta,lambda_concentration,runs,pyvrp_cost_mean,pyvrp_cost_std,global_risk_mean,global_risk_std,global_cvar90_mean,global_cvar90_std,max_vehicle_risk_mean,max_vehicle_risk_std,max_vehicle_cvar90_mean,max_vehicle_cvar90_std,vehicle_risk_gini_mean,vehicle_risk_gini_std,risk_variance_mean,risk_variance_std,edge_burden_gini_used_mean,edge_burden_gini_used_std,top10_burden_share_mean,top10_burden_share_std,max_edge_burden_mean,max_edge_burden_std,cost_increase_pct,risk_reduction_pct
0.0,0.0,3,146220.66666666666,383.9379290111011,10.834739770817881,1.1674848940999722,0.21350557258344557,0.011436860782068552,3.8032367865477377,0.3444973272331387,0.5453715423742931,0.04497352665375188,0.24038963343327127,0.016854747105655696,0.9533802000945598,0.20070340163276848,0.8526489979579576,0.006969592442097577,0.8935285744447475,0.00968582098143871,1.2140474319458008,0.5115259247898782,0.0,0.0
1.0,0.0,3,181669.66666666666,518.5270806171394,5.535599876350413,0.27066193998277494,0.11621247090271906,0.008489418843904379,2.045315654909549,0.06762022389782528,0.22532591422916284,0.005347011215516204,0.3081755305448615,0.013030739253693548,0.3694930597152881,0.018238854428123095,0.8055209036720887,0.0067244735133091035,0.8176603048900026,0.009507824473346579,0.6894017457962036,0.0,0.24243494991588058,0.48908787904067613
