beta,lambda_concentration,runs,pyvrp_cost_mean,pyvrp_cost_std,global_risk_mean,global_risk_std,global_cvar90_mean,global_cvar90_std,max_vehicle_risk_mean,max_vehicle_risk_std,max_vehicle_cvar90_mean,max_vehicle_cvar90_std,vehicle_risk_gini_mean,vehicle_risk_gini_std,risk_variance_mean,risk_variance_std,edge_burden_gini_used_mean,edge_burden_gini_used_std,top10_burden_share_mean,top10_burden_share_std,max_edge_burden_mean,max_edge_burden_std,cost_increase_pct,risk_reduction_pct
0.0,0.0,3,133997.33333333334,0.5773502691896258,10.414094822481275,1.1112033049025825,0.3287201286508487,0.06474423137216374,2.995788879770165,0.061596600405505554,0.4728109237634473,0.02825004904016423,0.1321731540277625,0.027708878987831906,0.33697044201949566,0.13734148692242346,0.8440599946412647,0.0015679218867490827,0.8816737809290869,0.014260121582861789,0.9999998807907104,0.0,0.0,0.0
1.0,0.0,3,161355.0,381.051177665153,4.4503943206509575,0.056844008734643084,0.11038251921434471,0.019707762408596376,1.3333607380045578,0.14282342403848167,0.1789081303609742,0.03773046981002175,0.2016030939561552,0.05625450701384852,0.11599664586816007,0.05929998134098288,0.7750141694846867,0.0066094632851180606,0.7787811836117694,0.006259531947285598,0.7720444202423096,0.0,0.20416575454237887,0.5726566354049027
