method,hop_increase,total_risk_reduction,cvar90_reduction,re_reduction
CVaR-risk,0.10191245791244447,0.8031712142450323,0.8948299387056973,0.9221755754090275
CVaR+Concentration,0.1947052049257673,0.800265381204441,0.8948299387056973,0.9393221615374365
