{
  "pairs": "D:\\PyVRP-main\\hazmat_risk_experiments\\outputs\\od_paths\\od_formal_floor001_p50_k50_cached_floor_0p01_a0p9_l1_p75\\od_pairs.csv",
  "num_pairs": 150,
  "year": "data_2021",
  "k_paths": 50,
  "cvar_alpha": 0.9,
  "re_threshold": "p75",
  "sources": [
    {
      "risk_source": "GCN",
      "risk_dir": "hazmat_risk_experiments\\outputs\\risk_matrices\\gcn_splitB_seed0_epochs50_floor_0p01",
      "largest_component_nodes": 4357,
      "largest_component_edges": 6650,
      "re_threshold": "p75",
      "re_threshold_value": 0.003649165155366063,
      "risk_diagnostics": {
        "edge_count": 6650,
        "zero_risk_edge_count": 6,
        "zero_risk_edge_ratio": 0.0009022556390977444,
        "risk_min": 0.0,
        "risk_p25": 0.0014404518296942115,
        "risk_p50": 0.0023346813395619392,
        "risk_p75": 0.003649165155366063,
        "risk_p90": 0.008469457738101482,
        "risk_p95": 0.11309035122394562,
        "risk_p99": 0.41633906960487366,
        "risk_max": 0.8528011441230774,
        "edge_attribute_zero_ratio": 0.0,
        "S_i_norm_zero_or_near_zero_ratio": 0.005278861602019738
      }
    },
    {
      "risk_source": "TEG-low",
      "risk_dir": "hazmat_risk_experiments\\outputs\\risk_matrices\\teg_gnn_splitB_seed0_epochs50_teg_low_tail_floor_0p01",
      "largest_component_nodes": 4357,
      "largest_component_edges": 6650,
      "re_threshold": "p75",
      "re_threshold_value": 0.004911081399768591,
      "risk_diagnostics": {
        "edge_count": 6650,
        "zero_risk_edge_count": 0,
        "zero_risk_edge_ratio": 0.0,
        "risk_min": 1.1069433369925719e-08,
        "risk_p25": 0.0029098838567733765,
        "risk_p50": 0.0037547035608440638,
        "risk_p75": 0.004911081399768591,
        "risk_p90": 0.008557505905628204,
        "risk_p95": 0.11264356933534139,
        "risk_p99": 0.4321845489740372,
        "risk_max": 0.8571691513061523,
        "edge_attribute_zero_ratio": 0.0,
        "S_i_norm_zero_or_near_zero_ratio": 0.0009180628873077806
      }
    },
    {
      "risk_source": "GCN+TEG-concat",
      "risk_dir": "hazmat_risk_experiments\\outputs\\risk_matrices\\gcn_teg_concat_splitB_seed0_epochs50_floor_0p01",
      "largest_component_nodes": 4357,
      "largest_component_edges": 6650,
      "re_threshold": "p75",
      "re_threshold_value": 0.003792170435190201,
      "risk_diagnostics": {
        "edge_count": 6650,
        "zero_risk_edge_count": 1,
        "zero_risk_edge_ratio": 0.00015037593984962405,
        "risk_min": 0.0,
        "risk_p25": 0.0006651668081758544,
        "risk_p50": 0.0016210753237828612,
        "risk_p75": 0.003792170435190201,
        "risk_p90": 0.008378436788916588,
        "risk_p95": 0.07334667593240667,
        "risk_p99": 0.42311108112335205,
        "risk_max": 0.8495379090309143,
        "edge_attribute_zero_ratio": 0.0,
        "S_i_norm_zero_or_near_zero_ratio": 0.004131282992885013
      }
    },
    {
      "risk_source": "Edge-GAT",
      "risk_dir": "hazmat_risk_experiments\\outputs\\risk_matrices\\edge_gat_splitB_seed0_epochs50_floor_0p01",
      "largest_component_nodes": 4357,
      "largest_component_edges": 6650,
      "re_threshold": "p75",
      "re_threshold_value": 0.0036628027446568012,
      "risk_diagnostics": {
        "edge_count": 6650,
        "zero_risk_edge_count": 19,
        "zero_risk_edge_ratio": 0.002857142857142857,
        "risk_min": 0.0,
        "risk_p25": 0.001347982877632603,
        "risk_p50": 0.0022773246746510267,
        "risk_p75": 0.0036628027446568012,
        "risk_p90": 0.008544903248548508,
        "risk_p95": 0.11024198718368962,
        "risk_p99": 0.431517630815506,
        "risk_max": 0.8581410050392151,
        "edge_attribute_zero_ratio": 0.0,
        "S_i_norm_zero_or_near_zero_ratio": 0.00803305026394308
      }
    },
    {
      "risk_source": "Label-reference",
      "risk_dir": "hazmat_risk_experiments\\outputs\\risk_matrices\\label_oracle_splitB_seed0_epochs50_floor_0p01",
      "largest_component_nodes": 4357,
      "largest_component_edges": 6650,
      "re_threshold": "p75",
      "re_threshold_value": 0.005094270687550306,
      "risk_diagnostics": {
        "edge_count": 6650,
        "zero_risk_edge_count": 50,
        "zero_risk_edge_ratio": 0.007518796992481203,
        "risk_min": 0.0,
        "risk_p25": 0.0028571428265422583,
        "risk_p50": 0.00382197427097708,
        "risk_p75": 0.005094270687550306,
        "risk_p90": 0.008571428246796131,
        "risk_p95": 0.0910436429083342,
        "risk_p99": 0.4328571557998657,
        "risk_max": 0.9999998807907104,
        "edge_attribute_zero_ratio": 0.0,
        "S_i_norm_zero_or_near_zero_ratio": 0.05210006885471655
      }
    }
  ]
}