beta,lambda_concentration,runs,pyvrp_cost_mean,pyvrp_cost_std,global_risk_mean,global_risk_std,global_cvar90_mean,global_cvar90_std,max_vehicle_risk_mean,max_vehicle_risk_std,max_vehicle_cvar90_mean,max_vehicle_cvar90_std,vehicle_risk_gini_mean,vehicle_risk_gini_std,risk_variance_mean,risk_variance_std,edge_burden_gini_used_mean,edge_burden_gini_used_std,top10_burden_share_mean,top10_burden_share_std,max_edge_burden_mean,max_edge_burden_std,cost_increase_pct,risk_reduction_pct
0.0,0.0,10,146730.9,582.7275807213293,9.275490823406267,0.690845394229281,0.2919173036967665,0.032638321440659354,3.0214392695619607,0.22840468854616325,0.42975468585533755,0.04904012343695053,0.20901896113610957,0.03673628868773554,0.5452269665600438,0.16867427074659977,0.8771108453190795,0.005478350594996758,0.8984824339939586,0.0075074339845464825,1.1844574332237243,0.3022662490930271,0.0,0.0
2.0,2.0,10,222221.5,337.199331091995,2.8340823717638615,0.020645222415087157,0.0548144545948543,0.0021018947897432113,1.3064413068618932,0.17077606926746688,0.12712992953155378,0.01708343374997336,0.36447086675185547,0.0648045117668076,0.16745386538326903,0.056404702542917004,0.7809738876985385,0.003947299394545388,0.7314382002597398,0.0036006144164945257,0.8629770874977112,0.0,0.5144833160568089,0.6944547274400961
