beta,lambda_concentration,runs,pyvrp_cost_mean,pyvrp_cost_std,global_risk_mean,global_risk_std,global_cvar90_mean,global_cvar90_std,max_vehicle_risk_mean,max_vehicle_risk_std,max_vehicle_cvar90_mean,max_vehicle_cvar90_std,vehicle_risk_gini_mean,vehicle_risk_gini_std,risk_variance_mean,risk_variance_std,edge_burden_gini_used_mean,edge_burden_gini_used_std,top10_burden_share_mean,top10_burden_share_std,max_edge_burden_mean,max_edge_burden_std,cost_increase_pct,risk_reduction_pct
0.0,0.0,10,146730.9,582.7275807213293,7.035680619864911,0.6237865786042681,0.21959839075208362,0.030946905883937652,2.4159057538534396,0.45064151297691807,0.35482018986982955,0.07633900682017836,0.23440010761357435,0.05044709357018378,0.408980555914224,0.21925514703361063,0.8769739812455388,0.007471036543281766,0.8951324217423207,0.009234484125881218,1.0298349380493164,0.36184711313935997,0.0,0.0
1.0,0.0,10,174255.2,399.4328757403705,2.8929144009088494,0.05482671509576788,0.068165069355313,0.004852807491276132,1.1819700890732046,0.14484504480020835,0.14021867650546255,0.016768732596477896,0.3547831030674133,0.07199188207280564,0.15874016674081576,0.07300306300368117,0.8116994255422982,0.007366828178596543,0.7820611378089837,0.009903468093651719,0.5442944765090942,0.0,0.1875835287591095,0.5888223816269557
