{
  "edge_count": 6650,
  "zero_risk_edge_count": 0,
  "zero_risk_edge_ratio": 0.0,
  "risk_min": 2.883264187403256e-06,
  "risk_p25": 0.00042959151323884726,
  "risk_p50": 0.0004604854912031442,
  "risk_p75": 0.0004989505396224558,
  "risk_p90": 0.0008533673244528472,
  "risk_p95": 0.2003301754593848,
  "risk_p99": 0.4439540755748749,
  "risk_max": 0.8566391468048096,
  "edge_attribute_zero_ratio": 0.0,
  "S_i_norm_zero_or_near_zero_ratio": 0.00022951572182694515
}