beta,lambda_concentration,runs,pyvrp_cost_mean,pyvrp_cost_std,global_risk_mean,global_risk_std,global_cvar90_mean,global_cvar90_std,max_vehicle_risk_mean,max_vehicle_risk_std,max_vehicle_cvar90_mean,max_vehicle_cvar90_std,vehicle_risk_gini_mean,vehicle_risk_gini_std,risk_variance_mean,risk_variance_std,edge_burden_gini_used_mean,edge_burden_gini_used_std,top10_burden_share_mean,top10_burden_share_std,max_edge_burden_mean,max_edge_burden_std,cost_increase_pct,risk_reduction_pct
0.0,0.0,10,133997.5,0.7071067811865476,9.736404057418621,0.9907424228061267,0.19589601168759818,0.09887680239041298,2.9640026710017993,0.41654104668043634,0.43516999851912264,0.15610997276128147,0.18025439849761732,0.056111060269655476,0.4699438311336367,0.2901688346325932,0.8792476135443102,0.008221360252675058,0.8942625400597345,0.008400073225211347,1.5756230115890504,0.3652453522751289,0.0,0.0
1.0,0.0,10,155748.8,243.7702926025966,3.241950882980018,0.14276598261967197,0.0492497794551977,0.0026580756543903936,1.2636961818439887,0.17994029659216554,0.09840121845427463,0.018006690545859762,0.28629265419122274,0.07269193624321084,0.12826257852809067,0.05564986491636855,0.7850044068286884,0.010029761994806069,0.7407362506422419,0.013027647718627255,0.6463525891304016,0.0,0.16232616280154472,0.6670279023074754
2.0,0.0,10,166165.0,343.49219625617246,2.504394289175616,0.15455317212158426,0.03485009301765956,0.0027638602169692654,0.7618628325719328,0.0296916674283548,0.058124195285851034,0.006562812207196163,0.22922496827902789,0.03577577292172101,0.043975323081384445,0.009806227935958122,0.7432696925902269,0.014250632984786462,0.6792048001450264,0.01991383862599828,0.457376629114151,0.0,0.24006044888897182,0.7427803658920519
