beta,lambda_concentration,runs,pyvrp_cost_mean,pyvrp_cost_std,global_risk_mean,global_risk_std,global_cvar90_mean,global_cvar90_std,max_vehicle_risk_mean,max_vehicle_risk_std,max_vehicle_cvar90_mean,max_vehicle_cvar90_std,vehicle_risk_gini_mean,vehicle_risk_gini_std,risk_variance_mean,risk_variance_std,edge_burden_gini_used_mean,edge_burden_gini_used_std,top10_burden_share_mean,top10_burden_share_std,max_edge_burden_mean,max_edge_burden_std,cost_increase_pct,risk_reduction_pct
0.0,0.0,10,146730.9,582.7275807213293,8.667609515850199,0.5958605837761944,0.25271447275368064,0.04595020539503922,2.692394040385261,0.37446842221104026,0.4144974116369018,0.10049903123927655,0.19474837384638202,0.04254785236361836,0.4085146007103245,0.17073754434293179,0.8413082356080788,0.007128784270578127,0.8739134896007543,0.008670427166634454,1.1489562749862672,0.29465828294545704,0.0,0.0
1.0,0.0,10,178449.7,262.27002624521674,3.5862483368080573,0.3665788786963117,0.07560574548883676,0.016784575615561535,1.221458547061775,0.18584892800931768,0.13033144862080615,0.03249380211115609,0.23771011032618863,0.06716979191022905,0.10475837021216028,0.06486878736117252,0.7174352835426274,0.01872472003384656,0.7138063451302238,0.026578080539757288,0.6142648458480835,0.0,0.21616987287612915,0.5862471272787984
1.0,1.0,10,190714.9,248.06784466261556,2.780121788161341,0.1336315551672095,0.05134810488642901,0.0035979632122369164,1.042922837700462,0.05956898216392464,0.09383246117522792,0.020383638137851736,0.2770827275088017,0.012537770570378453,0.0808597662132145,0.008231952081771578,0.6495215314574716,0.016357342329420235,0.6299379304597096,0.018914166866327936,0.6142648458480835,0.0,0.2997596279992831,0.6792516110609166
