{
  "model": "stable_tail_rc_gnn",
  "source_model": "gcn_teg_concat",
  "seed": 6,
  "delta": 0.35,
  "risk_mode": "exposure_floor",
  "exposure_delta": 0.01,
  "posthoc_formula": "clip(S_i_norm + delta * P_high * (1 - S_i_norm), 0, 1)",
  "risk_summaries": {
    "data_2020": {
      "edge_count": 6603,
      "risk_min": 3.4059798711595015e-10,
      "risk_max": 0.8982937036339183,
      "risk_mean": 0.021293541575893377,
      "risk_p25": 0.0009248272578820379,
      "risk_p50": 0.0020276903255077076,
      "risk_p75": 0.004718409870626995,
      "risk_p90": 0.008823461407556486,
      "risk_p95": 0.08336886506734667,
      "risk_p99": 0.450310352238048,
      "zero_risk_edge_count": 0,
      "zero_risk_edge_ratio": 0.0,
      "edge_attribute_zero_ratio": 0.928365894290474,
      "matrix_5x8": [
        [
          0,
          663,
          359,
          140,
          51,
          45,
          63,
          0
        ],
        [
          0,
          626,
          272,
          132,
          81,
          74,
          135,
          1
        ],
        [
          0,
          576,
          306,
          154,
          95,
          78,
          111,
          0
        ],
        [
          0,
          609,
          283,
          134,
          89,
          93,
          113,
          0
        ],
        [
          0,
          597,
          322,
          118,
          102,
          65,
          115,
          1
        ]
      ]
    },
    "data_2021": {
      "edge_count": 7647,
      "risk_min": 1.6410406847699446e-17,
      "risk_max": 0.8990111958656022,
      "risk_mean": 0.01868477599150193,
      "risk_p25": 0.0009587611745300708,
      "risk_p50": 0.001971969843502345,
      "risk_p75": 0.004705841811188846,
      "risk_p90": 0.008292869877980604,
      "risk_p95": 0.06570610564812837,
      "risk_p99": 0.44617502811946835,
      "zero_risk_edge_count": 6,
      "zero_risk_edge_ratio": 0.0007846214201647705,
      "edge_attribute_zero_ratio": 0.9314763959722767,
      "matrix_5x8": [
        [
          1,
          783,
          467,
          123,
          67,
          32,
          57,
          0
        ],
        [
          2,
          755,
          348,
          124,
          103,
          86,
          111,
          0
        ],
        [
          0,
          703,
          374,
          167,
          100,
          81,
          104,
          1
        ],
        [
          0,
          680,
          316,
          151,
          134,
          138,
          99,
          11
        ],
        [
          3,
          672,
          424,
          111,
          94,
          103,
          119,
          3
        ]
      ]
    }
  }
}