beta,lambda_concentration,runs,pyvrp_cost_mean,pyvrp_cost_std,global_risk_mean,global_risk_std,global_cvar90_mean,global_cvar90_std,max_vehicle_risk_mean,max_vehicle_risk_std,max_vehicle_cvar90_mean,max_vehicle_cvar90_std,vehicle_risk_gini_mean,vehicle_risk_gini_std,risk_variance_mean,risk_variance_std,edge_burden_gini_used_mean,edge_burden_gini_used_std,top10_burden_share_mean,top10_burden_share_std,max_edge_burden_mean,max_edge_burden_std,cost_increase_pct,risk_reduction_pct
0.0,0.0,10,146730.9,582.7275807213293,9.938070219099966,0.6457227573620858,0.3050596180735645,0.03396355995395871,3.4098972693522227,0.35990918437679664,0.48372491702703496,0.05305344540557632,0.2503891781812558,0.03578103105600466,0.8832600818635299,0.24800195745434178,0.878130857328711,0.005152010411042451,0.9098019468286364,0.008104899967687158,1.069527554512024,0.336321726999343,0.0,0.0
1.0,0.0,10,178441.2,413.14022370672706,4.575101181795583,0.2899278357870343,0.12431229594471713,0.011697509330807881,1.7013497433406883,0.18223652403299817,0.1781901628370323,0.035051794344986995,0.31437739332502973,0.040238181119723146,0.2885292306128925,0.06627638603752596,0.8518515559371809,0.005614289930295357,0.8374962470820903,0.011373264717751007,0.9099961519241333,0.0,0.21611194370102016,0.5396388754626386
