beta,lambda_concentration,runs,pyvrp_cost_mean,pyvrp_cost_std,global_risk_mean,global_risk_std,global_cvar90_mean,global_cvar90_std,max_vehicle_risk_mean,max_vehicle_risk_std,max_vehicle_cvar90_mean,max_vehicle_cvar90_std,vehicle_risk_gini_mean,vehicle_risk_gini_std,risk_variance_mean,risk_variance_std,edge_burden_gini_used_mean,edge_burden_gini_used_std,top10_burden_share_mean,top10_burden_share_std,max_edge_burden_mean,max_edge_burden_std,cost_increase_pct,risk_reduction_pct
0.0,0.0,10,146730.9,582.7275807213293,7.035680619864911,0.6237865786042681,0.21959839075208362,0.030946905883937652,2.4159057538534396,0.45064151297691807,0.35482018986982955,0.07633900682017836,0.23440010761357435,0.05044709357018378,0.408980555914224,0.21925514703361063,0.8769739812455388,0.007471036543281766,0.8951324217423207,0.009234484125881218,1.0298349380493164,0.36184711313935997,0.0,0.0
2.0,2.0,10,212638.8,300.15988332146514,2.2124467163427157,0.049692951242729946,0.04859781249334939,0.0013164246577686885,0.8829483171295578,0.06904105089724202,0.08702611554879695,0.006732876797145165,0.3565753917057456,0.026576149341782946,0.08326785047624087,0.01942567660392412,0.7769056806501157,0.0029258777262245886,0.7204061491485786,0.006634122589523884,0.6369789242744446,0.0,0.44917532707834545,0.6855390635418181
