beta,lambda_concentration,runs,pyvrp_cost_mean,pyvrp_cost_std,global_risk_mean,global_risk_std,global_cvar90_mean,global_cvar90_std,max_vehicle_risk_mean,max_vehicle_risk_std,max_vehicle_cvar90_mean,max_vehicle_cvar90_std,vehicle_risk_gini_mean,vehicle_risk_gini_std,risk_variance_mean,risk_variance_std,edge_burden_gini_used_mean,edge_burden_gini_used_std,top10_burden_share_mean,top10_burden_share_std,max_edge_burden_mean,max_edge_burden_std,cost_increase_pct,risk_reduction_pct
0.0,0.0,5,133997.4,0.5477225575051661,7.315354144353478,0.9132183602297801,0.23115914948745758,0.04185986070945249,2.447959762456594,0.3878607699201575,0.39107166616246103,0.12419476247232059,0.23061931307349423,0.04627589482308097,0.4282118928985875,0.2212111316618488,0.8678590491457456,0.008850658241760782,0.8907895308095204,0.00919807098512552,1.029769206047058,0.38377232430953495,0.0,0.0
1.0,0.0,5,157023.6,354.331483218751,2.6425519059164797,0.23465914154603965,0.06298882606471407,0.007050209957819879,0.8589642841296155,0.1515978704685119,0.09890358360617288,0.02048076097583821,0.2177623230366567,0.09946041130583794,0.05078614111449633,0.036519445418970745,0.7734259463133494,0.014448784831502536,0.7518573426702218,0.020946732881125633,0.3502991497516632,0.0,0.17184064765435755,0.6387663736065557
