{
  "model": "stable_tail_ec_gnn",
  "split": "B",
  "seed": 0,
  "epochs": 50,
  "risk_mode": "exposure_floor",
  "exposure_delta": 0.01,
  "uncertainty_tau": 0.0,
  "experiment_tag": "EC2_d0p10_le0p05",
  "alpha_ord": 0.3,
  "alpha_hr": 0.5,
  "alpha_topk": 0.1,
  "lambda_nll": 0.0,
  "lambda_var": 0.0,
  "ec_delta_max": 0.1,
  "lambda_edge": 0.05,
  "lambda_edge_high": 0.05,
  "lambda_distill": 0.2,
  "lambda_delta": 0.02,
  "ec_teacher_epochs": 50,
  "gamma_unc": 0.5,
  "logvar_min": -5.0,
  "logvar_max": 2.0,
  "metrics": {
    "data_2020_train": {
      "macro_f1": 0.26760526412880187,
      "weighted_f1": 0.6544700132316639,
      "mae": 1.0837550223606394,
      "qwk": 0.4825346045885499,
      "recall_6_8": 0.475,
      "precision_6_8": 0.5,
      "pr_auc_high": 0.4527064405663903,
      "high_fn_rate": 0.525,
      "brier": 0.4144239127635956,
      "ece": 0.1195870732492934
    },
    "data_2021_train": {
      "macro_f1": 0.3160443722943723,
      "weighted_f1": 0.640035454741337,
      "mae": 1.0050788043570975,
      "qwk": 0.465603830530238,
      "recall_6_8": 0.44,
      "precision_6_8": 0.6470588235294118,
      "pr_auc_high": 0.5903382188652305,
      "high_fn_rate": 0.56,
      "brier": 0.4124795198440552,
      "ece": 0.10657463765521935
    },
    "data_2021_test": {
      "macro_f1": 0.23027919927754364,
      "weighted_f1": 0.5929805934772823,
      "mae": 1.289107624548094,
      "qwk": 0.34790667476490666,
      "recall_6_8": 0.38461538461538464,
      "precision_6_8": 0.4,
      "pr_auc_high": 0.38892965854303146,
      "high_fn_rate": 0.6153846153846154,
      "brier": 0.483499139547348,
      "ece": 0.09133212818755759
    }
  },
  "split_sizes": {
    "data_2020": {
      "train": 419,
      "val": 0,
      "test": 0
    },
    "data_2021": {
      "train": 221,
      "val": 0,
      "test": 222
    }
  },
  "risk_summaries": {
    "data_2020": {
      "edge_count": 6603,
      "risk_min": 0.0,
      "risk_max": 0.7819793224334717,
      "risk_mean": 0.018442688509821892,
      "risk_p25": 0.0008130515925586224,
      "risk_p50": 0.0018357150256633759,
      "risk_p75": 0.003945415373891592,
      "risk_p90": 0.0069436440244317055,
      "risk_p95": 0.11097607016563416,
      "risk_p99": 0.39489954710006714,
      "zero_risk_edge_count": 468,
      "zero_risk_edge_ratio": 0.0708768741481145,
      "edge_attribute_zero_ratio": 0.928365894290474,
      "matrix_5x8": [
        [
          0,
          549,
          439,
          136,
          124,
          54,
          19,
          0
        ],
        [
          0,
          485,
          438,
          153,
          106,
          56,
          83,
          0
        ],
        [
          0,
          396,
          439,
          206,
          187,
          51,
          41,
          0
        ],
        [
          0,
          412,
          465,
          190,
          137,
          82,
          35,
          0
        ],
        [
          0,
          426,
          430,
          211,
          138,
          62,
          53,
          0
        ]
      ]
    },
    "data_2021": {
      "edge_count": 7647,
      "risk_min": 0.0,
      "risk_max": 0.7916064858436584,
      "risk_mean": 0.017438409850001335,
      "risk_p25": 0.000828124990221113,
      "risk_p50": 0.0019405921921133995,
      "risk_p75": 0.004054304212331772,
      "risk_p90": 0.0072772931307554245,
      "risk_p95": 0.09506010264158249,
      "risk_p99": 0.4054303765296936,
      "zero_risk_edge_count": 489,
      "zero_risk_edge_ratio": 0.0639466457434288,
      "edge_attribute_zero_ratio": 0.9314763959722767,
      "matrix_5x8": [
        [
          0,
          721,
          472,
          161,
          113,
          25,
          38,
          0
        ],
        [
          0,
          503,
          536,
          184,
          187,
          32,
          87,
          0
        ],
        [
          0,
          413,
          550,
          249,
          228,
          27,
          63,
          0
        ],
        [
          0,
          408,
          535,
          205,
          270,
          74,
          37,
          0
        ],
        [
          0,
          445,
          537,
          217,
          216,
          54,
          60,
          0
        ]
      ]
    }
  }
}