{
  "model": "gradformer_adapted",
  "split": "B",
  "seed": 0,
  "epochs": 50,
  "risk_mode": "exposure_floor",
  "exposure_delta": 0.01,
  "uncertainty_tau": 0.0,
  "experiment_tag": "paper_strong_baselines_10seed",
  "checkpoint_path": "D:\\PyVRP-main\\hazmat_risk_experiments\\outputs_10seed\\models\\checkpoints\\gradformer_adapted_splitB_seed0_epochs50_paper_strong_baselines_10seed.pt",
  "best_epoch": 50,
  "model_source": "checkpoint",
  "alpha_ord": 0.5,
  "alpha_hr": 1.0,
  "alpha_topk": 0.3,
  "lambda_nll": 0.0,
  "lambda_var": 0.0,
  "ec_delta_max": 0.05,
  "lambda_edge": 0.0,
  "lambda_edge_high": 0.0,
  "lambda_distill": 0.0,
  "lambda_delta": 0.0,
  "ec_teacher_epochs": 50,
  "gamma_unc": 0.5,
  "logvar_min": -5.0,
  "logvar_max": 2.0,
  "metrics": {
    "data_2020_train": {
      "macro_f1": 0.578672823985756,
      "weighted_f1": 0.766392168970896,
      "mae": 0.9793797499773171,
      "qwk": 0.6921052583949163,
      "recall_6_8": 0.7,
      "precision_6_8": 0.9333333333333333,
      "pr_auc_high": 0.902239781762299,
      "high_fn_rate": 0.3,
      "brier": 0.3432345986366272,
      "ece": 0.16173746968510613,
      "high_risk_recall_at_top10pct": 0.825,
      "high_risk_recall_at_top20pct": 1.0,
      "ndcg_at_top20pct": 0.8996378648007256,
      "high_risk_hits_at_10": 10.0,
      "high_risk_hits_at_20": 18.0
    },
    "data_2021_train": {
      "macro_f1": 0.6229565637511676,
      "weighted_f1": 0.8210193609445013,
      "mae": 0.7099900010013761,
      "qwk": 0.7270096230374068,
      "recall_6_8": 0.7,
      "precision_6_8": 0.9333333333333333,
      "pr_auc_high": 0.9607937269110542,
      "high_fn_rate": 0.3,
      "brier": 0.2504787743091583,
      "ece": 0.14288036034188487,
      "high_risk_recall_at_top10pct": 0.8,
      "high_risk_recall_at_top20pct": 1.0,
      "ndcg_at_top20pct": 0.9414108177907236,
      "high_risk_hits_at_10": 10.0,
      "high_risk_hits_at_20": 17.0
    },
    "data_2021_val": {
      "macro_f1": 0.2635004708097929,
      "weighted_f1": 0.6255430006277464,
      "mae": 1.2169143009720065,
      "qwk": 0.5205308741977692,
      "recall_6_8": 0.6,
      "precision_6_8": 0.5,
      "pr_auc_high": 0.559922480620155,
      "high_fn_rate": 0.4,
      "brier": 0.5344334244728088,
      "ece": 0.17651342219776578,
      "high_risk_recall_at_top10pct": 0.6,
      "high_risk_recall_at_top20pct": 0.6,
      "ndcg_at_top20pct": 0.6351382519671389,
      "high_risk_hits_at_10": 3.0,
      "high_risk_hits_at_20": 4.0
    },
    "data_2021_test": {
      "macro_f1": 0.32537279554897003,
      "weighted_f1": 0.6203170572298089,
      "mae": 1.3779632076058368,
      "qwk": 0.2556004156658318,
      "recall_6_8": 0.3076923076923077,
      "precision_6_8": 0.47058823529411764,
      "pr_auc_high": 0.3481625821844072,
      "high_fn_rate": 0.6923076923076923,
      "brier": 0.5344123840332031,
      "ece": 0.13087711798715165,
      "high_risk_recall_at_top10pct": 0.38461538461538464,
      "high_risk_recall_at_top20pct": 0.5384615384615384,
      "ndcg_at_top20pct": 0.4999309468510221,
      "high_risk_hits_at_10": 4.0,
      "high_risk_hits_at_20": 9.0
    }
  },
  "split_sizes": {
    "data_2020": {
      "train": 419,
      "val": 0,
      "test": 0
    },
    "data_2021": {
      "train": 176,
      "val": 45,
      "test": 222
    }
  },
  "risk_summaries": {
    "data_2020": {
      "edge_count": 6603,
      "risk_min": 0.0,
      "risk_max": 0.9506704211235046,
      "risk_mean": 0.020801644772291183,
      "risk_p25": 0.0018389476463198662,
      "risk_p50": 0.0027988941874355078,
      "risk_p75": 0.00437679560855031,
      "risk_p90": 0.008602059446275234,
      "risk_p95": 0.11935456842184067,
      "risk_p99": 0.4344039857387543,
      "zero_risk_edge_count": 94,
      "zero_risk_edge_ratio": 0.014235953354535816,
      "edge_attribute_zero_ratio": 0.928365894290474,
      "matrix_5x8": [
        [
          27,
          227,
          508,
          362,
          77,
          47,
          44,
          29
        ],
        [
          8,
          363,
          351,
          261,
          95,
          80,
          63,
          100
        ],
        [
          12,
          227,
          453,
          297,
          138,
          72,
          60,
          61
        ],
        [
          27,
          175,
          464,
          351,
          95,
          80,
          71,
          58
        ],
        [
          20,
          226,
          491,
          309,
          85,
          70,
          50,
          69
        ]
      ]
    },
    "data_2021": {
      "edge_count": 7647,
      "risk_min": 0.0,
      "risk_max": 0.9370545744895935,
      "risk_mean": 0.017055576667189598,
      "risk_p25": 0.001609223079867661,
      "risk_p50": 0.0027298431377857924,
      "risk_p75": 0.004127001389861107,
      "risk_p90": 0.008571645244956017,
      "risk_p95": 0.10131140798330307,
      "risk_p99": 0.3847702443599701,
      "zero_risk_edge_count": 27,
      "zero_risk_edge_ratio": 0.003530796390741467,
      "edge_attribute_zero_ratio": 0.9314763959722767,
      "matrix_5x8": [
        [
          10,
          294,
          660,
          350,
          63,
          18,
          37,
          98
        ],
        [
          2,
          469,
          403,
          293,
          149,
          47,
          90,
          76
        ],
        [
          6,
          407,
          432,
          364,
          122,
          65,
          61,
          73
        ],
        [
          3,
          300,
          554,
          380,
          108,
          63,
          57,
          64
        ],
        [
          6,
          345,
          526,
          389,
          85,
          59,
          37,
          82
        ]
      ]
    }
  }
}