beta,lambda_concentration,runs,pyvrp_cost_mean,pyvrp_cost_std,global_risk_mean,global_risk_std,global_cvar90_mean,global_cvar90_std,max_vehicle_risk_mean,max_vehicle_risk_std,max_vehicle_cvar90_mean,max_vehicle_cvar90_std,vehicle_risk_gini_mean,vehicle_risk_gini_std,risk_variance_mean,risk_variance_std,edge_burden_gini_used_mean,edge_burden_gini_used_std,top10_burden_share_mean,top10_burden_share_std,max_edge_burden_mean,max_edge_burden_std,cost_increase_pct,risk_reduction_pct
0.0,0.0,5,146531.2,556.7375503771952,7.7143952386796,0.6627165393511647,0.23280057080424443,0.03932312056122442,2.6754481338313783,0.39482715942151236,0.41505982538064323,0.0723776360400419,0.25283833180033427,0.021332849737541168,0.5307019151241303,0.15821325213744342,0.8592107005262422,0.0059570377478472955,0.8910281502856632,0.007527534915200661,0.9218240857124329,0.32915767991641925,0.0,0.0
1.0,0.0,5,179734.0,602.6864856623217,3.561708803244401,0.474897254551818,0.08889940337183269,0.016934340960963776,1.1985479269875214,0.2104201474579987,0.14466320207224243,0.04221476646211309,0.2931647662770177,0.05067675826315575,0.1541417547819317,0.06112148794264721,0.80768227870749,0.022377845241466226,0.7986363145176733,0.030919068874229808,0.6088331460952758,0.012995976224335522,0.22659201589832054,0.5383035619711697
