beta,lambda_concentration,runs,pyvrp_cost_mean,pyvrp_cost_std,global_risk_mean,global_risk_std,global_cvar90_mean,global_cvar90_std,max_vehicle_risk_mean,max_vehicle_risk_std,max_vehicle_cvar90_mean,max_vehicle_cvar90_std,vehicle_risk_gini_mean,vehicle_risk_gini_std,risk_variance_mean,risk_variance_std,edge_burden_gini_used_mean,edge_burden_gini_used_std,top10_burden_share_mean,top10_burden_share_std,max_edge_burden_mean,max_edge_burden_std,cost_increase_pct,risk_reduction_pct
0.0,0.0,10,146730.9,582.7275807213293,11.844016780878883,0.7555852220240479,0.29980637654166953,0.08663970680939612,3.717458511679433,0.3655087345181307,0.5457550414899984,0.09602674620666846,0.19600631049129846,0.03891648193443487,0.7537914691097013,0.26858116346303607,0.8507234690459444,0.005877271455181149,0.8826327640362874,0.015316406765437374,1.311177384853363,0.36304209655694086,0.0,0.0
1.0,0.0,10,183867.5,615.4729437143801,5.72647743630223,0.2529970282309301,0.11536373693901618,0.0058100904069944915,2.1215864359401166,0.17397311880751065,0.23459042350628545,0.02247043616943266,0.3307171240381945,0.04152535545675461,0.47423196141977686,0.13332146505705922,0.7994533264316598,0.004901484718702404,0.8074104956781951,0.007338189522277627,0.7417120337486267,0.0,0.2530932475708934,0.5165088379858058
