{
  "model": "stable_tail_ua_gnn",
  "split": "B",
  "seed": 3,
  "epochs": 50,
  "risk_mode": "exposure_floor",
  "exposure_delta": 0.01,
  "uncertainty_tau": 0.25,
  "experiment_tag": "stable_tail_ua_formal_10seed",
  "alpha_ord": 0.3,
  "alpha_hr": 0.5,
  "alpha_topk": 0.1,
  "lambda_nll": 0.2,
  "lambda_var": 0.01,
  "gamma_unc": 0.5,
  "logvar_min": -5.0,
  "logvar_max": 2.0,
  "metrics": {
    "data_2020_train": {
      "macro_f1": 0.4631090853341493,
      "weighted_f1": 0.7200434550268828,
      "mae": 0.8262759889873026,
      "qwk": 0.6201968595052914,
      "recall_6_8": 0.6,
      "precision_6_8": 0.75,
      "pr_auc_high": 0.8077430482870428,
      "high_fn_rate": 0.4,
      "brier": 0.34552669525146484,
      "ece": 0.0895279578704538,
      "ordinal_nll": 0.8459873318633855,
      "uncertainty_mean": 1.9452654123306274,
      "correct_uncertainty": 1.9637706279754639,
      "error_uncertainty": 1.885451078414917,
      "error_uncertainty_corr": -0.0630576961043819,
      "high_fn_uncertainty": 1.8155359029769897
    },
    "data_2021_train": {
      "macro_f1": 0.5428759465153414,
      "weighted_f1": 0.7453248314341352,
      "mae": 0.6907639623783117,
      "qwk": 0.7373411817027009,
      "recall_6_8": 0.8,
      "precision_6_8": 0.8,
      "pr_auc_high": 0.9011892153404503,
      "high_fn_rate": 0.2,
      "brier": 0.3076247274875641,
      "ece": 0.0805795546031106,
      "ordinal_nll": 0.8336897762843345,
      "uncertainty_mean": 2.001732349395752,
      "correct_uncertainty": 2.04947829246521,
      "error_uncertainty": 1.8296476602554321,
      "error_uncertainty_corr": -0.17392271071746607,
      "high_fn_uncertainty": 1.3905448913574219
    },
    "data_2021_test": {
      "macro_f1": 0.31680469517262216,
      "weighted_f1": 0.6329556722999345,
      "mae": 1.2535159151275883,
      "qwk": 0.20542775840538285,
      "recall_6_8": 0.11538461538461539,
      "precision_6_8": 0.42857142857142855,
      "pr_auc_high": 0.32904606184337865,
      "high_fn_rate": 0.8846153846153846,
      "brier": 0.4846073091030121,
      "ece": 0.1232602386861234,
      "ordinal_nll": 1.0863647621310781,
      "uncertainty_mean": 1.833160400390625,
      "correct_uncertainty": 1.796993374824524,
      "error_uncertainty": 1.9168305397033691,
      "error_uncertainty_corr": 0.11033380580721032,
      "high_fn_uncertainty": 2.0272209644317627
    }
  },
  "split_sizes": {
    "data_2020": {
      "train": 419,
      "val": 0,
      "test": 0
    },
    "data_2021": {
      "train": 221,
      "val": 0,
      "test": 222
    }
  },
  "risk_summaries": {
    "data_2020": {
      "edge_count": 6603,
      "risk_min": 0.0009666929836384952,
      "risk_max": 1.0,
      "risk_mean": 0.02697342075407505,
      "risk_p25": 0.0022010738030076027,
      "risk_p50": 0.0030165049247443676,
      "risk_p75": 0.005091163329780102,
      "risk_p90": 0.009999999776482582,
      "risk_p95": 0.15166768431663513,
      "risk_p99": 0.5073245763778687,
      "zero_risk_edge_count": 0,
      "zero_risk_edge_ratio": 0.0,
      "edge_attribute_zero_ratio": 0.928365894290474,
      "matrix_5x8": [
        [
          0,
          643,
          430,
          95,
          63,
          33,
          57,
          0
        ],
        [
          0,
          584,
          350,
          150,
          66,
          49,
          122,
          0
        ],
        [
          0,
          538,
          392,
          203,
          70,
          50,
          67,
          0
        ],
        [
          0,
          517,
          422,
          185,
          57,
          61,
          79,
          0
        ],
        [
          0,
          586,
          399,
          155,
          40,
          48,
          92,
          0
        ]
      ]
    },
    "data_2021": {
      "edge_count": 7647,
      "risk_min": 0.0007784140179865062,
      "risk_max": 0.9999998807907104,
      "risk_mean": 0.02374180033802986,
      "risk_p25": 0.0022004321217536926,
      "risk_p50": 0.003114490071311593,
      "risk_p75": 0.004914614837616682,
      "risk_p90": 0.009999999776482582,
      "risk_p95": 0.13843470811843872,
      "risk_p99": 0.5049999952316284,
      "zero_risk_edge_count": 0,
      "zero_risk_edge_ratio": 0.0,
      "edge_attribute_zero_ratio": 0.9314763959722767,
      "matrix_5x8": [
        [
          0,
          808,
          470,
          162,
          28,
          22,
          40,
          0
        ],
        [
          0,
          650,
          438,
          203,
          92,
          52,
          94,
          0
        ],
        [
          0,
          631,
          471,
          220,
          82,
          60,
          66,
          0
        ],
        [
          0,
          654,
          448,
          185,
          121,
          77,
          44,
          0
        ],
        [
          0,
          584,
          566,
          181,
          57,
          67,
          74,
          0
        ]
      ]
    }
  }
}