beta,lambda_concentration,runs,pyvrp_cost_mean,pyvrp_cost_std,global_risk_mean,global_risk_std,global_cvar90_mean,global_cvar90_std,max_vehicle_risk_mean,max_vehicle_risk_std,max_vehicle_cvar90_mean,max_vehicle_cvar90_std,vehicle_risk_gini_mean,vehicle_risk_gini_std,risk_variance_mean,risk_variance_std,edge_burden_gini_used_mean,edge_burden_gini_used_std,top10_burden_share_mean,top10_burden_share_std,max_edge_burden_mean,max_edge_burden_std,cost_increase_pct,risk_reduction_pct
0.0,0.0,10,133997.6,0.6992058987801011,8.6516675046616,0.96451509848975,0.26911663174264866,0.04543336204927371,2.4773264910501895,0.3573238495473645,0.4068052167980932,0.09677510987341273,0.14243282395835033,0.04220021925081911,0.24432083306420083,0.15588454151995781,0.8745999388562163,0.007403908626985633,0.899674928818796,0.006318594111345706,1.2531844973564148,0.34335779737536004,0.0,0.0
1.5,1.0,10,181698.3,74.83767619172697,2.3473379070739613,0.013031027217174352,0.04296568009751772,0.001471411505504608,1.1448504803003743,0.006107937353961015,0.10718066825065761,0.011507534818203203,0.3722414890474581,0.005157222173354176,0.12485897296458504,0.0026352930346132536,0.7347382777231138,0.0018224881994011503,0.6817125315750406,0.002386663209918789,0.8629772067070007,0.0,0.3559817489268463,0.7286837588464973
