{
  "model": "teg_only",
  "split": "B",
  "seed": 6,
  "epochs": 50,
  "risk_mode": "exposure_floor",
  "exposure_delta": 0.01,
  "uncertainty_tau": 0.0,
  "experiment_tag": "paper_comparison_10seed",
  "checkpoint_path": "D:\\PyVRP-main\\hazmat_risk_experiments\\outputs_10seed\\models\\checkpoints\\teg_only_splitB_seed6_epochs50_paper_comparison_10seed.pt",
  "best_epoch": 47,
  "model_source": "checkpoint",
  "alpha_ord": 0.5,
  "alpha_hr": 1.0,
  "alpha_topk": 0.3,
  "lambda_nll": 0.0,
  "lambda_var": 0.0,
  "ec_delta_max": 0.05,
  "lambda_edge": 0.0,
  "lambda_edge_high": 0.0,
  "lambda_distill": 0.0,
  "lambda_delta": 0.0,
  "ec_teacher_epochs": 50,
  "gamma_unc": 0.5,
  "logvar_min": -5.0,
  "logvar_max": 2.0,
  "metrics": {
    "data_2020_train": {
      "macro_f1": 0.5460319244077017,
      "weighted_f1": 0.7258276462376603,
      "mae": 1.26537612797179,
      "qwk": 0.6205293067744275,
      "recall_6_8": 0.75,
      "precision_6_8": 0.5660377358490566,
      "pr_auc_high": 0.7683364277356394,
      "high_fn_rate": 0.25,
      "brier": 0.4336344003677368,
      "ece": 0.20410656701408875,
      "high_risk_recall_at_top10pct": 0.625,
      "high_risk_recall_at_top20pct": 0.9,
      "ndcg_at_top20pct": 0.8075659628622864,
      "high_risk_hits_at_10": 10.0,
      "high_risk_hits_at_20": 17.0
    },
    "data_2021_train": {
      "macro_f1": 0.7683646616541353,
      "weighted_f1": 0.8233840282524494,
      "mae": 1.0679746947657789,
      "qwk": 0.8364298932848536,
      "recall_6_8": 0.9,
      "precision_6_8": 0.8571428571428571,
      "pr_auc_high": 0.9362986677924758,
      "high_fn_rate": 0.1,
      "brier": 0.35284873843193054,
      "ece": 0.2711497616361488,
      "high_risk_recall_at_top10pct": 0.75,
      "high_risk_recall_at_top20pct": 0.95,
      "ndcg_at_top20pct": 0.8800598862162327,
      "high_risk_hits_at_10": 10.0,
      "high_risk_hits_at_20": 16.0
    },
    "data_2021_val": {
      "macro_f1": 0.29675066312997345,
      "weighted_f1": 0.5594459180666077,
      "mae": 1.7275606806210961,
      "qwk": 0.2779185343987528,
      "recall_6_8": 0.2,
      "precision_6_8": 0.2,
      "pr_auc_high": 0.24183982683982683,
      "high_fn_rate": 0.8,
      "brier": 0.5964733362197876,
      "ece": 0.16370971533987258,
      "high_risk_recall_at_top10pct": 0.2,
      "high_risk_recall_at_top20pct": 0.4,
      "ndcg_at_top20pct": 0.29906234007538374,
      "high_risk_hits_at_10": 2.0,
      "high_risk_hits_at_20": 4.0
    },
    "data_2021_test": {
      "macro_f1": 0.3263963554911831,
      "weighted_f1": 0.6246207415825309,
      "mae": 1.5585006490451965,
      "qwk": 0.33556805937986356,
      "recall_6_8": 0.2692307692307692,
      "precision_6_8": 0.3333333333333333,
      "pr_auc_high": 0.29690108453965697,
      "high_fn_rate": 0.7307692307692307,
      "brier": 0.5501106381416321,
      "ece": 0.1782038777663901,
      "high_risk_recall_at_top10pct": 0.34615384615384615,
      "high_risk_recall_at_top20pct": 0.38461538461538464,
      "ndcg_at_top20pct": 0.37821098697548994,
      "high_risk_hits_at_10": 5.0,
      "high_risk_hits_at_20": 7.0
    }
  },
  "split_sizes": {
    "data_2020": {
      "train": 419,
      "val": 0,
      "test": 0
    },
    "data_2021": {
      "train": 176,
      "val": 45,
      "test": 222
    }
  },
  "risk_summaries": {
    "data_2020": {
      "edge_count": 6603,
      "risk_min": 2.8208323783474043e-05,
      "risk_max": 0.9308592677116394,
      "risk_mean": 0.020468736067414284,
      "risk_p25": 0.002705321880057454,
      "risk_p50": 0.0038297991268336773,
      "risk_p75": 0.00523351551964879,
      "risk_p90": 0.008538002148270607,
      "risk_p95": 0.1040918156504631,
      "risk_p99": 0.4311691224575043,
      "zero_risk_edge_count": 0,
      "zero_risk_edge_ratio": 0.0,
      "edge_attribute_zero_ratio": 0.928365894290474,
      "matrix_5x8": [
        [
          0,
          76,
          297,
          541,
          260,
          64,
          64,
          19
        ],
        [
          0,
          97,
          329,
          380,
          254,
          114,
          135,
          12
        ],
        [
          0,
          91,
          308,
          459,
          273,
          101,
          85,
          3
        ],
        [
          0,
          95,
          280,
          466,
          260,
          92,
          100,
          28
        ],
        [
          0,
          181,
          342,
          398,
          227,
          44,
          111,
          17
        ]
      ]
    },
    "data_2021": {
      "edge_count": 7647,
      "risk_min": 1.1478151407118276e-07,
      "risk_max": 0.8547781705856323,
      "risk_mean": 0.01748473010957241,
      "risk_p25": 0.0027082543820142746,
      "risk_p50": 0.003749072551727295,
      "risk_p75": 0.005037432070821524,
      "risk_p90": 0.008156131021678448,
      "risk_p95": 0.0899084210395813,
      "risk_p99": 0.3758525848388672,
      "zero_risk_edge_count": 0,
      "zero_risk_edge_ratio": 0.0,
      "edge_attribute_zero_ratio": 0.9314763959722767,
      "matrix_5x8": [
        [
          0,
          66,
          319,
          637,
          391,
          64,
          50,
          3
        ],
        [
          0,
          108,
          386,
          542,
          284,
          85,
          121,
          3
        ],
        [
          0,
          111,
          406,
          501,
          312,
          90,
          109,
          1
        ],
        [
          0,
          86,
          327,
          535,
          358,
          90,
          120,
          13
        ],
        [
          0,
          163,
          466,
          470,
          254,
          57,
          113,
          6
        ]
      ]
    }
  }
}