beta,lambda_concentration,runs,pyvrp_cost_mean,pyvrp_cost_std,global_risk_mean,global_risk_std,global_cvar90_mean,global_cvar90_std,max_vehicle_risk_mean,max_vehicle_risk_std,max_vehicle_cvar90_mean,max_vehicle_cvar90_std,vehicle_risk_gini_mean,vehicle_risk_gini_std,risk_variance_mean,risk_variance_std,edge_burden_gini_used_mean,edge_burden_gini_used_std,top10_burden_share_mean,top10_burden_share_std,max_edge_burden_mean,max_edge_burden_std,cost_increase_pct,risk_reduction_pct
0.0,0.0,10,134064.7,210.5738455849739,9.014765245455937,1.0132416374858166,0.2898241202964806,0.05665176045579186,2.44834762682786,0.19671183664381037,0.4147120071056592,0.06790416963569482,0.1473075340939652,0.027634059931834643,0.25140206333700615,0.07707618498692138,0.8774030393928148,0.007460117377628384,0.90194233985851,0.008883619533359349,1.1804455834639878,0.4311966571894623,0.0,0.0
1.0,0.0,10,158254.1,201.33468542592348,3.6399747918528886,0.2602520664542373,0.10255828480141913,0.011232776423386806,1.2057680819562022,0.1564184331867099,0.14211175955943284,0.021951170695343247,0.27624235170971484,0.0777701339851436,0.1411313910396763,0.06474807681833744,0.8272341767881496,0.0055302674609036505,0.804162041112639,0.010417107807485,0.9126470172769882,0.0,0.18043079199819187,0.5962207896996228
