beta,lambda_concentration,runs,pyvrp_cost_mean,pyvrp_cost_std,global_risk_mean,global_risk_std,global_cvar90_mean,global_cvar90_std,max_vehicle_risk_mean,max_vehicle_risk_std,max_vehicle_cvar90_mean,max_vehicle_cvar90_std,vehicle_risk_gini_mean,vehicle_risk_gini_std,risk_variance_mean,risk_variance_std,edge_burden_gini_used_mean,edge_burden_gini_used_std,top10_burden_share_mean,top10_burden_share_std,max_edge_burden_mean,max_edge_burden_std,cost_increase_pct,risk_reduction_pct
0.0,0.0,10,133997.6,0.6992058987801011,12.004002959677019,1.1637122946068115,0.2935381603907401,0.09368462753918491,3.3400242280215027,0.2958238068080072,0.49457256037801034,0.14748150135358942,0.1377554326255458,0.030886581784202533,0.40833675115056217,0.17861841180445925,0.8451446273868157,0.008022536358774333,0.8823687619860612,0.014294180443299966,1.5285032391548157,0.32536351147629017,0.0,0.0
1.0,0.0,10,162906.7,363.8159027737945,5.068057842412964,0.3493900756968978,0.11044522648624149,0.01590940082312146,1.6429484917782247,0.17707470301761458,0.17341215597569115,0.023649667856387516,0.2272560151939825,0.03705234445687983,0.18042099741668113,0.04306265534849808,0.7610815419469227,0.014310780539821847,0.7672447078492663,0.017880514188939038,0.9193431735038757,0.0,0.21574341629999347,0.5778026830351678
