beta,lambda_concentration,runs,pyvrp_cost_mean,pyvrp_cost_std,global_risk_mean,global_risk_std,global_cvar90_mean,global_cvar90_std,max_vehicle_risk_mean,max_vehicle_risk_std,max_vehicle_cvar90_mean,max_vehicle_cvar90_std,vehicle_risk_gini_mean,vehicle_risk_gini_std,risk_variance_mean,risk_variance_std,edge_burden_gini_used_mean,edge_burden_gini_used_std,top10_burden_share_mean,top10_burden_share_std,max_edge_burden_mean,max_edge_burden_std,cost_increase_pct,risk_reduction_pct
0.0,0.0,10,133997.5,0.7071067811865476,8.570463555204332,0.8934132103491954,0.20885679901330495,0.06932995080830147,2.7436905187816594,0.4898172064292779,0.4234616055230921,0.14618325292881784,0.20422304332331143,0.06388101687626864,0.46132571362669933,0.3003084588824865,0.8790139746471073,0.009771918464701629,0.8965646236790231,0.009703171257212227,1.3999998331069947,0.5163977179349099,0.0,0.0
1.0,0.0,10,153911.2,238.0899923231643,2.542939813391422,0.18057537483750016,0.04833419966448591,0.004312960127289904,0.9153724650721415,0.10948976256201412,0.08934461055737404,0.013452248863905808,0.23728898077952482,0.06329942475189695,0.05620790517474701,0.025616570682779494,0.7564089301680825,0.01288120484089604,0.7141307702685313,0.0170847106907242,0.42061049938201905,0.0030514948827052497,0.1486124741133231,0.7032902833070273
2.0,0.0,10,164540.6,565.5903896716146,2.1995539884854223,0.2866550495706234,0.03877496143271,0.008232010665563309,0.7032344639475923,0.09958204751057093,0.059444005762093834,0.017770536387572457,0.23068741792620195,0.026955219080635726,0.03545052042941718,0.012096506029493552,0.729431784548226,0.022979168834713216,0.6750731209065461,0.033511511641076484,0.3119450718164444,0.0938590059610021,0.22793783466109446,0.7433564737405006
