{
  "name": "fusion_gcn_teg_low_rho050_splitB_seed4_epochs50_10seed_floor_0p01",
  "risk_dirs": [
    "D:\\PyVRP-main\\hazmat_risk_experiments\\outputs_10seed\\risk_matrices\\gcn_splitB_seed4_epochs50_10seed_floor_0p01",
    "D:\\PyVRP-main\\hazmat_risk_experiments\\outputs_10seed\\risk_matrices\\teg_gnn_splitB_seed4_epochs50_teg_low_tail_10seed_floor_0p01"
  ],
  "weights": [
    0.5,
    0.5
  ],
  "ensemble": "mean node probabilities",
  "summaries": [
    {
      "year": "data_2020",
      "edge_count": 6603,
      "risk_mean": 0.020395239724505698,
      "risk_p95": 0.1170501473541758,
      "risk_p99": 0.43235827287420925,
      "risk_max": 0.9214351794050474
    },
    {
      "year": "data_2021",
      "edge_count": 7647,
      "risk_mean": 0.01855894878864563,
      "risk_p95": 0.10153140798480992,
      "risk_p99": 0.4110209735470916,
      "risk_max": 0.8593459980775658
    }
  ]
}