beta,lambda_concentration,runs,pyvrp_cost_mean,pyvrp_cost_std,global_risk_mean,global_risk_std,global_cvar90_mean,global_cvar90_std,max_vehicle_risk_mean,max_vehicle_risk_std,max_vehicle_cvar90_mean,max_vehicle_cvar90_std,vehicle_risk_gini_mean,vehicle_risk_gini_std,risk_variance_mean,risk_variance_std,edge_burden_gini_used_mean,edge_burden_gini_used_std,top10_burden_share_mean,top10_burden_share_std,max_edge_burden_mean,max_edge_burden_std,cost_increase_pct,risk_reduction_pct
0.0,0.0,10,133997.6,0.6992058987801011,8.522295986037715,0.9150760570513736,0.2418839112980915,0.05584743343440786,2.464671665004789,0.3609655200494105,0.39172617845946833,0.09036488173307139,0.1441344957821856,0.051917795316450153,0.24590325410861444,0.17742151060211842,0.8384067350004003,0.009687943839380446,0.8689642541121984,0.01109206030850985,1.1290547847747803,0.38695344504375684,0.0,0.0
1.0,0.0,10,161137.6,248.51791797686448,3.5707766775780327,0.1696174997296165,0.08727552725271451,0.012171963639869582,1.2235600323416294,0.2058949883736697,0.14856055490495193,0.030706008263307178,0.2800179135074621,0.065652194378592,0.1383693641178763,0.06278360240096362,0.7326971766769389,0.008629392943856121,0.7246981793553761,0.012346073487531996,0.5091308951377869,0.0,0.20254094103177966,0.5810076670150034
