beta,lambda_concentration,runs,pyvrp_cost_mean,pyvrp_cost_std,global_risk_mean,global_risk_std,global_cvar90_mean,global_cvar90_std,max_vehicle_risk_mean,max_vehicle_risk_std,max_vehicle_cvar90_mean,max_vehicle_cvar90_std,vehicle_risk_gini_mean,vehicle_risk_gini_std,risk_variance_mean,risk_variance_std,edge_burden_gini_used_mean,edge_burden_gini_used_std,top10_burden_share_mean,top10_burden_share_std,max_edge_burden_mean,max_edge_burden_std,cost_increase_pct,risk_reduction_pct
0.0,0.0,10,133997.6,0.6992058987801011,6.9222933631716215,0.8060460981018583,0.1982479911463058,0.04597350544250899,2.08129220492692,0.39238494451576766,0.36147763581160264,0.08158371685830061,0.1728765029851917,0.06280912384302871,0.2266922893842521,0.18187138948415146,0.8466695136868406,0.009878462714482492,0.8714252179797445,0.01046130758803547,1.0655778916655332,0.34228325823482214,0.0,0.0
1.0,0.0,10,157166.4,331.3484905989799,2.645530270010409,0.23040459785643644,0.06634674115343966,0.008026216132563407,0.8970568538564315,0.10926668414277677,0.1052958302485639,0.015713456859954837,0.2487046481049112,0.07225373569693541,0.05938020143059031,0.023682406801141597,0.7170774692674761,0.018381098550160548,0.7099849114566676,0.02223002165214487,0.36610263709802193,0.031350170202994125,0.1729045893359283,0.6178245949404677
