beta,lambda_concentration,runs,pyvrp_cost_mean,pyvrp_cost_std,global_risk_mean,global_risk_std,global_cvar90_mean,global_cvar90_std,max_vehicle_risk_mean,max_vehicle_risk_std,max_vehicle_cvar90_mean,max_vehicle_cvar90_std,vehicle_risk_gini_mean,vehicle_risk_gini_std,risk_variance_mean,risk_variance_std,edge_burden_gini_used_mean,edge_burden_gini_used_std,top10_burden_share_mean,top10_burden_share_std,max_edge_burden_mean,max_edge_burden_std,cost_increase_pct,risk_reduction_pct
0.0,0.0,10,146730.9,582.7275807213293,8.724288257006265,0.5357221992638194,0.25926842295251207,0.03135806348385386,2.8120941780449358,0.2156451587877907,0.4120565855591779,0.07093628259798596,0.21069014236150996,0.030535263825116517,0.46657594808369574,0.14525980390871185,0.8447019448993036,0.005981951338554414,0.8721162770874982,0.009251869518747539,1.0248081982135773,0.3598817323856511,0.0,0.0
1.0,0.0,10,180103.9,398.4200602937112,4.386908777816279,0.27404200326073447,0.09179998110699539,0.01307994476978526,1.4578326438437217,0.12561521406146325,0.1669213687391242,0.015850642965995962,0.28586719211248013,0.04185790306960496,0.21009992594169907,0.05806880320375513,0.7732764266907731,0.008893818756605495,0.7668072761801328,0.01364987931690401,0.6990970969200134,0.0,0.22744357187204606,0.4971614132197253
