{
  "model": "gcn",
  "split": "B",
  "seed": 6,
  "epochs": 50,
  "risk_mode": "exposure_floor",
  "exposure_delta": 0.01,
  "experiment_tag": "10seed",
  "alpha_ord": 0.5,
  "alpha_hr": 1.0,
  "alpha_topk": 0.3,
  "metrics": {
    "data_2020_train": {
      "macro_f1": 0.6360768130626775,
      "weighted_f1": 0.7739427639387216,
      "mae": 0.8695098252986321,
      "qwk": 0.671201383870595,
      "recall_6_8": 0.725,
      "precision_6_8": 0.8055555555555556,
      "pr_auc_high": 0.8858898812763579,
      "high_fn_rate": 0.275
    },
    "data_2021_train": {
      "macro_f1": 0.79990988028583,
      "weighted_f1": 0.8612489869107917,
      "mae": 0.7358708362045688,
      "qwk": 0.8003174179152557,
      "recall_6_8": 0.88,
      "precision_6_8": 0.8461538461538461,
      "pr_auc_high": 0.9387518927507773,
      "high_fn_rate": 0.12
    },
    "data_2021_test": {
      "macro_f1": 0.3334759656427042,
      "weighted_f1": 0.6428182918116767,
      "mae": 1.2248280616295,
      "qwk": 0.3080471734938903,
      "recall_6_8": 0.2692307692307692,
      "precision_6_8": 0.4666666666666667,
      "pr_auc_high": 0.3733802313773792,
      "high_fn_rate": 0.7307692307692307
    }
  },
  "split_sizes": {
    "data_2020": {
      "train": 419,
      "val": 0,
      "test": 0
    },
    "data_2021": {
      "train": 221,
      "val": 0,
      "test": 222
    }
  },
  "risk_summaries": {
    "data_2020": {
      "edge_count": 6603,
      "risk_min": 4.070145465107089e-08,
      "risk_max": 0.8822535276412964,
      "risk_mean": 0.020340697839856148,
      "risk_p25": 0.0012567744124680758,
      "risk_p50": 0.002130781300365925,
      "risk_p75": 0.0036235135048627853,
      "risk_p90": 0.00849058572202921,
      "risk_p95": 0.12345506995916367,
      "risk_p99": 0.42877456545829773,
      "zero_risk_edge_count": 0,
      "zero_risk_edge_ratio": 0.0,
      "edge_attribute_zero_ratio": 0.928365894290474,
      "matrix_5x8": [
        [
          0,
          430,
          544,
          197,
          45,
          41,
          52,
          12
        ],
        [
          0,
          506,
          416,
          164,
          48,
          64,
          115,
          8
        ],
        [
          0,
          391,
          436,
          272,
          71,
          74,
          71,
          5
        ],
        [
          0,
          438,
          453,
          211,
          39,
          79,
          63,
          38
        ],
        [
          0,
          328,
          547,
          203,
          78,
          57,
          99,
          8
        ]
      ]
    },
    "data_2021": {
      "edge_count": 7647,
      "risk_min": 1.1137553457274407e-07,
      "risk_max": 0.8542657494544983,
      "risk_mean": 0.018267139792442322,
      "risk_p25": 0.0012522315373644233,
      "risk_p50": 0.0020961121190339327,
      "risk_p75": 0.00375978066585958,
      "risk_p90": 0.008289235644042492,
      "risk_p95": 0.09882278740406036,
      "risk_p99": 0.4198940694332123,
      "zero_risk_edge_count": 0,
      "zero_risk_edge_ratio": 0.0,
      "edge_attribute_zero_ratio": 0.9314763959722767,
      "matrix_5x8": [
        [
          0,
          538,
          611,
          238,
          77,
          16,
          48,
          2
        ],
        [
          0,
          587,
          455,
          203,
          140,
          35,
          108,
          1
        ],
        [
          0,
          475,
          546,
          230,
          105,
          69,
          103,
          2
        ],
        [
          0,
          482,
          490,
          220,
          129,
          77,
          122,
          9
        ],
        [
          0,
          413,
          607,
          224,
          94,
          70,
          119,
          2
        ]
      ]
    }
  }
}